code,name,status,total_return,trade_count,max_drawdown,sharpe_ratio,win_rate,error_msg
000026,飞亚达,成功,0.8170154201857099,22.31940221786499,0.39615314354842107,0.4048304135838234,,
000017,深中华A,成功,-0.5127217137138614,34.25923023223877,0.7573047181606796,-0.24434163202068385,,
000016,*ST康佳A,成功,-0.4812262318536051,26.517194747924805,0.5771393535483845,-0.3493075971152999,,
000011,深物业A,成功,-0.14471892975691153,28.699218332767487,0.5571312967190343,-0.07096924738381087,,
000028,国药一致,成功,0.6518050466485071,11.0,0.31390188816729325,0.4238903649256072,,
000008,神州高铁,成功,-0.6493518926333655,23.0,0.6844746259557875,-0.5711350793145438,,
000019,深粮控股,成功,-0.47326398958691285,18.0,0.5258596320883961,-0.4084713723825083,,
000007,全新好,成功,0.24215615863345824,25.0,0.36794711248846546,0.18384442082797814,,
000029,深深房Ａ,成功,-0.14358827189525153,31.0,0.6031456600293819,0.023007457682564528,,
000021,深科技,成功,0.20290974443989995,43.0,0.6162923464981908,0.19248029918186166,,
000009,中国宝安,成功,-0.502556458302597,34.95,0.7835232079058634,-0.35409905433160677,,
000002,万  科Ａ,成功,-0.5097228112001997,8.0,0.5272200685328995,-1.0477804401842659,,
000020,深华发Ａ,成功,2.7271246442539563,33.0,0.48841434064145545,0.7444607253475573,,
000006,深振业Ａ,成功,-0.37082865202440063,30.95,0.6934846919011941,-0.17846731559008466,,
000014,沙河股份,成功,0.15989204459594591,38.11672866344452,0.6681617179117283,0.17087007345560656,,
000001,平安银行,成功,-0.1514811040763864,10.0,0.4932143834451843,-0.1587359845844965,,
000025,特  力Ａ,成功,-0.39377165159072547,27.35738608837128,0.6552095918334019,-0.25551136521160417,,
000027,深圳能源,成功,0.09274600467466662,15.201232671737671,0.6202748187400531,0.08431630015317716,,
000012,南  玻Ａ,成功,-0.5107341692246408,25.0,0.7319152889048306,-0.4076599040410751,,
000010,*ST美丽,成功,-0.6283341717972005,37.79420939683914,0.6827272811896571,-0.4840272118599153,,
000030,富奥股份,成功,-0.02043985768398852,21.0,0.4736063158727657,0.019734830862420845,,
000031,大悦城,成功,-0.3141986345347996,18.1,0.5658416595313948,-0.2746275678107855,,
000032,深桑达Ａ,成功,-0.02382823534181385,31.541359138488772,0.43197420947063125,0.0898372032674579,,
000034,神州数码,成功,-0.4413339514779801,40.2791805267334,0.5320068411342008,-0.14657058577696522,,
000035,中国天楹,成功,-0.2737009281665605,22.0,0.4967330328148014,-0.11481640886406758,,
000037,深南电A,成功,0.488591198901663,35.5213006734848,0.4488927305035259,0.2923988356333173,,
000036,华联控股,成功,-0.5661753032997802,34.56100471019745,0.7739273742277497,-0.48011189893130674,,
000039,中集集团,成功,2.6225281831264287,28.0,0.3529611882758916,0.8387341563895566,,
000042,中洲控股,成功,-0.15876774097933216,21.232876539230347,0.48393882733087384,-0.04655458838845585,,
000045,深纺织Ａ,成功,0.09001600390629144,27.215772247314455,0.3698669409863302,0.12971683459584243,,
000048,京基智农,成功,-0.4088219722470583,18.03762251138687,0.6529501970661794,-0.2366402283362045,,
000049,德赛电池,成功,-0.7202234793028501,21.0,0.7632730987555716,-0.6188765990862781,,
000050,深天马Ａ,成功,-0.5135690422380936,17.0,0.6087235768906302,-0.5196555259600408,,
000055,方大集团,成功,-0.5782908194179709,14.945050239562988,0.6602212763832689,-0.5502793069510862,,
000056,*ST皇庭,成功,-0.5674682267098952,34.159483194351196,0.6444851074159675,-0.35800519368337125,,
000058,深 赛 格,成功,-0.36951607948226306,31.738644814491273,0.7185085495902218,-0.1617656467550881,,
000059,华锦股份,成功,0.24990429825937666,21.12924861907959,0.3739686477101461,0.19148963716961687,,
000060,中金岭南,成功,0.12620969056955625,24.0,0.4614115015484633,0.14108854460738526,,
000061,农 产 品,成功,-0.21330586961784676,19.696124136447906,0.5077743780486258,-0.11360316599532957,,
000062,深圳华强,成功,-0.575447657487106,31.327729678153993,0.654268303046388,-0.35422834355792227,,
000063,中兴通讯,成功,1.1935055608133567,19.0,0.3583268406738495,0.5451559173541805,,
000065,北方国际,成功,-0.5323330184450177,35.05,0.6023388395367597,-0.27336193143850085,,
000066,中国长城,成功,-0.6097605964306088,31.13445472717285,0.659282365124419,-0.4348914579350075,,
000068,华控赛格,成功,-0.4066842087925103,32.966461753845216,0.5212147405549675,-0.16735082107897226,,
000069,华侨城Ａ,成功,-0.4883011325577913,16.0,0.6600467516067426,-0.4946947846524635,,
000070,特发信息,成功,-0.3678341071786773,43.25598464012146,0.6965841427188968,-0.07399592055230803,,
000078,ST海王,成功,-0.29814166370341816,24.0,0.5941092127483236,-0.11450087556839832,,
000088,盐 田 港,成功,-0.554640742992844,17.75243365764618,0.7021416957813303,-0.737204180730966,,
000089,深圳机场,成功,-0.4986584383762023,12.0,0.6056630483377173,-0.7434900344331831,,
000090,天健集团,成功,-0.22803111061741102,22.0,0.39885757967970753,-0.22274043039814637,,
000096,广聚能源,成功,-0.5539509193283557,22.0,0.6704566134414678,-0.4342260421710588,,
000099,中信海直,成功,1.4038799825130683,25.0,0.38327169921725046,0.5571124575700066,,
000100,TCL科技,成功,0.10822372085660725,22.5,0.4795662346028547,0.1341157431547107,,
000151,中成股份,成功,-0.5796425880332639,31.15172827243805,0.7916758507283618,-0.33006995576328,,
000153,丰原药业,成功,-0.2909588590384137,28.191193222999573,0.5600248436224613,-0.1705325200780748,,
000155,川能动力,成功,0.19095040696425158,28.1,0.6213519123028012,0.1640339876283578,,
000156,华数传媒,成功,0.07277091422203011,20.101958513259888,0.3807004427385195,0.07201073316022587,,
000157,中联重科,成功,0.23366222203529324,16.14374120235443,0.36470050422720546,0.1659758938995352,,
000158,常山北明,成功,-0.6088653135197057,37.15193164348602,0.765003766915944,-0.31889047344926535,,
000159,国际实业,成功,-0.472093395407251,28.17409920692444,0.584187303177621,-0.22723484639297375,,
000166,申万宏源,成功,-0.29260412801209384,15.0,0.4588395120831307,-0.28585335323649497,,
000301,东方盛虹,成功,0.49327719662596675,27.445377826690674,0.7322824503439749,0.2922470276124934,,
000333,美的集团,成功,0.23558126019083778,9.0,0.3406981877144294,0.14567373093167377,,
000338,潍柴动力,成功,0.7484962179681038,24.049999999999997,0.3048224333727486,0.39228364241686886,,
000400,许继电气,成功,-0.5893755228217169,28.0,0.6852259165286702,-0.35999480786417354,,
000401,金隅冀东,成功,-0.6548065147641129,11.0,0.6734833475894338,-1.2512950295534164,,
000402,金 融 街,成功,-0.6721748577872536,22.238691568374634,0.6725551163618011,-0.7891346065498259,,
000403,派林生物,成功,-0.6201975606773898,10.0,0.6519434699650346,-0.5414593829489082,,
000404,长虹华意,成功,-0.17125588018397844,26.127118587493896,0.479686381913251,-0.012837805532905856,,
000407,胜利股份,成功,-0.2273179919776111,28.0,0.5824340059150886,-0.08091540540379592,,
000408,藏格矿业,成功,4.025256448606994,35.0,0.40656012409919895,0.9149789549255712,,
000409,云鼎科技,成功,-0.11999388615667471,38.247815704345705,0.4564736038633697,0.050934069027751994,,
000410,沈阳机床,成功,-0.1348079125480796,21.0,0.37585301855594233,-0.03547594031250765,,
000411,英特集团,成功,-0.24770491093753372,24.0,0.591088124882809,-0.08907564911469769,,
000415,渤海租赁,成功,-0.26593394142164134,24.5,0.519952913168418,-0.11420272211915969,,
000417,合百集团,成功,-0.5325365746474655,33.0,0.7017270045109423,-0.30801706890876657,,
000419,通程控股,成功,0.03782014941455476,21.1,0.39964143849148365,0.08888072020629144,,
000420,吉林化纤,成功,1.0718850671945876,39.0,0.4241914311912013,0.4528901013381457,,
000421,南京公用,成功,0.04638675038853049,29.440573835372927,0.606957386264353,0.11268055433016318,,
000422,湖北宜化,成功,2.078413573334591,39.05,0.5484402768235171,0.6480768033469956,,
000423,东阿阿胶,成功,0.26066917585297533,13.216008305549622,0.3587682109170821,0.1799923001336606,,
000425,徐工机械,成功,0.052506932328439435,20.0,0.4050726604700242,0.08761300373847739,,
000426,兴业银锡,成功,5.087696014364181,44.0,0.457981383372915,0.9217247582139473,,
000428,华天酒店,成功,0.05451969632181004,39.30145070552826,0.4562389555776859,0.12493060828085566,,
000429,粤高速Ａ,成功,0.4640976290881302,10.45,0.27067824202495283,0.2936764719404355,,
000430,张家界,成功,-0.20978085086985143,29.0,0.5399655734870489,-0.038395320514996584,,
000488,ST晨鸣,成功,-0.26082124419913394,17.0,0.6390110213493225,-0.1995813385931268,,
000498,山东路桥,成功,-0.5975460330181624,23.0,0.6653047465969917,-0.5822235381438827,,
000501,武商集团,成功,-0.2594192451609293,24.1,0.5518942489740959,-0.18365077085925552,,
000503,国新健康,成功,-0.45221721636900913,26.0,0.5597869232023985,-0.3583780753867635,,
000504,南华生物,成功,0.2986193968289117,26.181268525123595,0.5453526062205546,0.21170722500390118,,
000505,京粮控股,成功,-0.37178722792856517,27.0,0.63691436183069,-0.20151248485683107,,
000506,招金黄金,成功,2.233771904202519,51.0,0.49141714620736987,0.6308060216553172,,
000507,珠海港,成功,-0.4265215596751144,16.0,0.5826980921791386,-0.4259850076553358,,
000509,华塑控股,成功,1.8497119796355872,35.0,0.5140494437193436,0.6251289226001772,,
000510,新金路,成功,0.45763818031347475,42.40363812446594,0.5935918829643131,0.2901179875774289,,
000513,丽珠集团,成功,-0.4507976592487821,14.0,0.6239009577866179,-0.5258696879927637,,
000514,渝 开 发,成功,-0.6151624199736803,37.49506459236145,0.6529117114853835,-0.45254723637471633,,
000516,国际医学,成功,0.16627200167628065,26.422273755073547,0.5790166707068346,0.1457206078629741,,
000517,荣安地产,成功,-0.6816113289603251,27.0,0.7842541381938167,-0.6195529806604995,,
000518,四环生物,成功,-0.5878876749504723,28.5,0.7808590061296153,-0.4399916103608543,,
000519,中兵红箭,成功,-0.018960205736127247,31.0,0.4854977163999094,0.09559951741736147,,
000520,凤凰航运,成功,-0.760350927968764,28.0,0.7820887315341727,-0.7026460575898675,,
000521,长虹美菱,成功,0.757505734270202,32.0,0.4285586253102968,0.3777188340990471,,
000523,红棉股份,成功,-0.5292560370692909,27.0,0.6927992810634873,-0.3992232375073662,,
000524,岭南控股,成功,-0.017376392414838775,38.71313118934631,0.4884348860800962,0.06804954623174021,,
000525,红太阳,成功,-0.26593580510345755,30.0,0.6282057397391986,-0.11658385252898372,,
000526,学大教育,成功,-0.4965936013326564,14.0,0.5333473835218417,-0.4603405121070761,,
000528,柳    工,成功,-0.3124430468587675,15.926425039768219,0.5293343139318715,-0.22662582275720883,,
000529,广弘控股,成功,-0.5902818959184676,18.898842930793762,0.7008548568390888,-0.5144848561520584,,
000530,冰山冷热,成功,-0.22307236212149742,37.0,0.42834091176683087,-0.007427345739226962,,
000531,穗恒运Ａ,成功,-0.5055946531719039,21.0,0.6810140949961936,-0.3601732429690934,,
000532,华金资本,成功,-0.3650536468904474,26.95,0.6697266128445558,-0.139980542934717,,
000533,顺钠股份,成功,0.8926972695642658,44.73992500305176,0.40614563341342724,0.40505628444153796,,
000534,万泽股份,成功,1.6659452784351039,33.20927333831787,0.4944449563653981,0.5698038087788815,,
000536,华映科技,成功,0.24824588432279532,41.29507658481598,0.45518645857081286,0.21182944725196173,,
000537,绿发电力,成功,-0.31537083751379613,18.803083753585817,0.6116234102572978,-0.2151390253414756,,
000538,云南白药,成功,-0.011645734505236033,8.95,0.4756036676473963,-0.04165080443844546,,
000539,粤电力Ａ,成功,-0.04417490272460651,35.0,0.5281759221119713,0.07936967263371468,,
000541,佛山照明,成功,-0.15434248912615686,20.0,0.3729171896062644,-0.08155816656048048,,
000543,皖能电力,成功,0.6333728179850331,24.0,0.3935850290336487,0.3394429123465406,,
000544,中原环保,成功,-0.44250735129642293,11.95,0.5541954625517493,-0.3910684796541157,,
000545,金浦钛业,成功,0.3530742626432114,42.56086919307709,0.5981932166686342,0.25009934781922866,,
000546,金圆股份,成功,-0.3232983436548918,31.0,0.46685967752220314,-0.07044642114989043,,
000547,航天发展,成功,0.2512212326917358,33.9439782500267,0.5871117327036124,0.19285380390726647,,
000548,湖南投资,成功,0.18445620835000037,23.1,0.41149002894219205,0.14216416657088263,,
000550,江铃汽车,成功,-0.17676624369075203,34.53147432804108,0.509554512720248,-0.025928891037762806,,
000551,创元科技,成功,-0.6387120898996987,31.0,0.7903942678439263,-0.4821207548955024,,
000552,甘肃能化,成功,-0.5283792959613104,23.5,0.6303525434055705,-0.40898499114887976,,
000553,安道麦A,成功,-0.42582754698767666,19.1,0.5913929669673295,-0.35623810373564874,,
000554,泰山石油,成功,0.08730651544520035,23.33847987651825,0.399214613197441,0.12446165861113417,,
000555,神州信息,成功,0.21267641082134434,25.1,0.4331179578994151,0.1788679555967177,,
000557,西部创业,成功,-0.31772973785643394,23.257692456245422,0.5750498691416822,-0.16336652975854593,,
000558,天府文旅,成功,0.11235576269236451,35.25533604621887,0.7737867117875008,0.13878290119662073,,
000559,万向钱潮,成功,0.25271406439249855,27.0,0.40799187507937656,0.2031073272707583,,
000560,我爱我家,成功,-0.411827752237674,30.0,0.6543182873913721,-0.12853188645194893,,
000561,烽火电子,成功,-0.14130374540407312,28.0,0.6054580668593026,0.005207041428247947,,
000563,陕国投Ａ,成功,-0.6053346806911191,14.0,0.6298650008255938,-0.6483606260857593,,
000564,供销大集,成功,0.4004723863785877,43.97720602750778,0.598043449711703,0.2695973440568399,,
000565,渝三峡Ａ,成功,-0.4958558650523332,30.0,0.6807878900905974,-0.3105343050517911,,
000566,海南海药,成功,-0.20589576695507145,32.24653196334839,0.4793278670921499,-0.019343343578727697,,
000567,海德股份,成功,-0.6420844402367366,28.0,0.7432106164223772,-0.40974989520499655,,
000568,泸州老窖,成功,0.27210103485576315,25.31267499923706,0.6145863700267289,0.19592890601650648,,
000570,苏常柴Ａ,成功,0.39805616164649776,18.95,0.4753478438371939,0.26187774668054054,,
000571,新大洲A,成功,0.2651927760284512,35.5,0.5525898877285431,0.21676018724666926,,
000572,海马汽车,成功,0.6950220946401849,41.0,0.6580999056053011,0.3564594739394957,,
000573,粤宏远Ａ,成功,-0.41603135737744373,40.98950061798096,0.7377084032489639,-0.161737546727992,,
000576,甘化科工,成功,0.12816801922954196,29.2,0.5083546856250069,0.13480186934451996,,
000581,威孚高科,成功,-0.0278500922976392,16.95,0.5029277960381019,0.010383073085312496,,
000582,北部湾港,成功,-0.444263843366802,20.941825222969054,0.6811251133378197,-0.33726945009459197,,
000586,汇源通信,成功,1.159437747675334,34.731863498687744,0.36717832067203254,0.47532923348682066,,
000589,贵州轮胎,成功,-0.09878632512409852,19.0,0.5399547668161582,-0.054059618521988664,,
000590,古汉医药,成功,-0.5302536077261526,30.0,0.6815835939273193,-0.3683164896688857,,
000591,太阳能,成功,0.10058355046320518,27.13808298110962,0.5319049286073516,0.13318023208659685,,
000592,平潭发展,成功,1.1705514025972183,49.27256441116333,0.7618988800112777,0.45918124027663637,,
000593,德龙汇能,成功,2.1731777946022137,38.84131944179535,0.4641678484937716,0.6550343254832326,,
000595,新能股份,成功,1.06081697598202,43.45421648025513,0.7678042090685362,0.4040004187931505,,
000596,古井贡酒,成功,-0.36652186170670115,28.05,0.7402454883716661,-0.2361208569450354,,
000597,东北制药,成功,-0.4410916259234626,19.592162942886354,0.4410916259234626,-0.3068330921989225,,
000598,兴蓉环境,成功,0.3218966530335872,7.45,0.32533524482604387,0.20959013763315482,,
000599,青岛双星,成功,-0.4429081159399937,26.1,0.6545043215291175,-0.25684542085766626,,
000600,建投能源,成功,0.6152831364683032,28.0,0.473379789036073,0.33196292348719897,,
000601,韶能股份,成功,0.5215109630552865,36.76111397743225,0.5432579735410396,0.30189196350064956,,
000603,盛达资源,成功,-0.6702773684638279,36.20553660392761,0.8273032111934447,-0.46453757707445104,,
000605,渤海股份,成功,-0.3329349280081804,29.530276274681093,0.544892660134381,-0.1604356907108322,,
000607,华媒控股,成功,-0.5601383523997062,31.16696059703827,0.6563427137080902,-0.3419332307583224,,
000608,阳光股份,成功,0.055538833554045854,37.55323238372803,0.7106972589749949,0.12218586363696272,,
000609,*ST中迪,成功,0.9193259678219788,39.518521189689636,0.5002664451889134,0.4168186496792497,,
000610,*ST西旅,成功,-0.020455109264779166,31.1,0.661288147995244,0.09871792239244637,,
000612,焦作万方,成功,0.12847127303651024,42.0,0.6218443268168505,0.1763021994946027,,
000615,*ST美谷,成功,1.5897254947438393,29.48221468925476,0.3863335499771753,0.5617486167869936,,
000617,中油资本,成功,-0.7304399828607078,29.419308280944826,0.7691784221976904,-0.6269169351277077,,
000619,海螺新材,成功,0.7537197450266188,26.29044783115387,0.48947757698028177,0.3751799930742956,,
000620,盈新发展,成功,-0.6219578779882562,50.98589277267456,0.7111783893113703,-0.28571891998385013,,
000623,吉林敖东,成功,-0.15701742183716488,8.0,0.38780644558434196,-0.2010200884070676,,
000625,长安汽车,成功,-0.1255671729463707,33.26091110706329,0.6716947673866226,0.04018996262167843,,
000626,远大控股,成功,-0.007918156046502263,25.0,0.5307775039767122,0.03990137478027165,,
000628,高新发展,成功,-0.07372187758455678,37.3,0.5024678817522142,0.07569039287599136,,
000629,钒钛股份,成功,0.3433313223844755,33.54087841510773,0.4070547002076919,0.24329038139002027,,
000630,铜陵有色,成功,0.757573786146463,34.0,0.45564103660815347,0.37814419438259256,,
000631,顺发恒能,成功,-0.18579837593379517,28.038289761543275,0.4901198498471876,-0.0851706053189093,,
000632,ST三木,成功,-0.01855205544063967,32.72815749645233,0.44357306559595266,0.07606167963712608,,
000633,合金投资,成功,0.438820635977037,37.88314349651337,0.4033448035985791,0.2762659308784983,,
000635,英 力 特,成功,0.2181399928928139,24.113459706306458,0.6046776548759205,0.19010780015738324,,
000636,风华高科,成功,0.42397323388392627,28.104720103740693,0.5656169586204,0.26444420638838795,,
000637,茂化实华,成功,0.6859671665387546,30.1,0.4047987570113052,0.358043621053249,,
000639,ST西王,成功,-0.8220780587483336,24.1,0.8487542236189599,-0.9767539657740583,,
000650,仁和药业,成功,-0.08835092457863546,16.0,0.5559714446606142,-0.0037390531800586997,,
000651,格力电器,成功,0.07906063050753583,7.0,0.21635352561137777,-0.005045365578864448,,
000652,泰达股份,成功,-0.5881246312074336,16.0,0.6370940532901989,-0.6967574730497502,,
000655,金岭矿业,成功,-0.15120676378400968,32.0,0.6497562045547807,-0.0054490787696173165,,
000656,金科股份,成功,-0.4841701432945862,18.0,0.5855349582131639,-0.39256780570693867,,
000657,中钨高新,成功,7.335489780404139,44.0,0.3137751624873563,1.1076078319153226,,
000659,珠海中富,成功,-0.026306203744673403,35.0,0.5584009591115393,0.08778417977473951,,
000661,长春高新,成功,-0.824991439280689,16.95,0.8428681215215995,-0.8707726732735969,,
000663,永安林业,成功,-0.14593146972055737,20.19005858898163,0.552638718178228,-0.06813293209593337,,
000665,湖北广电,成功,-0.5923266160747992,35.1,0.669827116596733,-0.3201389887868949,,
000668,荣丰控股,成功,0.7816938795837469,30.78415584564209,0.7035309556135331,0.36814329614561,,
000669,ST金鸿,成功,0.6652022118634165,35.0,0.503697308850109,0.3512003568774514,,
000670,盈方微,成功,-0.3127857443171712,25.0,0.4142759054743927,-0.17708997517374087,,
000672,上峰材料,成功,0.3715677437827268,18.0,0.4051537458664581,0.24038767408829287,,
000676,智度股份,成功,-0.7394544503583761,36.202983593940736,0.8032943146377726,-0.5285968055094473,,
000677,ST海龙,成功,-0.17221119477486602,24.20125231742859,0.6418255479473891,-0.013597973485221295,,
000678,襄阳轴承,成功,-0.2794276393781534,37.0,0.6395341785554106,-0.05539243727935177,,
000679,大连友谊,成功,1.1599417294383567,39.204835867881776,0.5117181979609913,0.4632684073822541,,
000680,山推股份,成功,-0.06704223247352507,24.88692319393158,0.37221306813837834,0.07651835158630885,,
000681,视觉中国,成功,-0.25649542292548505,30.268957257270813,0.5686489652161718,-0.03267311734234015,,
000682,东方电子,成功,0.45780752385318163,20.40603470802307,0.393437523019775,0.27732087314270976,,
000685,中山公用,成功,0.041488306673112235,10.0,0.3268928837528165,0.024547534820120825,,
000683,博源化工,成功,1.5913733930333231,33.0,0.4182195835357597,0.5525860588082697,,
000686,东北证券,成功,-0.45832649892402294,19.0,0.6080532117138374,-0.4288982332946946,,
000688,国城矿业,成功,2.4002294602101117,42.47075302600861,0.5282925178604302,0.6780930506411152,,
000691,亚太实业,成功,-0.32037360240202367,44.367349445819855,0.7049395168842858,-0.08693695964353951,,
000690,宝新能源,成功,-0.5204735322676822,22.0,0.6241178504739018,-0.4517003339205155,,
000692,惠天热电,成功,0.8427288827834639,41.281023025512695,0.3571042575381153,0.3975361128831675,,
000695,滨海能源,成功,0.6219784429520817,34.619896388053895,0.4523143790656163,0.33684126749068655,,
000697,炼石航空,成功,-0.427524437278181,33.33592474460602,0.6847533127535053,-0.21316458379177777,,
000698,ST沈化,成功,-0.1433016670163712,22.73002588748932,0.3666702492668959,-0.010450661968576065,,
000700,模塑科技,成功,-0.5653004994566826,46.0,0.7154622036689247,-0.2597926864749592,,
000701,厦门信达,成功,-0.42477934346781787,37.48927593231201,0.7812317581275573,-0.15846129455308391,,
000702,正虹科技,成功,-0.42254422914801765,29.144402146339417,0.617844601651871,-0.23708113155680732,,
000703,恒逸石化,成功,0.3678825264616645,28.326033997535706,0.6879254126847263,0.23662337550177012,,
000705,浙江震元,成功,0.056777545398585205,24.1,0.42439705119065596,0.07886286594215482,,
000707,双环科技,成功,0.4605026898361108,27.0,0.706569063823754,0.279467324522492,,
000708,中信特钢,成功,-0.40708396078485215,19.0,0.7079676061181693,-0.40187195223947525,,
000709,河钢股份,成功,-0.28322105765431593,20.0,0.5547759644340838,-0.21931870114939275,,
000710,贝瑞基因,成功,0.1326781124105169,27.1,0.47172307819836445,0.11918285374161271,,
000711,ST京蓝,成功,-0.323980075620321,29.6,0.6597465474015735,-0.1362007683473032,,
000713,国投丰乐,成功,-0.3655105896587403,23.142110586166382,0.5920782388316478,-0.26681235769992606,,
000712,锦龙股份,成功,-0.7194757133580869,24.125893354415894,0.82411196371987,-0.6394585974110681,,
000715,中兴商业,成功,-0.027297232273650152,34.0,0.5251253226239226,0.08280592861434917,,
000716,黑芝麻,成功,-0.642011271852579,31.273999428749086,0.6941903407568748,-0.4160118711311047,,
000717,中南股份,成功,-0.6182371672943271,26.13565957546234,0.7105075737506878,-0.5378923540729583,,
000718,苏宁环球,成功,-0.4319120567888073,26.95,0.6358529369531972,-0.29724489231032664,,
000719,中原传媒,成功,0.11507714823658782,27.0,0.4402372713780642,0.13231135549989645,,
000720,新能泰山,成功,-0.682920081838589,33.110682129859924,0.6870963705327828,-0.6558711241244387,,
000721,西安饮食,成功,0.1446971546239723,36.864766812324525,0.5916855326494639,0.17366861779858697,,
000722,湖南发展,成功,0.05429996367467305,37.757931363582614,0.5947637092803866,0.1513644428260769,,
000723,美锦能源,成功,-0.5044219024949811,28.0,0.6126094852979324,-0.31437185140256696,,
000725,京东方Ａ,成功,0.5506016682124647,18.104763388633728,0.4146814095947726,0.31486831924961745,,
000726,鲁  泰Ａ,成功,-0.4001653776483389,12.0,0.44477256630196477,-0.4765354319470525,,
000727,冠捷科技,成功,-0.26066197011148046,30.0,0.5590464334550592,-0.08716705063848595,,
000728,国元证券,成功,-0.6496258815178083,18.0,0.6836254532670577,-0.7692874858613943,,
000729,燕京啤酒,成功,0.16222291315229304,18.0,0.37583196627986326,0.14199849697033737,,
000731,四川美丰,成功,0.018022605843597557,28.9289413690567,0.5295995526043927,0.059798547457656,,
000735,罗 牛 山,成功,-0.31212954090201617,21.19414234161377,0.5205674845636813,-0.23854404472951554,,
000733,振华科技,成功,1.0386791439270386,21.0,0.47263324655491784,0.4515454570190657,,
000736,中交发展,成功,-0.6637315133933758,34.51233458518982,0.7189798850451871,-0.4996312181752042,,
000737,北方铜业,成功,1.6202856912259813,40.20531306266785,0.48421751924619594,0.556129278319761,,
000738,航发控制,成功,-0.13170510246136705,23.05,0.48968189278119767,-0.014900780111585504,,
000739,普洛药业,成功,0.26130456008406616,22.05,0.4347798921334477,0.18548544738298825,,
000750,国海证券,成功,-0.11207023959977334,19.32485604286194,0.46378829816256734,-0.0735145525766031,,
000751,锌业股份,成功,-0.2827874233224332,35.0,0.7169896512491034,-0.049462901611006735,,
000752,*ST西发,成功,-0.1388527412946336,41.0,0.5968666742757754,0.0031714784320149353,,
000753,漳州发展,成功,-0.02394592252452494,32.2,0.4578798389564889,0.08259129276373596,,
000755,山西高速,成功,-0.21113188165624816,25.60934555530548,0.47088856790992917,-0.06909000777278143,,
000756,新华制药,成功,-0.428611705034758,24.608432412147522,0.6152757897350764,-0.19790613774190577,,
000757,浩物股份,成功,-0.2451862456344033,28.644795536994934,0.6325534692870246,-0.0650912228822757,,
000758,中色股份,成功,-0.3095158461738145,30.102244019508362,0.7037785890877367,-0.08635050485273092,,
000759,中百集团,成功,-0.39487418130354957,23.900326251983643,0.6163182000846591,-0.2516038105743692,,
000761,本钢板材,成功,0.09999489668018825,20.0,0.48993028560239904,0.10705579772940192,,
000762,西藏矿业,成功,0.066000448138668,38.1,0.7889217767830004,0.14071453173757528,,
000766,通化金马,成功,2.6999949178396334,36.0,0.49151695681235263,0.710664133280745,,
000767,晋控电力,成功,0.014065180223300704,36.13253629207611,0.6833914919300477,0.10555016176116455,,
000768,中航西飞,成功,-0.5092576574510151,18.0,0.7118622626924049,-0.43441216693825774,,
000776,广发证券,成功,-0.08828616208072737,17.5,0.32066734579141637,-0.03465793791341027,,
000777,中核科技,成功,-0.017868756271018648,29.68067011833191,0.5617247502073615,0.08052886618563489,,
000778,新兴铸管,成功,-0.317770539682956,15.0,0.5935464379324644,-0.24465341594630943,,
000779,甘咨询,成功,-0.6762639532161442,23.394117832183838,0.7280917092758824,-0.5572502564187796,,
000782,恒申新材,成功,-0.17416363686601763,24.1,0.6268895026917383,-0.03453574389407509,,
000783,长江证券,成功,-0.4306453778387774,17.6,0.5865934175309512,-0.39585414970347943,,
000785,居然智家,成功,-0.49670854658400987,22.0,0.6282411956850756,-0.535601425506481,,
000788,北大医药,成功,-0.10077049968352701,22.362186789512634,0.3946088831903576,-0.026384922550812612,,
000786,北新建材,成功,-0.45475527345901734,13.0,0.4752201142715873,-0.5316839387448898,,
000789,万年青,成功,-0.2879177852231018,18.04878900051117,0.5347425265385173,-0.30067738782918424,,
000790,华神科技,成功,-0.36070618686407996,21.0,0.565875264315072,-0.22312662376408157,,
000792,盐湖股份,成功,-0.10784816693618064,20.95,0.42520000559298654,-0.044247805871810944,,
000791,甘肃能源,成功,0.02108766947164244,28.0,0.443388981626909,0.10354363167159508,,
000793,*ST华闻,成功,-0.6490808513902545,27.0,0.7995469447954563,-0.42865139394890917,,
000795,英洛华,成功,-0.5769046296505961,39.20755836963654,0.7289478895745589,-0.3760615519600235,,
000796,凯撒旅业,成功,-0.17946613863124627,34.35918587446213,0.7029928599208497,0.012154631423656179,,
000797,中国武夷,成功,-0.7220000802933455,35.35506637096405,0.8372198471626969,-0.6640082358689094,,
000798,中水渔业,成功,1.16888233911072,27.958429384231568,0.37337967170963676,0.4700063428241595,,
000799,酒鬼酒,成功,0.7640936638379906,25.14685320854187,0.557765448932964,0.38877316089130987,,
000800,一汽解放,成功,-0.5830635774138768,14.0,0.7000859811485022,-0.723048129733032,,
000801,四川九洲,成功,-0.3642389544168888,32.92459952831268,0.6073930665354729,-0.13282481433450607,,
000802,北京文化,成功,-0.3131182396138619,25.36461877822876,0.5130577934635543,-0.108609629654868,,
000803,山高环能,成功,1.9637884423324292,28.553667902946472,0.49688185763839754,0.6513388034119163,,
000807,云铝股份,成功,8.469719891742004,44.449132680892944,0.4479467981952518,1.1221093280808632,,
000809,和展能源,成功,0.2964951426125644,33.0,0.4978946586741866,0.21558889816430146,,
000810,创维数字,成功,-0.59882873664619,37.315089917182924,0.663950246143224,-0.2768410012393582,,
000811,冰轮环境,成功,1.8071124819550495,41.0,0.5380001179561894,0.5880275292861245,,
000812,陕西金叶,成功,-0.1891750348896644,31.052075958251955,0.6405453404959188,-0.031300700293369114,,
000813,德展健康,成功,-0.6168377039277114,27.242413640022278,0.6743638646787496,-0.5698727508492184,,
000815,美利云,成功,-0.06381551102086407,41.518123269081116,0.5034865490798153,0.11724815035567583,,
000816,智慧农业,成功,0.04517337044746877,37.938639640808105,0.6413977637179188,0.11717090285613496,,
000818,航锦科技,成功,-0.5319797811787893,22.23358714580536,0.6570489795662013,-0.3725242700854688,,
000819,岳阳兴长,成功,-0.08952763601235493,25.0,0.5495339481459078,0.030467098124007882,,
000820,*ST节能,成功,0.4548576798403353,43.1,0.45409315681573664,0.2894017940562132,,
000821,ST京机,成功,-0.17086081878709533,36.52497265338898,0.5522702669595189,-0.004461759748138682,,
000822,山东海化,成功,-0.5300041625919484,33.0,0.7790024501715817,-0.28407466049287255,,
000823,超声电子,成功,0.6236779120748819,28.0,0.5778495592642813,0.3375194276891928,,
000825,太钢不锈,成功,0.23123327497234045,20.0,0.6689225426508575,0.18085551252671483,,
000826,*ST启环,成功,-0.5259865314070562,20.1,0.6122411169439345,-0.4508834594956589,,
000828,东莞控股,成功,-0.5012960189356329,16.34720034599304,0.6405487646615238,-0.4845976494868603,,
000829,天音控股,成功,0.7001386595922071,34.42835092544556,0.5988052467776527,0.3577163687127388,,
000830,鲁西化工,成功,0.671551582608017,28.0,0.5042036030022718,0.35334528420536354,,
000831,中国稀土,成功,1.446616558852676,37.0,0.5336849137486056,0.5316799959325423,,
000833,粤桂股份,成功,1.1930569003431564,37.1,0.5638508186504758,0.4649845004828079,,
000837,秦川机床,成功,-0.10808638941964105,35.22567963600159,0.6339591627191361,0.044811783360906424,,
000838,*ST发展,成功,0.41452852183114797,31.0,0.45552342233822074,0.26275502142566143,,
000839,国安股份,成功,-0.5200134432700031,36.177767515182495,0.6588149465094081,-0.35282410061596986,,
000848,承德露露,成功,-0.29880730221302787,24.0,0.44337139994096064,-0.19351945561124476,,
000850,华茂股份,成功,-0.5922036795768661,17.0,0.6837915753930017,-0.47847059924550633,,
000852,石化机械,成功,0.4258428661063357,32.216540575027466,0.34335588753907464,0.2644414593612265,,
000856,冀东装备,成功,-0.6110412019647993,34.28666114807129,0.7843441210988706,-0.3600460045376357,,
000858,五 粮 液,成功,-0.010463018984959053,15.95,0.5619887594133376,-0.028630346985742006,,
000859,国风新材,成功,-0.14878900971013093,37.98494713306427,0.663272534551243,0.026179998671191435,,
000860,顺鑫农业,成功,-0.34273022275781057,7.0,0.4552401483894897,-0.40849269863850785,,
000862,银星能源,成功,1.0190995520487862,30.308510875701906,0.49447052124060686,0.4376584588858658,,
000863,三湘印象,成功,-0.7516587484506025,40.1,0.8128384382868354,-0.6178795029234856,,
000868,安凯客车,成功,0.13307728166747634,33.17790448665619,0.3607877620834824,0.16682925465734427,,
000869,张  裕Ａ,成功,-0.33107080749198214,14.95,0.5421834491304144,-0.39973566179399017,,
000875,电投绿能,成功,1.1368838377628192,30.925162732601166,0.4194631434659051,0.47977105121068325,,
000876,新 希 望,成功,-0.649071314672487,14.0,0.7513159074139619,-1.178326995964593,,
000877,天山股份,成功,-0.5951749998368742,18.1,0.7368437900519439,-0.7023954433507257,,
000878,云南铜业,成功,0.10632608846090603,27.0,0.44794829071067505,0.12740537075743444,,
000880,潍柴重机,成功,-0.18007303444850245,30.47790207862854,0.6876931452978565,0.02519767413226987,,
000881,中广核技,成功,-0.6114767736140284,30.0,0.757415017842833,-0.5086984307032232,,
000882,华联股份,成功,-0.5040927346479308,23.0,0.5798113823066288,-0.3335776223094998,,
000883,湖北能源,成功,-0.36647337313045025,16.95,0.6510810714222729,-0.28880679519835356,,
000885,城发环境,成功,-0.4600757123601563,14.0,0.5850145117761288,-0.39323270262132176,,
000886,海南高速,成功,0.09060366417868805,33.754974007606506,0.6547968155460736,0.11753670684713084,,
000887,中鼎股份,成功,0.3057109777512026,34.0,0.592154734318945,0.2228949162297546,,
000888,峨眉山Ａ,成功,-0.327509973067822,29.1,0.4248001059871144,-0.13621618348088013,,
000889,中嘉博创,成功,0.3889872634884418,31.0,0.5004537674717472,0.25695369418586395,,
000890,法尔胜,成功,-0.3374437753350988,43.1,0.7479474102779669,-0.11554210999094157,,
000892,欢瑞世纪,成功,0.49449210455265624,41.834061241149904,0.5780241824414947,0.30193469294137115,,
000893,亚钾国际,成功,2.1787268122886347,31.1,0.44865270356346615,0.6644670106604205,,
000895,双汇发展,成功,-0.21433994635565526,6.0,0.4273937822369204,-0.35802249392852836,,
000897,津滨发展,成功,-0.37594311434494365,26.0,0.6934978982429998,-0.23466526629653475,,
000898,鞍钢股份,成功,-0.14720284557865146,21.0,0.645650688938174,-0.0711461597404951,,
000899,赣能股份,成功,-0.4417017294306724,29.360472202301025,0.6348008540571292,-0.15198202515854706,,
000900,现代投资,成功,-0.19864325967775512,6.0,0.3598087342608419,-0.18695870939485762,,
000901,航天科技,成功,-0.06468526790868011,29.1,0.6677748449332064,0.08918287197457932,,
000902,新洋丰,成功,-0.20866810919611248,23.009717202186586,0.7143936987380954,-0.08167657829494182,,
000903,ST云动,成功,-0.7833289649251275,33.76938462257385,0.8342710896716058,-0.8140749338978231,,
000905,厦门港务,成功,0.1638135818446691,21.0,0.42152465737980316,0.1500472702858159,,
000906,浙商中拓,成功,-0.4793170803198314,18.0,0.7966677303348746,-0.38461201862780303,,
000908,石药景峰,成功,0.20503226510167472,40.16929364204407,0.4562940317355202,0.18386495036047087,,
000909,*ST数源,成功,-0.4799165140012104,29.0,0.5496129329299411,-0.33540092112821346,,
000910,大亚圣象,成功,-0.16397004171657753,11.0,0.4907366654216047,-0.12989585681915347,,
000911,*ST广糖,成功,-0.15735695130388033,28.0,0.6515722765453877,-0.01558972081197204,,
000912,泸天化,成功,-0.4251161570998506,29.0,0.5956687907905548,-0.2464020482579378,,
000913,钱江摩托,成功,1.1674454698752736,27.1,0.39814633184211684,0.5099110059314484,,
000915,华特达因,成功,-0.2812022652313192,14.0,0.4332083145663804,-0.1801582425506837,,
000917,电广传媒,成功,-0.3360156349424181,30.150814056396484,0.6071051230510212,-0.16130920878647034,,
000919,金陵药业,成功,-0.2709166787044151,20.0,0.5030615951297891,-0.14738375820971827,,
000920,沃顿科技,成功,0.13516127817727525,34.73745501041412,0.6226594554479167,0.15242217481288656,,
000921,海信家电,成功,-0.1297630025577999,22.549999999999997,0.5339748763697775,-0.021995840898404957,,
000922,佳电股份,成功,0.48905269681060515,27.1,0.4557914593162721,0.29328853479435124,,
000923,河钢资源,成功,-0.12329203480439507,30.1,0.49460706363343676,-0.008958537146890514,,
000925,众合科技,成功,0.058293373721527895,36.0,0.41092285483532454,0.12980046454241126,,
000926,福星股份,成功,-0.7578628712623645,25.53459870815277,0.7827191374042408,-1.0062944905967761,,
000927,中国铁物,成功,-0.48579369144385137,15.0,0.6585462870873164,-0.45171073703023484,,
000928,中钢国际,成功,1.2582891432888337,19.0,0.4514266566190349,0.5108069314794007,,
000929,兰州黄河,成功,0.3045417547629024,32.895738458633424,0.545571836539177,0.22461458862257247,,
000930,中粮科技,成功,-0.3155052055169946,17.0,0.5166506017652887,-0.21362414265781554,,
000931,中 关 村,成功,-0.6967902740185539,22.602918839454652,0.7596614562322724,-0.8879382800376111,,
000932,华菱钢铁,成功,0.09472580009431607,22.0,0.45994352686785644,0.11358744788712422,,
000933,神火股份,成功,4.829879203201523,42.0,0.4376168568778825,0.8623493184116079,,
000935,四川双马,成功,0.24506246731136677,28.45,0.49755472119883903,0.19665511760249402,,
000936,华西股份,成功,-0.6778941390761996,33.0,0.7012065302409358,-0.5139474553372171,,
000937,冀中能源,成功,-0.03235644065317974,25.407755732536316,0.5822496083590114,0.05868462852918339,,
000938,紫光股份,成功,-0.27568942343284186,31.0,0.6639268936999722,-0.061754926640781166,,
000948,南天信息,成功,-0.12531374687764038,35.534321784973145,0.4613540440596662,0.037078550237828606,,
000949,新乡化纤,成功,0.2667751763282187,27.0,0.5863973398824963,0.21665430112413486,,
000950,重药控股,成功,-0.3385730656057099,23.5,0.4841955702280466,-0.23409187429493647,,
000951,中国重汽,成功,-0.48362745737301344,23.675024390220642,0.6504616619034133,-0.36628135490473734,,
000952,广济药业,成功,-0.6173889468993649,16.212942481040955,0.7073721897787599,-0.5367171564106603,,
000953,中哲精化,成功,0.16690570199543275,36.43906207084656,0.6505925255576992,0.17925707333847316,,
000955,欣龙控股,成功,-0.2664536824106869,23.0,0.6230748744896599,-0.09732301899443288,,
000957,中通客车,成功,0.6205807384098802,25.260144329071046,0.5460499838421515,0.29731878060897743,,
000958,电投产融,成功,-0.7227514886860387,22.0,0.790886804471592,-0.7204949470405131,,
000959,首钢股份,成功,0.5149683157435653,25.0,0.6001136594872815,0.30263036974195595,,
000960,锡业股份,成功,0.7260550803870408,39.1,0.6469367687095285,0.3676903800557332,,
000962,东方钽业,成功,3.0205898292064703,47.0,0.4452021445001589,0.721820843895556,,
000963,华东医药,成功,-0.33706910243770616,15.95,0.6642577434599474,-0.20850890577135747,,
000965,天保基建,成功,-0.355355426609315,27.2,0.6572955057867904,-0.18069317818859185,,
000966,长源电力,成功,-0.43174034594512734,18.14657497406006,0.6527843727776409,-0.2683659798922606,,
000967,盈峰环境,成功,0.921224238546355,18.95,0.4822198815275785,0.4460697305716885,,
000968,蓝焰控股,成功,-0.1818961684418599,26.247239112854004,0.5359817538832674,-0.03760546485436567,,
000969,安泰科技,成功,0.3406159588889385,31.0,0.478476185570576,0.24209619859707987,,
000970,中科三环,成功,0.15654901526798887,29.0,0.4539186760322577,0.15016484619870477,,
000972,中基健康,成功,-0.23993492294794166,23.0,0.4129533036716928,-0.09589481694795592,,
000973,佛塑科技,成功,0.8992370606810995,30.0,0.41390085793057874,0.4121626888950113,,
000975,山金国际,成功,-0.2802500607450075,26.0,0.5705443964876485,-0.06021546353993583,,
000977,浪潮信息,成功,0.057525440682304904,31.202994990348817,0.3774453546544467,0.12044068489513785,,
000978,桂林旅游,成功,-0.20986971367697158,28.0,0.5344546835774803,-0.02211710109848216,,
000980,众泰汽车,成功,-0.39100119324652516,49.0,0.8155914441401296,-0.09064450570753037,,
000981,山子高科,成功,-0.2865480866524145,44.0,0.7751761493989834,0.04159971686016446,,
000983,山西焦煤,成功,-0.5118044992678,37.1,0.6656498514173855,-0.22104108045083184,,
000985,大庆华科,成功,1.204647086086584,24.34306800365448,0.526797164884223,0.5002679528160832,,
000987,越秀资本,成功,-0.03114998805814321,23.41444957256317,0.6470075073713064,0.07340575037388601,,
000988,华工科技,成功,3.7936973957044833,29.15,0.4915187603346059,0.8497983781986264,,
000989,九芝堂,成功,0.16268364011170197,20.37750494480133,0.405189050722966,0.14935213500000313,,
000990,诚志股份,成功,-0.5735483919773018,21.5,0.7459977681334364,-0.5170394929981336,,
000993,闽东电力,成功,-0.4249859167115324,44.0,0.7680018146277375,-0.1166895100261763,,
000995,皇台酒业,成功,-0.37733841417989455,23.20708394050598,0.5833928111106149,-0.22165433325427356,,
000997,新 大 陆,成功,-0.27926516050042977,25.0,0.5267560831136946,-0.1282254110548753,,
000998,隆平高科,成功,-0.5279977415409927,17.1,0.6474540247755496,-0.5241233853966967,,
000999,华润三九,成功,-0.32080007244028225,20.0,0.5102735833011641,-0.1468157909318979,,
001201,东瑞股份,成功,-0.6985342440579341,11.0,0.6985342440579341,-1.287785822667127,,
001202,炬申股份,成功,0.11748147466798371,19.2,0.42971770295619227,0.16812580534029434,,
001203,大中矿业,成功,-0.09666546973275762,22.930378437042236,0.6485116311852992,-0.001985410215145028,,
001205,盛航股份,成功,-0.42967492356070414,14.0,0.4991346635919916,-0.4142746341782125,,
001206,依依股份,成功,-0.023106706796832733,13.668894290924072,0.5805652976389841,0.04129215481541784,,
001207,联科科技,成功,0.19723952996509891,14.0,0.3393457702923555,0.20909017733974006,,
001208,华菱线缆,成功,-0.3427039547159952,26.1,0.6515650697276982,-0.20838105062426582,,
001209,洪兴股份,成功,-0.7144636600056837,16.49668354988098,0.7562445669157773,-0.6679947714865969,,
001210,金房能源,成功,-0.4435656755264371,11.0,0.5631030249313771,-0.44165557987194853,,
001211,双枪科技,成功,0.42914794048561483,18.262119007110595,0.34002447473250585,0.3432156923286307,,
001212,中旗新材,成功,-0.03382421301474431,25.10638220310211,0.4143149114446301,0.1036938853810552,,
001213,中铁特货,成功,-0.4058481642690245,5.0,0.4643202496901681,-0.7100715357861382,,
001215,千味央厨,成功,0.1473104651793043,13.0,0.4731048520603961,0.16002700828010247,,
001216,华瓷股份,成功,-0.09695125758560855,21.439311218261718,0.4408471331402487,0.002721466830667263,,
001220,世盟股份,数据不足,,,,,,
001221,悍高集团,成功,-0.08728332236861752,1.0,0.09309511015583008,-1.8104554627412266,,
001217,华尔泰,成功,0.054553388898352276,19.591604471206665,0.42971641291559515,0.12311022279619252,,
001218,丽臣实业,成功,-0.5819565572975405,13.0,0.6948824571806808,-0.708389397662231,,
001219,青岛食品,成功,-0.20804308367685312,10.328962540626526,0.5020089823308203,-0.12263133090558459,,
001222,源飞宠物,成功,-0.11362564804083726,13.0,0.44098811738851956,-0.06567338838937462,,
001223,欧克科技,成功,-0.08029557107326997,15.0,0.3599147291864649,-0.02697533116122091,,
001225,和泰机电,成功,-0.1409923711597058,9.1,0.3146323742012687,-0.16471497334205495,,
001226,拓山重工,成功,-0.4337638899989801,13.923591613769531,0.4948161485023077,-0.3241280889950704,,
001227,兰州银行,成功,-0.38495087246761506,5.0,0.38507239966135787,-1.0796739045559594,,
001228,永泰运,成功,-0.36249151704362875,9.95,0.4447327937245042,-0.5285886477636123,,
001233,海安集团,数据不足,,,,,,
001229,魅视科技,成功,-0.2911291826061456,12.133391857147217,0.5165716427438893,-0.1802168830758297,,
001230,劲旅环境,成功,-0.2318739298481241,12.0,0.36444701825830644,-0.19814286017201915,,
001237,惠康科技,数据不足,,,,,,
001231,农心科技,成功,-0.17763563082934417,11.140024542808533,0.30887169652323215,-0.16164121355761304,,
001236,弘业期货,成功,-0.4405077120657428,14.365930080413818,0.5296373096869786,-0.481706164205717,,
001248,华润新能源,数据不足,,,,,,
001234,泰慕士,成功,-0.42312119665322095,13.306979155540466,0.6121032227390157,-0.4038193425968364,,
001238,浙江正特,成功,0.08581624056075918,13.0,0.5725470135764924,0.13305916672438559,,
001257,盛龙股份,数据不足,,,,,,
001239,永达股份,成功,-0.23175437088505788,11.01453447341919,0.40652185344765346,-0.26982537160261405,,
001255,博菲电气,成功,0.0957339143847453,16.15,0.5028703551623512,0.17183470609934481,,
001256,炜冈科技,成功,0.28218304700206515,15.0,0.40334672909381236,0.3271105657588583,,
001258,立新能源,成功,-0.09048297362172612,13.255357503890991,0.308810741482975,-0.03467679791602024,,
001259,利仁科技,成功,0.6729657378950464,10.5,0.3687295317997875,0.40806760681046905,,
001260,坤泰股份,成功,-0.22400856114290335,9.197584748268127,0.44868581500188837,-0.25135908527588585,,
001266,宏英智能,成功,-0.3511660851438563,23.487567484378815,0.7017070668053145,-0.132838051252956,,
001268,联合精密,成功,0.4444183142034791,16.1,0.4435650547571382,0.40490251248432535,,
001267,汇绿生态,成功,2.3779787083010526,34.0,0.4119478077720484,0.851792542317577,,
001269,欧晶科技,成功,-0.47709278815762945,8.95,0.5066609402613325,-1.3682858478681574,,
001277,速达股份,成功,-0.15469092859024633,4.0,0.19977738470587475,-0.40828488873670926,,
001280,中国铀业,数据不足,,,,,,
001279,强邦新材,成功,-0.13870797526286202,1.0,0.23886032562125165,-0.682369713544154,,
001270,铖昌科技,成功,-0.03059877476792477,14.95,0.3436664129314703,0.036671702934600744,,
001285,瑞立科密,成功,0.0,0.0,0.0,0.0,,
001278,一彬科技,成功,-0.47672113346425843,13.939042210578918,0.6297269467390264,-0.6435506219663413,,
001282,三联锻造,成功,-0.6457236258268387,14.1,0.6999720472776688,-0.9741614622888607,,
001286,陕西能源,成功,-0.13629013133981324,8.0,0.3656498604672269,-0.24416149731497822,,
001283,豪鹏科技,成功,-0.4004196001972029,15.1,0.5137051859233325,-0.37178283203391743,,
001287,中电港,成功,-0.5084137433871674,21.0,0.5749495605425732,-0.5189375776516204,,
001288,运机集团,成功,-0.17228618764215148,20.95,0.5930438929011137,-0.03358532560244412,,
001298,好上好,成功,-0.4021502352898362,26.23601040840149,0.6297054004979507,-0.23035872090361412,,
001296,长江材料,成功,-0.5361026818369884,17.0,0.7161323283934012,-0.4681405127268713,,
001289,龙源电力,成功,-0.477325286977833,8.45,0.5024755816204788,-0.6548773946990658,,
001299,美能能源,成功,0.09812842676343236,6.0,0.38623046797102384,0.16884958950188503,,
001306,夏厦精密,成功,-0.12187093563589967,13.940442979335785,0.3679603948165258,-0.04408503784653151,,
001300,三柏硕,成功,-0.3759683520063297,19.690663814544678,0.5735609351214217,-0.322557288661604,,
001301,尚太科技,成功,-0.2521587695244937,17.169379472732544,0.504824627750545,-0.14167300787230389,,
001312,福恩股份,数据不足,,,,,,
001308,康冠科技,成功,-0.705339240455858,14.0,0.705339240455858,-1.101940018879716,,
001311,多利科技,成功,-0.5339997459758241,12.0,0.6220377874510169,-0.7807419550552198,,
001309,德明利,成功,1.3366909782287935,41.39393662214279,0.40463018614342483,0.6862563077352362,,
001313,粤海饲料,成功,-0.6181167145279708,16.431478023529053,0.681058183837793,-0.9448582217826832,,
001314,亿道信息,成功,-0.15989214824285197,17.6,0.4236305374992721,-0.08285853944484665,,
001316,润贝航科,成功,-0.26931010630887087,18.1,0.5677724865072152,-0.1000389197781011,,
001317,三羊马,成功,0.9088180982805125,13.323252773284912,0.29138684236106444,0.5812595675869837,,
001318,阳光乳业,成功,-0.10641521467619677,12.1,0.41127740403413277,-0.04959126161153678,,
001319,铭科精技,成功,0.3985773518359679,21.0,0.30761466373208707,0.3601024737352223,,
001325,元创股份,数据不足,,,,,,
001322,箭牌家居,成功,-0.6109819379942385,8.949625849723816,0.651467044440457,-1.1038558348659602,,
001324,长青科技,成功,-0.3766733612036075,12.0,0.39896743410970914,-0.5171749542013788,,
001323,慕思股份,成功,-0.15341896871823832,8.0,0.34989553642565285,-0.2596158901513001,,
001326,联域股份,成功,-0.10426534241367684,9.920479154586792,0.2798026363804725,-0.1087714544699908,,
001328,登康口腔,成功,-0.2726527828636546,10.0,0.41991866508038045,-0.41208992333491,,
001331,胜通能源,成功,-0.04957572927662273,14.21289918422699,0.6245176306764073,0.11997684649852138,,
001330,博纳影业,成功,0.03993581443316114,21.539447605609894,0.4353301164468873,0.1455482612748382,,
001335,信凯科技,成功,-0.10671341838274384,4.0,0.2941512901465779,-0.305400948078364,,
001332,锡装股份,成功,0.1301522984613615,9.95,0.34145963238177884,0.20606239584822625,,
001333,光华股份,成功,0.1848252110999364,8.0,0.2347008309320552,0.24077702457192468,,
001336,楚环科技,成功,0.42382520657888495,10.1,0.3589810802825199,0.3981676767073214,,
001337,四川黄金,成功,0.7310890188758812,14.3,0.31329508224989605,0.6635398899365882,,
001338,永顺泰,成功,-0.26940322838644554,6.0,0.3539473050567772,-0.44856381182659844,,
001356,富岭股份,成功,-0.11231137822636927,0.95,0.14901712111604348,-0.8680996994409581,,
001339,智微智能,成功,1.243692038704133,28.17174506187439,0.37688233781400093,0.6904150357369156,,
001365,天海电子,数据不足,,,,,,
001359,平安电工,成功,1.4464715428221808,14.1,0.3277901781289555,1.2205690829010236,,
001358,兴欣新材,成功,-0.21989547168360776,8.0,0.37333552814401066,-0.3817278797142387,,
001360,南矿集团,成功,-0.3607784888889525,18.369301199913025,0.4742831169415832,-0.32391178847355695,,
001369,双欣材料,数据不足,,,,,,
001366,播恩集团,成功,0.2968742924695939,14.1,0.3429911061817844,0.35788439800675476,,
001367,海森药业,成功,-0.7100408866414527,10.0,0.7100408866414527,-1.53849362671848,,
001368,通达创智,成功,-0.3927247470473373,11.0,0.5612431727308891,-0.39704691362699174,,
001373,翔腾新材,成功,-0.34479740363523054,9.399837255477905,0.4527357885427153,-0.4295697984840824,,
001376,百通能源,成功,-0.3656882884866116,10.175490498542786,0.47522224610853986,-0.6032775776968462,,
001379,腾达科技,成功,-0.29942531586426063,7.521839737892151,0.48564666310106164,-0.5852055024513751,,
001378,德冠新材,成功,-0.2988642574862728,4.0,0.34642484889279235,-0.516879429188532,,
001386,马可波罗,成功,-0.1507078758087568,1.95,0.17630633500923454,-2.949392591403433,,
001382,新亚电缆,成功,-0.1371353712551872,1.0,0.27030254777070073,-0.4486604481351663,,
001388,信通电子,成功,-0.09014206530413853,1.0,0.17191383595691825,-0.8202300616549532,,
001390,古麒绒材,成功,-0.2505871140322261,3.0,0.3503540420644922,-1.0913982739143633,,
001380,华纬科技,成功,-0.6233865278288014,10.902377784252167,0.6287970701696483,-0.695984532784671,,
001393,维通利,数据不足,,,,,,
001387,雪祺电气,成功,-0.31330866777120536,8.0,0.4042760596600574,-0.6137417624532885,,
001396,誉帆科技,数据不足,,,,,,
001399,惠科股份,数据不足,,,,,,
001389,广合科技,成功,1.5236092772225809,18.5,0.26767874743452696,1.2427326845127769,,
001391,国货航,成功,-0.07394818178349291,1.0,0.07394818178349291,-2.2629768041228573,,
001400,江顺科技,成功,0.00583232230064139,16.106215357780457,0.6117945436502115,0.3189107461314177,,
001395,亚联机械,成功,-0.11419886695149689,1.0,0.11697247706422001,-1.675486419971594,,
001696,宗申动力,成功,-0.31522335394424794,36.95,0.6925834582112971,-0.08602898866207023,,
001872,招商港口,成功,-0.22847260222030133,13.5,0.4591241007606391,-0.17067497662814796,,
001896,豫能控股,成功,1.4131654479646514,47.078594994544986,0.6234422279557446,0.4889303017797758,,
001914,招商积余,成功,-0.4551735461952679,13.0,0.5388102192780585,-0.37774370230425736,,
001965,招商公路,成功,-0.1687553973539162,13.0,0.4253875372074043,-0.14514851083904404,,
001979,招商蛇口,成功,-0.6172755253548595,22.0,0.6371022631563944,-0.6248363706268236,,
002001,新 和 成,成功,0.25513458682532275,15.0,0.42162884416646185,0.17419418776178347,,
002003,伟星股份,成功,-0.24157858974663804,16.0,0.4595855278374218,-0.1436815864228804,,
002004,华邦健康,成功,-0.45446317709233575,19.995231902599336,0.612798682860408,-0.4043625370456323,,
002005,德豪润达,成功,0.4228625488828955,22.0,0.4919442168056399,0.2619900987770471,,
002006,精工科技,成功,4.870686438313804,30.1,0.5118264461622696,0.9525112238345234,,
002007,华兰生物,成功,-0.3008850055722568,9.1,0.5242439511682959,-0.4064443964530491,,
002008,大族激光,成功,0.04812877378217629,30.065841734409332,0.6801760165587979,0.09425376294041553,,
002009,天奇股份,成功,0.30770517103318284,43.0,0.5057700591144831,0.24880882842621968,,
002010,传化智联,成功,-0.19889083534846722,21.460105657577515,0.5500222039336348,-0.11640315179306608,,
002011,盾安环境,成功,-0.1928294948803968,33.0,0.6863118146536068,-0.041191588962501774,,
002012,凯恩股份,成功,-0.24195944646368123,23.1,0.5815629395487151,-0.0777394079422786,,
002014,永新股份,成功,-0.1298606010694473,9.5,0.4702628257381604,-0.06567857063778565,,
002015,协鑫能科,成功,1.0039985114724166,35.10354816913605,0.7210014434814895,0.4336243477204545,,
002016,世荣兆业,成功,-0.6958863360616224,22.0,0.7386086848588725,-0.6577194550766362,,
002017,东信和平,成功,-0.12593504439722833,33.0,0.6456548445490803,0.0627741073662735,,
002019,亿帆医药,成功,0.12803781489695829,19.049999999999997,0.43464582439163635,0.09103520858877903,,
002020,京新药业,成功,0.05978808978940986,18.0,0.35642317755546854,0.08956399876136321,,
002021,中捷资源,成功,-0.2872424496873653,32.13195711374283,0.4927628145636048,-0.11040983089392316,,
002022,科华生物,成功,-0.674898350396485,22.0,0.708237512803945,-0.8197594709185485,,
002023,海特高新,成功,-0.7772720450944612,23.0,0.8271718863306569,-0.7724858821809254,,
002024,ST易购,成功,0.0638963387799832,13.0,0.36420161552699865,0.015342016534312913,,
002025,航天电器,成功,0.7298866053475302,25.95,0.3904660287580676,0.37354496003768345,,
002026,山东威达,成功,-0.03165279668389863,39.0,0.6995363082818968,0.0840468642628518,,
002028,思源电气,成功,8.758894032341237,27.854415476322174,0.39763375705144555,1.185411323003536,,
002027,分众传媒,成功,0.14540428425473992,21.93858140707016,0.5575100507131092,0.1262763192248508,,
002029,七 匹 狼,成功,-0.16547848470263576,23.0,0.5197679339909329,-0.06953493253845518,,
002030,达安基因,成功,-0.7155200170288782,20.368399691581725,0.7760126711755657,-0.7811986281188863,,
002031,巨轮智能,成功,-0.5394291579436686,44.75971472263336,0.67664019838241,-0.21842407114853682,,
002032,苏 泊 尔,成功,-0.595343471442181,10.0,0.6030424329912208,-0.935885605641281,,
002033,丽江股份,成功,-0.5075247951388818,20.0,0.695038974508021,-0.32894074039294946,,
002034,旺能环境,成功,-0.22075016639120032,19.0,0.43728948952824515,-0.14471100312084406,,
002035,华帝股份,成功,-0.5119383932472108,18.0,0.5394483268532374,-0.4895232007035075,,
002036,联创电子,成功,-0.5899629795972829,31.623490190505983,0.6339067172305202,-0.3553049318168785,,
002037,保利联合,成功,-0.15289475061353894,26.62957787513733,0.5980963369102806,0.006444358826699817,,
002038,双鹭药业,成功,-0.5367415601524854,23.216137170791626,0.6575598725981671,-0.5304181079633681,,
002039,黔源电力,成功,-0.3382221857212135,19.45,0.7132682472306655,-0.19193662009348517,,
002040,南 京 港,成功,0.3922207492074129,17.249460554122926,0.3694801922871442,0.25243851753807955,,
002041,登海种业,成功,-0.32804319041266367,24.200000000000003,0.5477143013517612,-0.18592754096589678,,
002042,华孚时尚,成功,-0.37380184573351194,23.1,0.651284267395001,-0.1893670857308022,,
002043,兔 宝 宝,成功,-0.13208811113750402,34.0,0.6698823053128752,0.015529233692332414,,
002044,美年健康,成功,0.07740379201032542,18.121485710144043,0.33502788771889414,0.10274402257089209,,
002045,国光电器,成功,-0.27296081978433706,33.46693799495697,0.5091727147961254,-0.009137532670782558,,
002046,国机精工,成功,0.3027841362214474,51.0,0.7351917101671952,0.25476006159251663,,
002047,宝鹰股份,成功,-0.6556957875071521,36.37501451969147,0.6960701773581432,-0.4664562798746092,,
002048,宁波华翔,成功,0.08379935622690726,31.0,0.446618100207731,0.0978739846961253,,
002049,紫光国微,成功,-0.4085613521144816,24.0,0.6375096945958466,-0.17699603991377302,,
002050,三花智控,成功,-0.15473154719848053,30.0,0.6685614445582584,0.005862124876126102,,
002051,中工国际,成功,-0.04267555300370499,26.0,0.48483149814830484,0.0641098139005135,,
002052,同洲电子,成功,2.1053867482765773,40.70193250179291,0.44668516489709786,0.6100698889478102,,
002053,云南能投,成功,-0.1559285833182135,25.240206122398376,0.6543370308686188,-0.0411756336825132,,
002054,德美化工,成功,1.0505631217617657,24.09052038192749,0.48440805333320686,0.4781501167770066,,
002055,ST得润,成功,-0.2074939954603833,25.1,0.5398381025268043,-0.0904073156323381,,
002056,横店东磁,成功,0.8667454299969953,33.128199219703674,0.4316264520009695,0.40269310970769157,,
002057,中钢天源,成功,-0.18702981624191103,29.25389075279236,0.478996141926367,-0.03778000536266353,,
002058,威尔泰,成功,-0.11964718654768687,37.154800462722775,0.5798481752913782,0.01703434413611371,,
002059,云南旅游,成功,-0.4752206965088004,28.600685811042787,0.6558196851998808,-0.2650227170872639,,
002060,广东建工,成功,0.29439163131831886,23.537936329841614,0.5033433580443362,0.21460656457884875,,
002061,浙江交科,成功,-0.6364378768789494,15.0,0.6680707334038606,-0.5558807669167425,,
002062,宏润建设,成功,-0.6357828544138748,30.147247552871704,0.6471986244768271,-0.4977713316468125,,
002063,远光软件,成功,-0.5893134449026532,21.863954842090607,0.6741799121564763,-0.4600370192118137,,
002064,华峰化学,成功,0.9794669738839468,29.899507105350494,0.40612899923480533,0.4530112950255192,,
002065,东华软件,成功,-0.427618916664224,26.0,0.6074126258867771,-0.33452908047208285,,
002066,瑞泰科技,成功,-0.3314803182636335,28.923183858394623,0.7338618066824354,-0.11950669073660057,,
002067,景兴纸业,成功,-0.2565798452103669,25.34419083595276,0.5061797774637474,-0.12815442978456226,,
002068,黑猫股份,成功,-0.04203760065289854,35.90190118551254,0.6178331635395299,0.10804539194217672,,
002069,獐子岛,成功,2.127549138927657,26.23375701904297,0.4062166188364028,0.6526737666217985,,
002072,凯瑞德,成功,-0.0688552069990673,30.152416634559632,0.498545065371954,0.06493570907243452,,
002073,软控股份,成功,0.5352405993744248,25.0,0.48079434222498685,0.3058631495876629,,
002074,国轩高科,成功,0.36202415659340825,25.1,0.4135145190563501,0.2352894689840605,,
002075,沙钢股份,成功,-0.5948901575482631,21.1,0.6200752119374053,-0.5109476692768556,,
002076,星光股份,成功,0.0972535411007695,43.0,0.4942474752367764,0.1420166390875705,,
002077,大港股份,成功,-0.13186343049711388,33.305507278442384,0.5405833484969161,0.008546379040173515,,
002078,太阳纸业,成功,0.09355582789797205,15.0,0.5063818478870542,0.07499916081649312,,
002079,苏州固锝,成功,-0.005789827017154166,29.0,0.4436088734641251,0.0875368922540268,,
002080,中材科技,成功,0.5360647308109031,36.05,0.5405260103344525,0.3084771251564711,,
002081,金 螳 螂,成功,-0.7046053365321953,19.0,0.767746378032529,-0.8648331155142135,,
002082,ST万邦,成功,0.34264984605511856,28.161617875099182,0.5381899849055383,0.2331233253629309,,
002083,孚日股份,成功,-0.13228138615139892,32.0,0.6462491102328497,0.03698504502288592,,
002084,海鸥住工,成功,-0.11599886355316529,25.049999999999997,0.7225939278951518,0.008093214220138477,,
002085,万丰奥威,成功,-0.17167254244771932,29.1,0.41325704985316775,-0.01929136538032724,,
002086,东方海洋,成功,-0.36840931914836894,33.2,0.6209812061305274,-0.15984664211302427,,
002088,鲁阳节能,成功,-0.0661495874768107,23.1,0.6871018125899647,0.03143033254982327,,
002090,金智科技,成功,0.30020823033267474,28.092582082748415,0.4081848458038152,0.2219735366747822,,
002091,江苏国泰,成功,0.39690415636694554,19.5734840631485,0.47966590559004085,0.25610700383355856,,
002092,中泰化学,成功,0.43340045357250173,26.1,0.5853561342755532,0.268112110165898,,
002093,国脉科技,成功,-0.14882084329907141,27.639532327651978,0.6014514955375183,0.012138262163555342,,
002094,青岛金王,成功,-0.341706052081341,35.377663254737854,0.6004447100664666,-0.12165120368251302,,
002095,生 意 宝,成功,-0.5315208258810021,37.0,0.6618021758944838,-0.27512021597154046,,
002096,易普力,成功,0.13538635676927574,35.8,0.6063190027037703,0.1913906988099622,,
002097,山河智能,成功,0.04179668929503692,25.882697463035583,0.4824904015131763,0.10047306275955116,,
002098,浔兴股份,成功,0.7559540531469817,20.43265163898468,0.28774906435851483,0.3866223955115456,,
002099,海翔药业,成功,-0.03794583194188177,19.505409836769104,0.5674633423516111,0.0036424874575642155,,
002100,天康生物,成功,-0.5864269380595448,18.5,0.6950274402827947,-0.5758223007120599,,
002101,广东鸿图,成功,-0.4829430481932176,29.0,0.6415937138344951,-0.21593872763674235,,
002103,广博股份,成功,0.6778044143440848,43.68011212348938,0.5314322441326309,0.35433920282208115,,
002102,ST能特,成功,-0.11440384517895233,27.0,0.596238258322866,-0.04838836574580109,,
002104,恒宝股份,成功,0.6684134654966768,34.93565193414688,0.5611726568609325,0.34823478259903173,,
002105,信隆健康,成功,1.344889954575136,29.206884622573853,0.4996092796970394,0.5360823091326737,,
002106,莱宝高科,成功,-0.48064866966387965,19.95,0.7291165543258437,-0.33990495346779537,,
002107,沃华医药,成功,-0.6330202161354791,23.765689730644226,0.7345768444396772,-0.4825460467757308,,
002108,沧州明珠,成功,-0.027376012660786073,26.0691645860672,0.549160131729286,0.06225974482805918,,
002109,ST兴化,成功,0.37305794162289324,21.0,0.6957324179317019,0.2577873432191366,,
002110,三钢闽光,成功,-0.38755798426359817,19.0,0.581827037212967,-0.3019293085103683,,
002111,威海广泰,成功,-0.7155827322120902,16.0,0.7697783427052922,-0.7388577124695433,,
002112,三变科技,成功,0.3762775490017934,40.0,0.5526075834990939,0.2755581164200521,,
002114,罗平锌电,成功,0.19952047795141145,33.1,0.4856373296105159,0.17899902150184274,,
002115,三维通信,成功,0.29944164194352413,45.82270238399506,0.5649846827208111,0.23992019529692576,,
002116,中国海诚,成功,-0.04839557939538965,24.0,0.49996826011428347,0.07234883672088187,,
002117,东港股份,成功,0.25683183364762924,20.2,0.4090779140577934,0.20086231237026103,,
002119,康强电子,成功,-0.42292442407185166,27.0,0.7625698090396565,-0.15776493411722034,,
002120,韵达股份,成功,-0.476248089966433,17.6,0.5624089920057672,-0.5163404176722647,,
002121,科陆电子,成功,0.4213079727980372,35.37875545024872,0.4853293998924134,0.2725958366014135,,
002122,ST汇洲,成功,0.7480562260609225,45.354351902008055,0.4876599471637274,0.3734451344651604,,
002123,梦网科技,成功,-0.5580170970154232,33.493723487854005,0.7228233306321418,-0.28701937014963186,,
002124,天邦食品,成功,-0.31625449409163353,21.95,0.5074098699360736,-0.21521968884842016,,
002125,湘潭电化,成功,-0.6665262901078438,40.1,0.7754867786093759,-0.4060333168218832,,
002127,南极电商,成功,-0.48612703787867606,17.6,0.5365177375322029,-0.5600252659433692,,
002126,银轮股份,成功,-0.44063018998138925,31.1,0.6661062486433662,-0.10846001273351825,,
002128,电投能源,成功,0.2623190360526886,32.0,0.4928267821560182,0.20536677564656247,,
002129,TCL中环,成功,-0.4685942713959458,24.049999999999997,0.6937224392256359,-0.26695214765498076,,
002130,沃尔核材,成功,1.0922297571968738,38.07938284873963,0.4127130367749221,0.444488580798455,,
002131,利欧股份,成功,-0.502337456737221,45.0,0.6754461798738216,-0.18077115460034957,,
002132,恒星科技,成功,1.1554991301376387,30.7,0.4131398473443715,0.4771737178148232,,
002133,广宇集团,成功,-0.6002488641024113,28.0,0.7020347716939113,-0.46762091451722465,,
002134,天津普林,成功,-0.49259057216054175,30.27620017528534,0.6597431360185754,-0.27843500883342437,,
002135,东南网架,成功,-0.12187630301645302,23.67941117286682,0.5014953480306062,-0.01423293623633923,,
002136,安 纳 达,成功,-0.40646639452431743,33.92173874378204,0.6832717274923774,-0.14550010242410497,,
002137,实益达,成功,-0.30350049145903935,29.90170238018036,0.4837598356770078,-0.08001237097449573,,
002139,拓邦股份,成功,0.45560985316077596,26.0,0.4963626882025895,0.2774575227164739,,
002138,顺络电子,成功,-0.11341891201741776,22.0,0.650926125402791,0.012328676789729051,,
002140,东华科技,成功,0.10331385023711889,31.95,0.5475384634375764,0.14919576586008998,,
002141,贤丰控股,成功,0.19264970580688562,26.163535714149475,0.5732151989803584,0.16418513334109386,,
002142,宁波银行,成功,0.2829970598443838,8.5,0.4413306750716283,0.18674804766693695,,
002144,宏达高科,成功,-0.18425935907590144,24.0,0.5941748666918375,-0.09140363860096637,,
002145,钛能化学,成功,0.5506654637112829,21.879730701446533,0.522394447786314,0.311483105903035,,
002146,荣盛发展,成功,-0.6889585154426093,24.0,0.704887120875638,-0.7963321670164238,,
002149,西部材料,成功,2.7283754150788497,45.0,0.541150643337593,0.6765420603628588,,
002148,北纬科技,成功,0.3746117390576107,30.1,0.4850352734051057,0.25145130286074735,,
002150,正泰电源,成功,-0.5910400574895277,41.2,0.8226669353778748,-0.28283833490829874,,
002151,北斗星通,成功,0.0782585123704918,17.05,0.5445708201585596,0.08261695434601965,,
002153,石基信息,成功,-0.4596230328366687,26.357600069046022,0.6495851969921262,-0.2653398772482692,,
002152,广电运通,成功,-0.1360628296875207,16.0,0.3937400974863125,-0.06303802477320301,,
002154,报 喜 鸟,成功,0.20453145080464719,27.0,0.5564729821143714,0.1617634339833888,,
002155,湖南黄金,成功,0.478098656293673,39.10342252254486,0.4071500685076128,0.2997941670889188,,
002157,正邦科技,成功,-0.4057043827924607,18.0,0.5407426300445659,-0.42387226693047386,,
002156,通富微电,成功,-0.03742336514739145,37.17384850978851,0.6223857757138684,0.09358231125767193,,
002158,汉钟精机,成功,-0.42008677120785054,33.8862743973732,0.6319075877586564,-0.1834201530412162,,
002159,三特索道,成功,-0.3523456843505291,28.0,0.5594489613375191,-0.14724038361636754,,
002160,常铝股份,成功,-0.477170423186241,27.0,0.6054196921465815,-0.25606124836347943,,
002161,远 望 谷,成功,0.1554173475027614,28.1,0.44825674737469656,0.1506283075324057,,
002162,悦心健康,成功,-0.30889106012123785,38.0,0.7365812466038927,-0.04952574498037089,,
002163,海南发展,成功,0.13507300909970624,33.22440156936646,0.4908595595852112,0.14710460494113958,,
002164,宁波东力,成功,1.336171224566566,44.0,0.4839845620107511,0.47635124068612683,,
002165,红 宝 丽,成功,-0.14937361458655068,33.36703953742981,0.49928566116244344,-0.013106979234738034,,
002166,莱茵生物,成功,-0.19029664914654712,22.8,0.5361778751681765,-0.07289142207112027,,
002167,东方锆业,成功,0.37615845430071876,46.21938729286194,0.7276880086335182,0.2636398117173584,,
002168,ST惠程,成功,-0.5963839580441851,27.723281621932983,0.716152139718436,-0.44331618180516974,,
002169,智光电气,成功,0.48434532309900735,41.121084451675415,0.573832920105741,0.29324500635880946,,
002170,芭田股份,成功,0.274122269120995,25.91208497285843,0.5297989764752802,0.21389392805583357,,
002171,楚江新材,成功,0.10230187246611938,33.41869504451752,0.4529324879369899,0.13677239231641505,,
002172,澳洋健康,成功,-0.12884474342223548,33.57906768321991,0.6958952280888221,0.02370270601979177,,
002173,创新医疗,成功,0.14717227674997063,53.306619715690616,0.7243912078594158,0.2087875053839174,,
002174,游族网络,成功,-0.4050454132813383,33.0,0.5992596228381094,-0.20093160881661226,,
002175,*ST东智,成功,1.454421121690142,32.1,0.4371633276105218,0.5438640399708178,,
002176,江特电机,成功,0.5006554442497092,43.0,0.7129886932872784,0.29929745999289714,,
002177,御银股份,成功,-0.15931883696891047,44.1,0.49581016726337185,0.057485717716628575,,
002178,延华智能,成功,-0.08338275782048499,37.27762830257416,0.554286215710018,0.07249446867642378,,
002179,中航光电,成功,-0.18263759436169,19.0,0.6183718376590636,-0.07084002141525063,,
002180,奔图科技,成功,-0.4843094601844317,20.0,0.6087920237623298,-0.46857553148829745,,
002181,粤 传 媒,成功,0.3174930158500216,37.224828004837036,0.5277022751145246,0.23506561834648235,,
002182,宝武镁业,成功,-0.2225631265041737,42.0,0.7991474673023974,0.003656526409315636,,
002183,怡 亚 通,成功,-0.4114368769075467,32.1,0.5208397599580428,-0.16163145352200525,,
002184,海得控制,成功,-0.5728698154923954,34.875279545784,0.7197902394667504,-0.24405230248811585,,
002185,华天科技,成功,-0.33277560001025513,22.455071330070496,0.6698848296589233,-0.15242538724969873,,
002186,全 聚 德,成功,0.13717092032967382,23.1,0.48813776642679346,0.12604480605862795,,
002187,广百股份,成功,-0.25255359119159215,32.95,0.6857204796270853,0.009276570375971292,,
002188,中天服务,成功,-0.5921288902658143,35.700391626358034,0.7457851822490715,-0.36808456722948885,,
002189,中光学,成功,-0.6276720323531825,29.0,0.716811330009309,-0.44922065439395514,,
002190,成飞集成,成功,-0.416930472618272,26.26537322998047,0.6965764666386297,-0.2504090531308209,,
002191,劲嘉股份,成功,-0.014928333256389452,11.1,0.47804916700860883,0.010417688678882387,,
002192,融捷股份,成功,0.12068351752299626,42.1871532201767,0.7902647536356323,0.1714283161687753,,
002193,ST如意,成功,-0.5710897200737629,33.0,0.5820042698354168,-0.32141608556641216,,
002194,武汉凡谷,成功,-0.47185910778009266,36.914023756980896,0.5578340411660186,-0.2949985819075436,,
002195,岩山科技,成功,0.14282567491244016,41.0,0.46355263330159746,0.17022631083827058,,
002196,方正电机,成功,0.9863739334073488,39.2022670507431,0.5828049920595403,0.42446721792164405,,
002197,证通电子,成功,0.20193507971760496,37.38696801662445,0.5450603332365892,0.17583362083383297,,
002198,ST嘉应,成功,0.07031020691386118,23.0,0.5491088712765049,0.10484048533237622,,
002199,东晶电子,成功,-0.34075501835420435,37.6,0.4500644377461683,-0.11602108215525954,,
002200,交投生态,成功,-0.06440301556628547,21.0,0.5277112290136888,-0.011511709103195433,,
002201,九鼎新材,成功,0.6244280496073555,28.1,0.3583678942686876,0.3367619147322924,,
002202,金风科技,成功,0.7092488078945197,33.0,0.36740466084714357,0.3609675676605158,,
002203,海亮股份,成功,0.04243131611042351,21.5,0.312603667781456,0.059405245757560746,,
002204,大连重工,成功,0.42909115596382413,21.10030698776245,0.332242401686685,0.26650511627404033,,
002205,国统股份,成功,-0.12500104222586508,39.21390619277954,0.5881753774294953,0.0888079249848482,,
002206,海 利 得,成功,0.8189093864316354,34.0,0.5918447673431386,0.3979131516837141,,
002207,*ST准油,成功,-0.5596541438985634,44.74036228656769,0.7390644016205654,-0.22547816916916308,,
002208,合肥城建,成功,0.4629926018029387,48.36737830638886,0.5918956800382406,0.2891214063549976,,
002209,达 意 隆,成功,-0.24348566418856893,34.784549951553345,0.5833291610387644,-0.015226680101270795,,
002210,飞马国际,成功,1.0835923825796476,39.95,0.4480999975377235,0.39487920048361597,,
002211,ST宏达,成功,0.5059685003634921,26.306590604782105,0.49344408283058455,0.29488200761143335,,
002212,天融信,成功,-0.2739153767731924,21.51289451122284,0.508220099794353,-0.14407329480650494,,
002213,大为股份,成功,-0.018822559562827374,47.16634459495545,0.6501665210104822,0.12439595325904208,,
002214,*ST大立,成功,-0.5137833210412077,25.0,0.691149512711613,-0.44437247179073885,,
002215,诺 普 信,成功,-0.1688454886587549,28.95,0.44563193154146946,-0.031159772919762102,,
002216,三全食品,成功,-0.5491146769494726,21.5,0.7188359795942426,-0.6155708983901855,,
002217,ST合力泰,成功,-0.24312183988959427,29.177329063415527,0.5050443727949812,-0.042097613725125174,,
002218,拓日新能,成功,0.5679139202849113,38.99569675922394,0.6705887087405087,0.32124220317842006,,
002219,新里程,成功,-0.22184573501734922,28.1076602935791,0.6741897131497802,-0.03404888100198007,,
002221,东华能源,成功,-0.26672260103862383,17.922938644886017,0.43591305382300627,-0.16109585008760133,,
002222,福晶科技,成功,-0.2377549705236645,42.1,0.5260732206936106,0.002811731614253645,,
002223,鱼跃医疗,成功,-0.41024295603409805,17.0,0.5128520643747227,-0.3252751839411147,,
002224,三 力 士,成功,-0.5718266641212837,12.0,0.59613292863676,-0.5856343214782976,,
002225,濮耐股份,成功,-0.19172778682193894,23.990398943424225,0.5755692658291625,-0.0528717460683943,,
002226,江南化工,成功,-0.48335550098674784,17.92990905046463,0.7072820106550599,-0.315280474160231,,
002227,*ST特迅,成功,-0.329188986292912,30.201380372047424,0.6737082474944549,-0.11406421031005243,,
002228,合兴包装,成功,-0.4254661907165507,20.95,0.622076757947861,-0.3714715949349239,,
002229,鸿博股份,成功,-0.35892423747355906,37.628960847854614,0.6331019141723231,-0.01770469787154353,,
002230,科大讯飞,成功,0.1567149050916938,16.0,0.338016880147006,0.1245087760163954,,
002232,启明信息,成功,-0.3911820456197759,42.34719181060791,0.6553480589273473,-0.1229908062904039,,
002233,塔牌集团,成功,-0.5064390361231526,16.94975060224533,0.619044074951865,-0.6331342857812344,,
002234,民和股份,成功,-0.292428794516348,15.0,0.5202704918965531,-0.18468329695227245,,
002235,安妮股份,成功,-0.01624113576568896,39.68414902687073,0.6283831646623486,0.13107216290512827,,
002236,大华股份,成功,-0.37808675852556173,20.0,0.5806262100085604,-0.2331408581756148,,
002237,恒邦股份,成功,-0.2674807054382823,25.685895085334778,0.4718293313898218,-0.1588959821213538,,
002238,天威视讯,成功,-0.7150244585707094,34.248579955101015,0.7838083647111973,-0.32371519370069246,,
002239,奥特佳,成功,-0.6661317513216667,32.68291389942169,0.8147406866388783,-0.5934842236109745,,
002240,盛新锂能,成功,5.457365839699246,39.0,0.6359894596874403,0.9592805868059713,,
002241,歌尔股份,成功,0.5544999446563553,21.948906242847443,0.3977990628095217,0.31213270243659336,,
002242,九阳股份,成功,-0.21107575017175229,14.95,0.4515219826624141,-0.2120872554473869,,
002243,力合科创,成功,-0.4621689394840939,23.93789303302765,0.670205822132959,-0.3007988390007874,,
002244,滨江集团,成功,-0.25957700543000434,32.0,0.5697058180821065,-0.07359153104245167,,
002245,蔚蓝锂芯,成功,6.840173197704407,41.1,0.5572376917036077,1.0501263245788215,,
002246,北化股份,成功,0.8371412916643254,36.615101432800294,0.38416533551252247,0.39206597206543675,,
002247,聚力文化,成功,-0.31970664283222094,31.0,0.5801157378140845,-0.15271238677538185,,
002248,华东数控,成功,-0.4633070402202737,37.1,0.7734361358221569,-0.17481507934593637,,
002249,大洋电机,成功,0.2755719995037162,33.93865942955017,0.5911289605466823,0.20977111240080154,,
002250,联化科技,成功,-0.5460324183848141,24.6,0.70164649820002,-0.4383282459827739,,
002251,步步高,成功,-0.019409528284530825,19.35579903125763,0.621067032798842,0.08523785620187171,,
002252,上海莱士,成功,-0.5479693888466725,10.0,0.5479693888466725,-0.7590213540139931,,
002253,川大智胜,成功,-0.2583835588946556,30.831009244918825,0.5248292870326686,-0.07057820680871053,,
002254,泰和新材,成功,-0.13419765481506316,25.0,0.5256278115704507,-0.007042696917323875,,
002255,海陆重工,成功,-0.23785588671022734,32.0,0.5879747473395691,-0.03170643311891218,,
002256,兆新股份,成功,0.7258307885078216,46.1,0.6472887824174026,0.3650991623167838,,
002258,利尔化学,成功,-0.26109694489850355,27.5,0.5694679894983975,-0.097074927882191,,
002259,升达林业,成功,-0.11349827341477663,21.0,0.4222710873034018,-0.051959789107053365,,
002261,拓维信息,成功,-0.23067312107867038,40.2,0.6734567167302501,-0.0009581061995382527,,
002262,恩华药业,成功,-0.05927574292670892,15.0,0.5045046507023397,0.0026336067031042386,,
002263,大东南,成功,-0.4492610295681836,32.86594098806381,0.5490250957813193,-0.1850644547853283,,
002264,新 华 都,成功,-0.02981374193755677,33.802854573726655,0.47679784021258925,0.08476780351390568,,
002265,建设工业,成功,-0.14636573006741238,27.356864285469054,0.5807896146134688,0.037968568985033015,,
002266,浙富控股,成功,0.45834978658293635,24.0,0.3790643322822353,0.2770887766070308,,
002267,陕天然气,成功,-0.18997668050385488,14.0,0.4675770650074121,-0.1411715045007006,,
002268,电科网安,成功,-0.3586300718184363,25.1,0.546157036207276,-0.24203264794275284,,
002269,美邦服饰,成功,-0.6818410739887838,37.456277346611024,0.7880722168434288,-0.5044928007921765,,
002270,华明装备,成功,1.20453475494784,37.97451741695404,0.42320030394861713,0.48546205276916693,,
002271,东方雨虹,成功,-0.6442497340522204,19.0,0.7510990321535898,-0.566237753476061,,
002272,川润股份,成功,0.5639241778651709,55.0625563621521,0.5823564570205937,0.33028207583088914,,
002273,水晶光电,成功,-0.17151356663344194,28.20525312423706,0.545881496552233,-0.0016918736428011853,,
002274,华昌化工,成功,-0.23766269561626657,21.0,0.5917105953464291,-0.11083750721202007,,
002275,桂林三金,成功,-0.21705930138246476,17.0,0.4529200245103359,-0.16256617960225048,,
002276,万马股份,成功,0.416652695850973,28.1,0.40572196062333493,0.26459011075103456,,
002277,友阿股份,成功,0.7898181340174354,28.84147673845291,0.3761314170153471,0.3861382073606352,,
002278,神开股份,成功,0.27489426478582607,33.04945504665375,0.5888150986232551,0.21740227871820283,,
002279,久其软件,成功,-0.29216077421572817,43.0,0.5507040971411272,-0.046950362456408594,,
002281,光迅科技,成功,0.9640947811084424,39.22463142871857,0.4583004104126577,0.42759337987529833,,
002282,博深股份,成功,-0.4074316670574849,21.0,0.6555255999553012,-0.35453174919585034,,
002283,天润工业,成功,1.7293603936101,38.17586749792099,0.4019496268387283,0.58607786051363,,
002284,亚太股份,成功,0.9049379536778689,38.0,0.4975947946104967,0.4139249464181992,,
002285,世联行,成功,1.8575879523262562,34.44376692771912,0.4616475623960437,0.6033219573019872,,
002286,保龄宝,成功,-0.27692046983543506,26.46567463874817,0.6315298473509715,-0.11784607469565504,,
002287,奇正藏药,成功,-0.6783891666043333,18.268324971199036,0.7711110460946698,-0.8926527054911013,,
002289,宇顺电子,成功,0.22107534488051386,26.83604462146759,0.5031316287235973,0.19100572430471263,,
002290,禾盛新材,成功,2.0617157488294358,40.68484728336334,0.3809069920032159,0.617412639762974,,
002291,遥望科技,成功,-0.4527818518415222,36.00064263343811,0.6003140001683285,-0.17407374888297714,,
002292,奥飞娱乐,成功,-0.3414306416640386,35.0,0.7033698935058349,-0.054081462467788895,,
002293,罗莱生活,成功,-0.1587407545689735,20.45,0.49737276531762975,-0.1085280322761843,,
002294,信立泰,成功,0.22620346763325447,24.0,0.5928077713166504,0.17919210444264105,,
002295,精艺股份,成功,-0.0031317933599113892,26.40327618122101,0.5461521841026554,0.06820208764478923,,
002296,辉煌科技,成功,-0.3293453327417512,27.0,0.5234752483600609,-0.16774503819433745,,
002297,博云新材,成功,0.6895162971575314,39.358699560165405,0.7395389264725436,0.3530080847914029,,
002298,中电鑫龙,成功,-0.29333792872976644,39.0,0.6999632138125353,-0.06800234775175763,,
002299,圣农发展,成功,-0.33628707431858523,11.0,0.4769324531599971,-0.28823179051833436,,
002300,太阳电缆,成功,-0.5601101367312804,35.755358934402466,0.6945293736250002,-0.26835365909794145,,
002301,齐心集团,成功,-0.3891431199269684,17.787386059761047,0.5637710806203011,-0.27035060653184634,,
002302,西部建设,成功,-0.5944554054167832,19.10600507259369,0.6320668424247212,-0.5998397063773695,,
002303,美盈森,成功,-0.2973886286299133,19.5,0.5781971808169397,-0.21077903545302998,,
002304,洋河股份,成功,-0.12497083333904768,19.0,0.6574551498498757,-0.09153266364038165,,
002305,*ST南置,成功,-0.787955623236721,44.1,0.8523593407909528,-0.6544871433268435,,
002306,ST云网,成功,0.36802109365894664,24.242336189746858,0.41639267941294533,0.24318697048682777,,
002307,北新路桥,成功,0.12404150381313157,30.37208902835846,0.5319767431380122,0.14471110506420276,,
002309,中利集团,成功,-0.23596771890173243,42.266465520858766,0.6700504455527879,-0.03882990378583688,,
002310,东方新能,成功,0.013531583003659035,23.0,0.4330033465613699,0.04608307292067542,,
002311,海大集团,成功,0.2462152190335709,12.95,0.34747261184245454,0.15733899512334512,,
002312,川发龙蟒,成功,-0.2931728344602919,32.1,0.6674133129340171,-0.13249782224711426,,
002313,日海智能,成功,0.3220585830247996,36.262595653533936,0.43899100763639887,0.22757689841744982,,
002314,南山控股,成功,-0.18701913518788976,26.3,0.6206202364141357,-0.07063200595073288,,
002315,焦点科技,成功,1.172572135041957,37.46130177974701,0.5009175896585565,0.4765450390535458,,
002316,亚联发展,成功,-0.004982268642979907,37.13453636169434,0.4954500781345375,0.09457508929284411,,
002317,众生药业,成功,1.4148812799547374,31.369733786582948,0.5739990414930664,0.5297648364964977,,
002318,久立特材,成功,0.44631002402191633,22.0,0.3954259231030771,0.27207687698101407,,
002319,乐通股份,成功,0.6592771414321187,24.1,0.508126346836549,0.35283944437212417,,
002320,海峡股份,成功,-0.7397106516127825,24.232695817947388,0.8380230346953065,-0.6830796774740422,,
002321,华英农业,成功,1.2071290363284422,23.1,0.37088740416198684,0.5574004494837761,,
002322,理工能科,成功,-0.454683928802897,21.0,0.6039714671632592,-0.36336209785638585,,
002323,*ST雅博,成功,0.03628189084599362,30.121469473838808,0.7616918806109891,0.16386484748387395,,
002324,普利特,成功,0.4913354242447868,26.1,0.595342289471693,0.28417237801017864,,
002326,永太科技,成功,0.4051703852727401,27.1,0.5213333731224149,0.25883817037283247,,
002327,富安娜,成功,-0.009297359262349491,9.95,0.3490691657066191,-0.0021773726764133827,,
002328,新朋股份,成功,0.07498941818834631,35.1,0.40298816620634004,0.1230342744113024,,
002329,皇氏集团,成功,-0.5231810397449049,36.100295543670654,0.6361699230223964,-0.30125028879073595,,
002330,得利斯,成功,-0.4350408467692142,23.43365728855133,0.5435415886923529,-0.28174142447687617,,
002331,皖通科技,成功,-0.6996284081462311,39.50454559326172,0.8363803973851156,-0.4609851974157463,,
002332,仙琚制药,成功,-0.27306893259186543,12.1,0.4174495127236403,-0.2537538607214938,,
002333,罗普斯金,成功,-0.5597227776349148,30.32440505027771,0.7164696266602533,-0.3749495251926704,,
002334,英威腾,成功,0.4280519456625648,35.0,0.408310881636577,0.27763575669814056,,
002335,科华数据,成功,-0.33557257771394505,39.95,0.6488539747556464,0.009515860410298274,,
002337,赛象科技,成功,0.30959809390070353,31.1,0.42171403456533624,0.22510172655322974,,
002338,奥普光电,成功,0.588420920650822,42.0,0.4887700989329966,0.32448999535179324,,
002339,积成电子,成功,-0.3574885487617798,35.54204046726227,0.6323392703083917,-0.10748974680759432,,
002340,格林美,成功,-0.2967315039257455,23.0,0.7131983994984754,-0.08990836608827063,,
002342,巨力索具,成功,3.2107391784493498,40.69048881530762,0.47068710031666233,0.659759934805016,,
002343,慈文传媒,成功,-0.3107050989268707,36.33490228652954,0.5496266861574685,-0.08503917313403445,,
002344,海宁皮城,成功,-0.17259542865716895,19.49924349784851,0.46842135019882125,-0.0745201384244875,,
002345,潮宏基,成功,0.4669108758378212,32.0,0.5394520997319416,0.2894176429537968,,
002346,柘中股份,成功,-0.342033936485614,25.5,0.5843087598851486,-0.12307939837473036,,
002347,泰尔股份,成功,-0.007123712794232124,43.14746377468109,0.4325925991255884,0.10483118936860797,,
002348,高乐股份,成功,0.9870201308874905,46.34248015880585,0.537507536397416,0.426188194360595,,
002349,精华制药,成功,0.34056363993462,28.1,0.5515682817482335,0.23204738852871157,,
002350,北京科锐,成功,0.6597838057555415,37.0,0.5378417469693968,0.34695222793425745,,
002351,漫步者,成功,-0.050997048792364365,24.164500534534454,0.5037236081415856,0.007994051424258432,,
002352,顺丰控股,成功,-0.11588534066404492,11.0,0.42465188551987665,-0.16615993707538174,,
002353,杰瑞股份,成功,0.8040558121240968,34.09452301263809,0.686898014281501,0.38484633903207327,,
002354,天娱数科,成功,-0.27572187961445044,62.0,0.5907394948408115,0.016278483095111006,,
002355,兴民智通,成功,-0.43941069216529655,37.55642936229706,0.6589458286241368,-0.1255887419586223,,
002356,鹏飞绿能,成功,0.9869164127960004,35.0,0.534086485512149,0.4326326047947935,,
002357,富临运业,成功,0.025212370465820713,28.35841820240021,0.4850052487083129,0.09978106785301563,,
002358,森源电气,成功,-0.40970048382627033,27.0,0.5434961398241821,-0.2086454061387404,,
002360,ST同德,成功,-0.5354526469867549,27.5,0.7497950512937313,-0.3401953134640663,,
002361,神剑股份,成功,0.07273818831117998,42.35502073764801,0.6938724311669845,0.14381170225099113,,
002362,汉王科技,成功,-0.2865084096146036,33.20882592201233,0.5857006117096192,-0.07023769400039702,,
002363,隆基机械,成功,-0.21318934503126716,35.27493965625763,0.4817731317634803,-0.019689900221738398,,
002364,中恒电气,成功,0.6082040709988988,32.1,0.6067872482059983,0.33629656265777064,,
002365,永安药业,成功,-0.034601811858519356,26.513516426086426,0.5535735334365057,0.025765613181919902,,
002366,融发核电,成功,-0.4184132125959098,46.10350453853607,0.6278480789739211,-0.11297232398227808,,
002367,康力电梯,成功,-0.3136387460232926,20.0,0.5526544854478241,-0.2690884414244685,,
002368,太极股份,成功,0.19574118163355086,23.2,0.3781419158720696,0.15262402299395056,,
002369,卓翼科技,成功,-0.19407064306640315,36.12863302230835,0.7301581883351349,0.006477699971303077,,
002370,亚太药业,成功,0.3629444892793184,32.47319192886353,0.672665197314719,0.2530350752543917,,
002371,北方华创,成功,0.09992146353177202,52.175273871421815,0.7130875227852905,0.17313063961352848,,
002372,伟星新材,成功,-0.3668004356607048,17.0,0.6956466966053588,-0.2881103857027203,,
002373,千方科技,成功,-0.2745931105668616,19.0,0.5674121966329613,-0.2048415340560691,,
002374,中锐股份,成功,-0.4348913080302441,28.0,0.6381707763395322,-0.2064730622701678,,
002375,亚厦股份,成功,-0.23531287816822705,18.89077913761139,0.5964116489733516,-0.14790076355956883,,
002376,新北洋,成功,-0.5416067009632071,16.1,0.6457588765770246,-0.5314677918342358,,
002377,国创高新,成功,-0.754186030132836,26.0,0.8099799409286024,-0.8197696796096945,,
002378,章源钨业,成功,1.746855050923,39.53159568309784,0.44657969326941,0.5784407335189731,,
002379,宏桥控股,成功,3.066273598969449,37.84896981716156,0.29438798879139466,0.762111171926362,,
002380,科远智慧,成功,-0.39510606750366906,34.11154294013977,0.6078053281909425,-0.14512512424047208,,
002381,双箭股份,成功,-0.3824133975920261,14.0,0.5349650390231142,-0.3636566602761827,,
002382,蓝帆医疗,成功,-0.30615866191006746,13.0,0.5338136098098417,-0.2985866297208864,,
002383,合众思壮,成功,-0.25440055193708266,35.368523716926575,0.7217314806704962,-0.024861815765387284,,
002384,东山精密,成功,0.24007904022184842,38.41322576999664,0.7276902575150344,0.2115211055368842,,
002385,大北农,成功,-0.6233019594377484,21.108807599544527,0.7307184421391116,-0.7128506853312775,,
002386,天原股份,成功,0.14885739618955296,30.145929217338562,0.4815711866567591,0.146275335213978,,
002387,维信诺,成功,-0.28984928610799077,27.11314857006073,0.5121298534008951,-0.1659618831715714,,
002388,新亚制程,成功,-0.035361950645883045,26.95,0.48716338965855854,0.05978885449182635,,
002389,航天彩虹,成功,0.28854166461565284,27.049999999999997,0.5700181356559085,0.2106455919676011,,
002390,信邦制药,成功,-0.04898092596703107,23.0,0.6814037446207787,0.02905739306487322,,
002391,长青股份,成功,-0.19937783310014623,5.0,0.3640737659483162,-0.1584444413547128,,
002392,北京利尔,成功,-0.41602892972725125,33.52824795246124,0.6684942868415101,-0.2660363891795925,,
002393,力生制药,成功,-0.6629694981720022,14.0,0.7114320444744183,-0.6309315252612507,,
002394,联发股份,成功,0.32884653284410886,17.1,0.4852059753423592,0.22544629469395605,,
002395,双象股份,成功,-0.05478092257571683,32.0,0.5164488910426824,0.09126436309492589,,
002396,星网锐捷,成功,-0.3172480937942439,27.5,0.584401417895568,-0.14954678482129913,,
002397,梦洁股份,成功,-0.5061117340985583,28.762109136581422,0.685689384727105,-0.3220968383924971,,
002398,垒知集团,成功,-0.6014815017673218,25.0,0.7172253503890529,-0.5691168890228279,,
002399,海普瑞,成功,-0.3732258906623862,16.0,0.5061316682005648,-0.42899919796421615,,
002400,省广集团,成功,-0.40547229366911003,45.54707947969437,0.8342952979872409,-0.08986008879603148,,
002401,中远海科,成功,-0.23703926012814583,29.3122878074646,0.6393255845014193,-0.06248791167908071,,
002402,和而泰,成功,0.7320684243421521,30.95,0.5362387353290277,0.37002839961601713,,
002403,爱仕达,成功,-0.5973355478599385,34.19277381896973,0.7064580280415652,-0.42179276190602993,,
002405,四维图新,成功,-0.45208090403974455,23.1,0.6079112269858363,-0.295129401718772,,
002404,嘉欣丝绸,成功,-0.313260782369051,17.0,0.5173937583956645,-0.14329170704277688,,
002406,远东传动,成功,-0.19755454555020507,34.0,0.5318228392967475,-0.01976004898139108,,
002407,多氟多,成功,3.371015904789469,35.0,0.6254910650909907,0.7954347024825973,,
002408,齐翔腾达,成功,0.4042884294953666,25.0,0.3925559445044055,0.25528618668825453,,
002409,雅克科技,成功,-0.07794428681622129,34.0,0.7682558004859525,0.05552138262517108,,
002410,广联达,成功,-0.15058550889172184,16.944093644618988,0.4948316627489223,-0.0768839239298802,,
002412,汉森制药,成功,-0.13065405438833536,22.658339142799377,0.42137978130599807,-0.053094790480022115,,
002413,雷科防务,成功,0.05629250876125341,28.421082949638368,0.595287681091629,0.11782476046336741,,
002414,高德红外,成功,-0.4666400651460719,26.95,0.6276281266063022,-0.2626807679087187,,
002415,海康威视,成功,-0.17540826133356707,19.5,0.5082736917297129,-0.16976320909621834,,
002416,爱施德,成功,-0.28869187866925017,37.38052673339844,0.606287761612512,-0.10194727069350079,,
002418,康盛股份,成功,0.13923265875595622,50.06495559215546,0.7001055173569349,0.17557271371039593,,
002419,天虹股份,成功,-0.4205189951669871,17.271703243255615,0.6450392319003239,-0.29416953185568534,,
002420,毅昌科技,成功,0.11021289814356948,24.281744122505188,0.5548801320718907,0.13542118755413454,,
002421,达实智能,成功,-0.27057409754223277,24.577611923217773,0.5600729728130444,-0.10452241959395454,,
002422,科伦药业,成功,-0.24979098012467688,22.5,0.5182880412520233,-0.1614492134410161,,
002423,中粮资本,成功,-0.5502955210969911,20.1,0.6660528022569502,-0.5521116442643286,,
002424,ST百灵,成功,0.06050924055242416,19.0,0.4947797097852435,0.08535376437702204,,
002425,凯撒文化,成功,0.3221428027419583,26.10139262676239,0.4363090138612541,0.22011813500143346,,
002426,胜利精密,成功,-0.0921681647254397,36.518757581710815,0.5120332098257411,0.077316952930181,,
002427,尤夫股份,成功,-0.774535951203853,34.51402077674866,0.8235077645608674,-0.7554187952921898,,
002428,云南锗业,成功,2.2152787485603107,40.1,0.5636535295725172,0.6426502506404401,,
002429,兆驰股份,成功,0.6061429585914058,32.255234360694885,0.461980217593512,0.3299635059322415,,
002430,杭氧股份,成功,1.1744263793526097,28.0,0.484758498361843,0.4873883002926313,,
002431,ST棕榈,成功,-0.7470377745743014,26.0,0.8420156193470278,-0.6488964116025385,,
002432,九安医疗,成功,1.328149125440467,33.24481135606766,0.3720310005104782,0.45443466976503677,,
002434,万里扬,成功,0.8149865633469683,25.943849623203278,0.45643183482803196,0.4090590990564497,,
002436,兴森科技,成功,1.2219873304376678,42.29082906246185,0.3980846574523575,0.47639281242106113,,
002437,誉衡药业,成功,-0.38639661111839474,25.0,0.7155650583393472,-0.22125478870111664,,
002438,江苏神通,成功,0.22190209878077075,27.95,0.6097503847515542,0.1920991544435443,,
002439,启明星辰,成功,-0.49337034577046057,16.0,0.6336561597912126,-0.5965460851299145,,
002440,闰土股份,成功,-0.14223895616793597,15.5,0.5632364631881,-0.09496675143880821,,
002441,众业达,成功,-0.32104335649824073,28.1,0.539670730280395,-0.16696982120027246,,
002442,龙星科技,成功,0.004570460217464716,33.0,0.5423206572696793,0.09564435235933694,,
002443,金洲管道,成功,-0.10261364917288723,27.95,0.6094938063178724,0.011578989548220479,,
002444,巨星科技,成功,0.23845218710583155,29.0,0.6392006854460532,0.19205261854587385,,
002445,中南文化,成功,0.2319550357075002,36.407770133018495,0.3862215350125482,0.19823347070751618,,
002446,盛路通信,成功,-0.40208867221033506,25.0,0.6816145917763327,-0.15939242663039915,,
002448,中原内配,成功,0.7893741289460016,27.39163670539856,0.5314913372599537,0.3915658144822803,,
002449,国星光电,成功,-0.428632088529567,15.0,0.6502593434504508,-0.28578977135652944,,
002451,摩恩电气,成功,-0.6962889680048955,29.16931359767914,0.7472950189202335,-0.5437243000965536,,
002452,长高电气,成功,-0.07786122196416341,30.92124891281128,0.5901024767779905,0.035813345291960806,,
002453,华软科技,成功,-0.1554803524540155,33.0,0.7194625696838355,0.01377527471522294,,
002454,松芝股份,成功,-0.5674111630370506,28.307380414009096,0.7338757525460194,-0.27760227286828837,,
002455,百川股份,成功,-0.29983307452340274,31.0,0.7008343187724541,-0.08838109535293949,,
002456,欧菲光,成功,-0.25625512252163596,32.0,0.6515795076185352,-0.07119454086474544,,
002457,青龙管业,成功,-0.33769779956121043,33.36129639148712,0.6752786234069644,-0.08973362826191443,,
002458,益生股份,成功,-0.6618015947468276,17.0,0.7262479404067173,-0.6025493664785061,,
002459,晶澳科技,成功,-0.21106870093440244,35.01332712173462,0.683622155916279,-0.03736211735699752,,
002460,赣锋锂业,成功,0.16772121083136038,36.18124146461487,0.5480393211442911,0.18829717737623766,,
002461,珠江啤酒,成功,0.09100027738052915,19.95,0.47565420597543273,0.06141532088251627,,
002462,嘉事堂,成功,-0.44655698261482996,18.1,0.5188290243267044,-0.3945867672448535,,
002463,沪电股份,成功,3.2168050390307235,41.5,0.49245818188927104,0.7424384309742776,,
002465,海格通信,成功,-0.4711935176411426,26.0,0.5633210701364842,-0.26904581261926497,,
002466,天齐锂业,成功,-0.12295435487088106,39.79183931350708,0.5944591285006159,0.03413150353015896,,
002467,二六三,成功,-0.5848416467561444,33.0,0.674853954928122,-0.3114003660215996,,
002468,申通快递,成功,-0.29865167312042235,21.6,0.5584181342699506,-0.17274172661214457,,
002469,三维化学,成功,0.04975702609509303,30.564179396629335,0.5623431360663216,0.13127948537366105,,
002470,金正大,成功,-0.1062177672609147,34.0,0.480526783177867,0.016922018414738324,,
002471,中超控股,成功,0.1006425186800366,35.1,0.6097673511896674,0.18043472614096026,,
002472,双环传动,成功,3.6314345920737354,34.6,0.459339796235148,0.7954925655116413,,
002474,榕基软件,成功,-0.5587782100476724,32.1,0.6261157356926401,-0.29173465365021267,,
002475,立讯精密,成功,-0.4892212221377996,25.95,0.5662657083105759,-0.3792306181655877,,
002476,新叶股份,成功,-0.340741165888924,28.2,0.6441681138707224,-0.1776464663914417,,
002478,常宝股份,成功,0.7052844847827276,24.1,0.35931787550855093,0.3657120077425576,,
002479,富春环保,成功,-0.6261139322273105,15.0,0.7375002447405679,-0.6557226535605104,,
002480,新筑股份,成功,-0.635826110860278,33.03724628686905,0.6822748393060911,-0.4599958000009888,,
002481,双塔食品,成功,-0.6110438321140905,18.86133748292923,0.7274032186090499,-0.6737621514198064,,
002482,广田集团,成功,-0.6488608048816918,24.1,0.7290955627166928,-0.6910008098695201,,
002483,润邦股份,成功,0.07640835329703302,21.147080898284912,0.5575006455441103,0.10257360509635441,,
002484,江海股份,成功,0.8943307209869952,35.01511052846909,0.42149186709263026,0.4068379716127075,,
002485,ST雪发,成功,0.007694782759682567,26.05,0.6301525825947228,0.04322286101056944,,
002486,嘉麟杰,成功,-0.20389593761735902,21.0,0.5453433203774035,-0.0738962946547567,,
002487,大金重工,成功,1.2308214416437042,29.0,0.6239909729851916,0.5075683566202894,,
002488,金固股份,成功,1.1686327617922512,24.0,0.3551190420545779,0.4963901490287806,,
002489,浙江永强,成功,-0.4996423118796255,19.321769452095033,0.6168643942679565,-0.4170782358132388,,
002490,山东墨龙,成功,0.5284803358194688,42.39757461547852,0.5797745788832612,0.31278871272878417,,
002491,通鼎互联,成功,0.3778294542989836,43.99013308286667,0.580009352853331,0.25696099488570545,,
002492,恒基达鑫,成功,-0.03705124459070532,23.049999999999997,0.41161632177664326,0.06435084779312801,,
002494,华斯股份,成功,-0.3089922505523145,31.1,0.4525658891099752,-0.08576958350276837,,
002493,荣盛石化,成功,0.003807267555924918,21.918963611125946,0.7144060355339984,0.06200195092518216,,
002495,佳隆股份,成功,-0.4530910776974262,20.0,0.6190159846170892,-0.2633985377233606,,
002496,辉丰股份,成功,-0.46457278343530367,30.5,0.7449102228353663,-0.2613732385464269,,
002497,雅化集团,成功,2.4765095132028376,33.2,0.47429364388297846,0.6901302251846684,,
002498,汉缆股份,成功,-0.7676022138578532,33.849251329898834,0.7924758723090857,-0.7835923070441845,,
002500,山西证券,成功,-0.33212426408236395,14.0,0.44118112754000555,-0.4074363392971248,,
002506,协鑫集成,成功,-0.5330445283405876,35.216649651527405,0.8132991852187015,-0.23995773957681785,,
002507,涪陵榨菜,成功,-0.35548065785158434,9.939437568187714,0.6064411423281292,-0.44241997223375124,,
002501,*ST利源,成功,-0.3283324435900165,35.37526181936264,0.692283915795028,-0.13792370572860121,,
002508,老板电器,成功,-0.5400354073797066,13.0,0.6652582226766464,-0.6396864991697209,,
002510,天汽模,成功,-0.36440240608709634,39.25574109554291,0.5682117295098371,-0.10838512687844629,,
002511,中顺洁柔,成功,0.36452388335747266,13.924526035785675,0.36755446994416535,0.23510888996614626,,
002512,ST达华,成功,-0.24405272967946948,37.353360056877136,0.47510475853343365,-0.0013161967579638125,,
002513,蓝丰生化,成功,0.8640575010174204,36.749320125579835,0.3406822538897569,0.40047509041730806,,
002514,*ST宝馨,成功,-0.7444797186780011,31.518737530708314,0.7541803937086545,-0.5742713264456045,,
002515,金字火腿,成功,0.5334517396070785,21.837886810302734,0.4644362334599307,0.30220352111500487,,
002516,旷达科技,成功,0.11919350228340655,30.08519263267517,0.49767907409143963,0.13763460969855135,,
002517,恺英网络,成功,2.0259010866799945,39.0,0.5436225571474539,0.6459236571310989,,
002518,科士达,成功,1.0430032241173006,39.234610772132875,0.45045714362029915,0.43749849557730813,,
002519,银河电子,成功,-0.16263738247543413,35.93432152271271,0.6050766214875021,0.04558023643478957,,
002520,日发精机,成功,-0.44869708750435167,42.1900553226471,0.6167665433350119,-0.15511545836759955,,
002521,齐峰新材,成功,0.516132131221974,18.95,0.5647807032618031,0.30243666593219926,,
002522,浙江众成,成功,-0.021518599798775975,26.071900725364685,0.5295912233670149,0.04312949055038299,,
002523,天桥起重,成功,0.0648399057772891,35.0,0.457527881620106,0.1286002983520404,,
002524,光正眼科,成功,-0.4451429419881282,25.0,0.672135292314733,-0.28375719123745313,,
002526,山东矿机,成功,-0.40317052073814985,26.95,0.48642802241001026,-0.17419071462217994,,
002527,新时达,成功,0.8811988956239357,32.0,0.3677282180789789,0.40745596798969946,,
002528,*ST英飞,成功,0.07991589876588275,31.861049747467042,0.5830910605820487,0.10847980861236213,,
002529,海源复材,成功,-0.5225250648790525,35.41053445339203,0.7465622587194641,-0.2814178186426703,,
002530,金财互联,成功,-0.5567357608411556,36.50054261684418,0.6208340766209306,-0.23574346194635018,,
002531,天顺风能,成功,-0.2334609621992048,26.0,0.6385207888171542,-0.09476834812096363,,
002532,天山铝业,成功,0.41293412117628436,38.19339340925217,0.6571208393228201,0.2697058040884362,,
002533,金杯电工,成功,-0.304922199649924,28.95,0.5430639985127277,-0.11145813822759014,,
002534,西子洁能,成功,-0.34710859463797455,32.15424816608429,0.6891625438874333,-0.10125048850014141,,
002535,林州重机,成功,0.6268385056321949,30.0,0.3911406001437063,0.3361345782372224,,
002536,飞龙股份,成功,1.9849068816491053,52.0,0.49703653149395877,0.5776795589899012,,
002537,海联金汇,成功,0.0973796918844209,36.108548521995544,0.5156609309367743,0.1470809962244244,,
002538,ST司特,成功,-0.07577519793788305,26.91729211807251,0.6506384903162381,0.014100117546964866,,
002539,云图控股,成功,1.7650547470814857,25.85948497056961,0.4818673114906165,0.5989350502965596,,
002540,亚太科技,成功,-0.26724633723990526,21.0,0.5735233769983937,-0.13244599357307632,,
002541,鸿路钢构,成功,-0.0739399102919834,21.6,0.5152351395167204,0.02837579314811978,,
002542,*ST中岩,成功,-0.7171444553454459,28.253809785842897,0.720880341722571,-0.6956925083580086,,
002543,万和电气,成功,-0.28451002061669484,24.8,0.5517457742276181,-0.14761524320582076,,
002544,普天科技,成功,-0.45126920251118186,28.0,0.6466296093278646,-0.24966142981123832,,
002545,东方铁塔,成功,1.2809824099190956,27.070473194122314,0.2795601827373114,0.5194089715759779,,
002546,新联电子,成功,-0.10210982093866376,33.91834604740143,0.4944537951132181,0.02203107834302919,,
002547,*ST春兴,成功,-0.5217556894084391,42.141499519348145,0.6352066606488315,-0.2551956130904095,,
002548,金新农,成功,-0.31772469766622596,30.449915766716003,0.47275691759482374,-0.15986643237365358,,
002550,千红制药,成功,-0.07122448721287743,26.396054720878602,0.4498125869802602,0.021396664219887656,,
002549,凯美特气,成功,1.9821808822243423,34.24178485870361,0.497838714973102,0.5947194397383866,,
002551,尚荣医疗,成功,-0.4095086661561778,21.95146083831787,0.5779654743241736,-0.31984665982715893,,
002552,宝鼎科技,成功,1.292294481185769,23.417804217338563,0.35583129380373985,0.5061000933240102,,
002553,南方精工,成功,-0.24320222954770754,52.59331512451172,0.6822973179802312,0.01988432547648039,,
002554,惠博普,成功,0.5932562594430419,33.432130908966066,0.34835901349011045,0.3281301205571824,,
002555,三七互娱,成功,-0.3564929583029359,27.95,0.537284641892523,-0.17107043391038185,,
002556,辉隆股份,成功,-0.29853933190132026,19.205256462097168,0.4826990896431285,-0.221990039720756,,
002557,洽洽食品,成功,-0.18372161147202073,13.0,0.5024800474240171,-0.16411110567274806,,
002558,巨人网络,成功,0.2278246238028945,24.0,0.48683979270486055,0.16792047407266344,,
002559,亚威股份,成功,-0.5824211792576608,47.155593037605286,0.7782711921273514,-0.3114919254324824,,
002560,通达股份,成功,0.16973132798224105,31.679593896865846,0.5541447404152693,0.17605669433590296,,
002561,徐家汇,成功,-0.3424429578739658,24.291558957099916,0.6177512835139897,-0.19518017111355168,,
002562,兄弟科技,成功,-0.12599403929893932,22.56688630580902,0.508164749631703,0.007080732046418646,,
002563,森马服饰,成功,-0.40903226662158965,17.445991575717926,0.5475131117170009,-0.3529265558954058,,
002564,天沃科技,成功,-0.36921250071439154,38.931228613853456,0.6457414181089544,-0.08907469969896661,,
002565,顺灏股份,成功,0.13208898164733474,45.1,0.6431491898659881,0.17070834340744642,,
002566,益盛药业,成功,-0.16836884803620603,25.487119793891907,0.47584620091301716,-0.044501430186201896,,
002567,唐人神,成功,-0.5613983982887748,19.1,0.7011551614125009,-0.6141940817574781,,
002568,百润股份,成功,0.23843639971051728,25.93355917930603,0.6243277209232941,0.19659196566339948,,
002569,*ST步森,成功,-0.04360812044862978,30.45,0.5935689541781094,0.02387362732395118,,
002570,贝因美,成功,-0.6663398705794885,30.88293308019638,0.7180732648617969,-0.5518648171463887,,
002571,德力股份,成功,-0.26772008210894144,34.711356496810915,0.7775902524476058,-0.04185961229993363,,
002572,索菲亚,成功,-0.46212790490083894,22.95,0.5570277297408854,-0.3832412336315447,,
002573,清新环境,成功,-0.6438417963914881,20.0,0.6439021519589527,-0.7994714902246098,,
002574,明牌珠宝,成功,-0.1386043491532684,31.1,0.4955875956052492,-0.027269028081629367,,
002575,群兴玩具,成功,-0.2704728969853108,50.1,0.5636737435616448,-0.05378741126297481,,
002576,通达动力,成功,-0.04286326183020763,40.0,0.672024327769103,0.1024778464991202,,
002577,雷柏科技,成功,0.7444957943808355,29.95,0.4210462923067399,0.36921395206992724,,
002578,闽发铝业,成功,0.14946483060588434,32.26403021812439,0.4780240226775994,0.16557254046214023,,
002579,中京电子,成功,-0.3526278728875958,27.156115889549255,0.5881807355427005,-0.09715144974735794,,
002580,圣阳股份,成功,2.727318101843553,40.34039015769959,0.5955871339460465,0.6990483377993921,,
002581,*ST未名,成功,-0.8090532944008954,29.706750988960266,0.8545259774478413,-0.9319426943258153,,
002582,好想你,成功,0.1852427344085065,25.480658292770386,0.4986686930977091,0.1730924881933857,,
002583,海能达,成功,0.22015784974173672,20.85186755657196,0.6305361844937938,0.21403245739385113,,
002584,西陇科学,成功,0.3316375180900277,35.769843101501465,0.4845535734086616,0.2488213766900108,,
002585,双星新材,成功,8.484476050920161,28.1,0.40217919681623965,1.2319204572661016,,
002586,ST围海,成功,0.8164482971462301,25.0,0.5172663902075991,0.3984892149608342,,
002587,奥拓电子,成功,-0.6743023412257989,30.0,0.7155299796546492,-0.43739225716182156,,
002588,史丹利,成功,0.436104466399877,18.0,0.41009962534334976,0.27174968184999165,,
002589,瑞康医药,成功,-0.36745023386283204,23.0,0.49502263637864574,-0.21716692952286132,,
002590,万安科技,成功,0.014322416223255422,31.1390198469162,0.5456004368113244,0.10762644979314431,,
002591,恒大高新,成功,-0.03047189860665225,31.237268352508544,0.4175467636604401,0.07238167709966231,,
002592,ST八菱,成功,0.24268853967098084,32.470160722732544,0.4780777476801013,0.19219170935370306,,
002593,日上集团,成功,-0.02916111876115916,28.300636172294617,0.5307990086688474,0.06165729788450156,,
002594,比亚迪,成功,-0.5565969045702445,28.05,0.8109118752727265,-0.08541768717595212,,
002595,豪迈科技,成功,-0.05902975785584436,20.0,0.5342970157387956,0.020479415751711808,,
002596,海南瑞泽,成功,-0.07900661884626752,28.631238222122192,0.6430825796462221,0.004314737969729244,,
002597,金禾实业,成功,0.06323826675531091,23.072305512428283,0.4338187081348594,0.08001423334771074,,
002598,ST章鼓,成功,-0.18592154171702685,36.23231387138367,0.686752928820316,0.0011196549039074704,,
002599,盛通股份,成功,-0.42415026017651986,41.31591150760651,0.6641959627378675,-0.16926421843440329,,
002601,龙佰集团,成功,-0.18954388123755664,20.95,0.7059603101538807,-0.06370073751006601,,
002600,领益智造,成功,0.931482650480184,42.95,0.4455155634801344,0.4148944425674955,,
002602,世纪华通,成功,1.552775184865755,31.93955671787262,0.49138522915173494,0.5701440917226642,,
002603,以岭药业,成功,-0.48175521075847993,19.632050275802612,0.5569419712722227,-0.29315298029037257,,
002605,姚记科技,成功,1.3355573497872713,24.1,0.3563846892536827,0.5530181005166455,,
002606,大连电瓷,成功,-0.5233955405757063,30.41362202167511,0.6870020499655142,-0.27389417822507667,,
002607,中公教育,成功,-0.43549089168613214,19.95,0.6266214798596101,-0.26906555178222313,,
002608,江苏国信,成功,-0.45448636781708074,19.367626070976257,0.6275015826615304,-0.3694849772175493,,
002609,捷顺科技,成功,-0.2256525361366509,20.2,0.5191980116787893,-0.09490655681870362,,
002611,东方精工,成功,0.595097519475662,25.0,0.38154740912262153,0.3271013687516678,,
002612,朗姿股份,成功,-0.2542155347235118,31.246450757980348,0.6594061823891886,-0.05488483108971523,,
002613,北玻股份,成功,-0.45812826110231764,29.1,0.6441755611090956,-0.24252626760689172,,
002614,奥佳华,成功,0.512222920076845,21.2,0.38776139030733103,0.30626762603227403,,
002615,哈尔斯,成功,-0.15816370138855448,33.207378602027894,0.5527497646139752,0.025504234573066293,,
002616,长青集团,成功,-0.2996528957591002,19.142291140556335,0.5085862286413757,-0.2328747329406852,,
002617,露笑科技,成功,0.20143455076968647,33.78912208080292,0.5495144726788971,0.19749042046871457,,
002620,*ST瑞和,成功,-0.7242460407881102,32.50027096271515,0.848978603641763,-0.528873626084665,,
002622,皓宸医疗,成功,0.12829938030900914,35.34253990650177,0.6910355362882662,0.15598398951833525,,
002623,亚玛顿,成功,-0.7901041673760327,22.818912386894226,0.8509434792657969,-1.029083906766925,,
002624,完美世界,成功,-0.371563347306035,24.0,0.5813429128663209,-0.19072217905428215,,
002625,光启技术,成功,-0.5262289738374568,22.0,0.6643213826875762,-0.38566619390268103,,
002626,金达威,成功,0.19043291699101478,17.0,0.46205951054604616,0.12454604884131067,,
002627,三峡旅游,成功,-0.6322191804007729,24.0,0.7038330687880465,-0.4070240219776891,,
002628,成都路桥,成功,-0.6880175494543558,24.0,0.6960356689710825,-0.6121168434521308,,
002629,仁智股份,成功,0.3659831328094262,41.0,0.4753180399265518,0.26303185228477766,,
002630,*ST华西,成功,-0.3216216821230938,30.1,0.6572556172043864,-0.062137552033902144,,
002631,德尔未来,成功,-0.41253193879564887,27.0,0.6810960618702528,-0.19099997363915866,,
002632,道明光学,成功,-0.32244464385621613,31.95,0.5051471868412851,-0.08273182262934517,,
002633,申科股份,成功,0.0069662273214593,37.9269335269928,0.6408905467635876,0.08525075696925219,,
002634,*ST棒杰,成功,0.12515594244250502,29.95,0.5794863081528058,0.14998418622575233,,
002635,安洁科技,成功,-0.601554723699973,28.0,0.7107214972031203,-0.4247096493281917,,
002636,金安国纪,成功,5.148841140560025,35.28034958839417,0.4792362647807669,0.9010640158127861,,
002637,赞宇科技,成功,-0.44204640569515674,25.0,0.6083280669275467,-0.23473219900120737,,
002638,勤上股份,成功,-0.14844580013355313,38.217421770095825,0.5835888733946096,0.04493849057136256,,
002639,雪人集团,成功,0.6789443283199472,42.24544668197632,0.5154865967398823,0.3532248543022339,,
002640,跨境通,成功,-0.12784973717929154,33.77684125900269,0.6845983882904058,0.05041218675385653,,
002641,公元股份,成功,-0.7016495680226597,21.462279319763184,0.7528629942616211,-0.7718253214704861,,
002642,荣联科技,成功,-0.33515804608207794,47.17895519733429,0.5464504266100446,-0.07392193248779791,,
002643,万润股份,成功,-0.5832052346866439,23.95,0.7654541258230217,-0.40684220736029936,,
002644,佛慈制药,成功,-0.38805168103087695,29.0,0.4748519414452765,-0.21701443955911143,,
002645,华宏科技,成功,-0.1727553920572797,38.0,0.7392957362118544,0.05299222549982381,,
002646,天佑德酒,成功,-0.1462623183992434,17.410645246505737,0.6522072650395987,-0.03764822805542991,,
002647,仁东控股,成功,0.2153901037556582,28.0,0.5859275794947763,0.17707106592514135,,
002648,卫星化学,成功,0.1431724613950675,25.5,0.6608344632765351,0.16504961087689118,,
002649,博彦科技,成功,0.7203317966482686,25.0,0.31383885972440767,0.36500762194627295,,
002650,ST加加,成功,0.35385508320117487,26.91634565591812,0.5904207390877149,0.2272904719439529,,
002651,利君股份,成功,-0.42059728276823816,32.0,0.7148089966820482,-0.15890397521277105,,
002652,扬子新材,成功,0.01679836452333184,30.392013430595398,0.5429541037934822,0.10068009059942833,,
002653,海思科,成功,-0.23292117059846365,25.0,0.6356480993107805,-0.06179427232171366,,
002654,万润科技,成功,0.05534505265789485,51.16678559780121,0.6134970776095416,0.17876540644407066,,
002655,共达电声,成功,-0.09003381277582317,37.0,0.6963423204801518,0.0643646692536107,,
002656,摩登大道,成功,0.7286233501652005,27.5,0.3490571231094043,0.4074440813368843,,
002657,中科金财,成功,0.11342929653131417,40.534375071525574,0.5659462550815646,0.1618398705851847,,
002658,雪迪龙,成功,-0.3448184579085476,26.26114797592163,0.6316934604901254,-0.13178892575337434,,
002659,凯文教育,成功,-0.2582263229729193,32.0,0.6631811671806133,-0.05086062991389804,,
002660,茂硕电源,成功,-0.4968261317106375,25.501694321632385,0.58907921196431,-0.259135841219895,,
002661,克明食品,成功,-0.41776277288350755,12.0,0.6062734007268985,-0.4108419356229456,,
002662,峰璟股份,成功,-0.628604834073906,28.074541091918945,0.7678020245231967,-0.5006338872850749,,
002663,普邦股份,成功,-0.21882976325741182,25.0,0.5887548985332862,-0.04988750180166913,,
002664,信质集团,成功,0.06597891668617216,33.0,0.596363897261974,0.11848589844681437,,
002666,德联集团,成功,-0.2587542927221756,19.1,0.6684454614608011,-0.12341593785893352,,
002667,*ST威领,成功,1.3779086519899435,46.0694842338562,0.5666071631825472,0.4999557981674735,,
002668,TCL智家,成功,-0.2182271875851907,27.0,0.5514125590979618,-0.0958747027268814,,
002669,康达新材,成功,0.5446444364431291,22.132349610328674,0.3755824499017049,0.30860413409825277,,
002670,国盛证券,成功,-0.43095747231798975,42.0,0.7648665254628159,-0.1802706662433892,,
002671,龙泉股份,成功,-0.04283464043461965,25.738524317741394,0.4818979647773233,0.029663485038944795,,
002672,东江环保,成功,-0.5444111314287821,10.0,0.5838455969580613,-0.6622126938075683,,
002673,西部证券,成功,-0.5013757561243969,13.0,0.5862833634211209,-0.6173225790005005,,
002674,兴业科技,成功,-0.3363542042408731,30.232150530815126,0.7349739071436897,-0.12250209308138832,,
002675,东诚药业,成功,-0.337479387040937,20.1,0.5953679627075997,-0.27380111932174683,,
002676,顺威股份,成功,0.6431073259213121,31.620348572731018,0.3750793640677926,0.33932958162292176,,
002677,浙江美大,成功,-0.39396852328190796,21.46808832883835,0.6487747479709701,-0.3562424106406219,,
002678,珠江钢琴,成功,-0.5330290291338742,19.1,0.6126887121222815,-0.40340541378055844,,
002679,福建金森,成功,0.5083787066845494,23.1,0.4681244797081825,0.2954480765586253,,
002681,奋达科技,成功,0.17916840925749392,38.74160897731781,0.6339258376108512,0.17754999070571445,,
002682,龙洲股份,成功,-0.274541270153347,34.87947819232941,0.5652815815306177,0.016229069454959645,,
002683,广东宏大,成功,0.5575507938379305,21.096987557411193,0.3782527341992997,0.31870397599842837,,
002685,华东重机,成功,-0.43335216253427267,46.0,0.7584733780821954,-0.22722367897500806,,
002686,亿利达,成功,0.05877877106636792,28.127254843711853,0.5361546712902046,0.10874498962862165,,
002687,乔治白,成功,-0.009003632466002017,16.796487903594972,0.42374804180942005,0.013327921233439474,,
002688,金河生物,成功,-0.2918412533557235,17.0,0.5865682222007813,-0.20854893215721332,,
002689,ST远智,成功,-0.46099181487172985,39.456590032577516,0.6144571347926624,-0.1904624731019011,,
002690,美亚光电,成功,-0.33340446847703614,14.0,0.5960306500478468,-0.32139681475267784,,
002691,*ST冀凯,成功,0.698792627706037,43.38635504245758,0.4684100639425606,0.35742224618004276,,
002693,双成药业,成功,-0.48754695511900137,40.324870467185974,0.6405274367705244,-0.23032795826289149,,
002692,远程股份,成功,-0.11414695724990946,22.59008800983429,0.5380591191827958,0.0010060159264520152,,
002694,*ST顾地,成功,0.0036562075295367685,32.0,0.47900316380683294,0.09424448257417321,,
002695,煌上煌,成功,-0.028039244754337413,22.0,0.5745899647597458,0.02124814238800309,,
002696,百洋股份,成功,0.6647131021574987,24.20273349285126,0.3471316545991704,0.3514982768029348,,
002697,红旗连锁,成功,-0.38539400096947485,21.0,0.5375735762337714,-0.25896992028258475,,
002698,博实股份,成功,-0.36416518995733704,17.94973647594452,0.550244022239307,-0.22538514405349527,,
002700,万憬能源,成功,-0.05399663063482338,26.1,0.413851714923405,0.008536500605678541,,
002701,奥瑞金,成功,-0.18211159011591357,23.0,0.5625263337446575,-0.109627537529384,,
002702,海欣食品,成功,-0.4542541941026662,33.18460112810135,0.6463086716039519,-0.2974390616411946,,
002703,浙江世宝,成功,-0.4967403146255097,35.11909008026123,0.760531942243892,-0.16973420524979352,,
002705,新宝股份,成功,-0.6205484284889231,15.0,0.7110454148598606,-0.684360307334518,,
002706,良信股份,成功,-0.42411211952888594,23.0,0.6287118999847582,-0.2751957932664277,,
002707,众信旅游,成功,-0.49608029335275694,32.88348239660263,0.6874098216209971,-0.2862698265241707,,
002708,光洋股份,成功,-0.5590437162179788,41.252095460891724,0.6297050491117416,-0.2333623936655186,,
002709,天赐材料,成功,1.4553832164605023,33.0,0.66820077776352,0.5246198279153518,,
002712,思美传媒,成功,-0.1965851049055626,36.69034988880158,0.5005619030760007,-0.01734624805872507,,
002713,东易日盛,成功,-0.575635146449832,51.46925542354584,0.7801383103764071,-0.3063154647259222,,
002714,牧原股份,成功,-0.12957176586258895,14.95,0.4956069207549301,-0.15972726983880758,,
002715,登云股份,成功,-0.47480806682113924,20.95,0.7617717129325762,-0.24799101913613325,,
002716,湖南白银,成功,1.435346004478049,47.727535820007326,0.5243194348270722,0.4864866345623998,,
002717,*ST岭南,成功,-0.7163734361454,39.08050346374512,0.7170471334467173,-0.5242190873556337,,
002718,友邦吊顶,成功,1.70926005659073,28.5,0.5222973684517231,0.594810055231622,,
002719,ST麦趣,成功,-0.5085159499260092,34.46355211734772,0.6683483659736873,-0.234542830660801,,
002721,金一文化,成功,-0.5677498140775766,33.1,0.7043006502430609,-0.3493060968920652,,
002722,物产金轮,成功,-0.41313618565259647,21.0,0.5975530534267537,-0.2616137679966027,,
002723,小崧股份,成功,-0.17493308862736828,32.1,0.6250444264964787,-0.02302702191845423,,
002724,海洋王,成功,1.4536557126963934,19.0,0.5640882036224587,0.5735753799830755,,
002725,跃岭股份,成功,-0.379008247569101,37.1,0.682612015596586,-0.06407927077548213,,
002726,ST龙大,成功,-0.4365856055666665,17.209827375411987,0.6837214438065357,-0.4710334943584681,,
002727,一心堂,成功,-0.12756856623176996,16.0,0.4897423661515709,-0.07507231955735934,,
002728,特一药业,成功,-0.2741027788972498,28.1,0.5080181182373195,-0.0941259042317928,,
002729,好利科技,成功,-0.6242315829050062,24.3299822807312,0.7587720514639067,-0.36068704754299796,,
002730,电光科技,成功,1.6767336288913508,22.10847419500351,0.4844448105289852,0.6071938846863125,,
002731,*ST萃华,成功,3.25753993035113,29.104445099830627,0.5268763414006533,0.8423223353808598,,
002732,燕塘乳业,成功,-0.28155647582838167,17.0,0.526144044810887,-0.21268082893276152,,
002733,雄韬股份,成功,0.5962986873748768,32.23951706886292,0.45375917236116464,0.3281470443811002,,
002734,利民股份,成功,-0.46737272812978675,25.0,0.6191253018498662,-0.33288589268445895,,
002735,王子新材,成功,0.0832345853542062,27.110139441490173,0.6237889719278533,0.11261594114658106,,
002736,国信证券,成功,-0.30602567950010023,11.0,0.4670560937163238,-0.38286900799924667,,
002737,葵花药业,成功,0.157608103656506,15.5,0.4704227549601841,0.12634688763461516,,
002738,中矿资源,成功,3.7250536124737916,46.1,0.4624413647417871,0.8060995791576141,,
002739,儒意电影,成功,-0.5371905538920105,22.206323623657227,0.7021445850758694,-0.4607945616042406,,
002741,光华科技,成功,-0.031431666597988225,33.134236454963684,0.5612458718774884,0.06877018072084824,,
002742,冀衡医药,成功,-0.5270177379742601,31.1,0.6463540032233213,-0.43033582458354896,,
002743,富煌钢构,成功,-0.021987153220882027,24.2,0.5909160821333361,0.019575826035601075,,
002745,木林森,成功,-0.41143880392885684,28.0,0.7144348903428135,-0.2822197253455999,,
002746,仙坛股份,成功,-0.35535506538424166,9.5,0.41866153417755875,-0.2875932430940375,,
002747,埃斯顿,成功,2.1748678805848183,38.0,0.5584072647176225,0.6486751816725392,,
002748,世龙实业,成功,0.157566903121168,34.519766092300415,0.4255696812190359,0.16259405123412682,,
002749,国光股份,成功,-0.6295756341826634,20.91396564245224,0.6855885831814491,-0.6628573877759246,,
002752,昇兴股份,成功,-0.6606268619089312,24.95,0.7496655020036647,-0.5679227776126612,,
002753,永东股份,成功,-0.6596768871594241,24.0,0.7711617017077742,-0.5614404686746781,,
002755,奥赛康,成功,0.28763570893575435,16.9451921582222,0.41403661049630314,0.203930099552079,,
002756,永兴材料,成功,1.233168014992723,45.23637638092041,0.6747790994522757,0.47361933712499177,,
002757,南兴股份,成功,-0.24495942455737765,32.95,0.5659454532437814,0.0032615725048085386,,
002758,浙农股份,成功,-0.4497003276872743,22.0,0.6201928937017691,-0.3388316815367485,,
002759,ST天际,成功,0.0517670842063427,34.361796855926514,0.634315626803844,0.11991027422514557,,
002760,凤形股份,成功,-0.08879580007738026,29.0,0.5073739273806925,0.013415214441808303,,
002761,浙江建投,成功,-0.3260939665835406,20.1,0.4734069689234932,-0.2997104719695986,,
002762,金发拉比,成功,-0.46622923999589116,41.255673027038576,0.7267474547693176,-0.19176449847286206,,
002763,汇洁股份,成功,-0.17824846778795939,24.346609234809875,0.5868323537477221,-0.05621677878360674,,
002765,蓝黛科技,成功,0.7293233032548203,42.0,0.3974453329457105,0.3658210324470152,,
002766,索菱股份,成功,-0.14840476438056022,45.289717292785646,0.4695116483593883,0.045539158485422955,,
002767,先锋电子,成功,0.9653358202408554,34.364892578125,0.4018330914944647,0.44385113989843944,,
002768,国恩股份,成功,-0.43446996010352523,20.6,0.5109170677161556,-0.27118978389013276,,
002769,普路通,成功,1.0961731493022469,40.1,0.4206638109872142,0.4618801602138701,,
002771,真视通,成功,-0.5402233386597788,39.97703750133515,0.6943403124214572,-0.26812205422121627,,
002772,众兴菌业,成功,0.5811717894670687,33.08171935081482,0.6103427383454705,0.3212620557955874,,
002773,康弘药业,成功,0.12905091919406347,15.0,0.2596239576809267,0.08474924485644729,,
002774,快意电梯,成功,0.5150478297160415,26.6,0.4444423976678731,0.30221125046167907,,
002775,文科股份,成功,-0.7057501368530272,23.0,0.759307003363465,-0.5990915633073118,,
002777,久远银海,成功,-0.10032995213168382,27.41714684963226,0.4074948925245411,0.005471570383642601,,
002778,中晟高科,成功,-0.15736622035903144,14.2,0.5251678890019449,-0.030693757276841843,,
002779,中坚科技,成功,2.6727261963108218,39.11076545715332,0.44229036322453474,0.6967794840989044,,
002780,三夫户外,成功,-0.5507739961666216,27.700988173484802,0.6719850719636216,-0.3308187527714611,,
002782,可立克,成功,0.5695744197137357,33.95,0.5507211260265572,0.3228103950440705,,
002783,凯龙股份,成功,-0.6210065135494499,27.0,0.6890400469449263,-0.5046651313580985,,
002785,万里石,成功,-0.22886304979271765,29.180283308029175,0.5490851453830253,-0.04670089414223292,,
002786,银宝山新,成功,-0.47764523778092094,37.97040504217148,0.6444821290455136,-0.18850866209343012,,
002787,华源控股,成功,0.07860281646012023,29.658604073524476,0.5213767381363478,0.12675698475418223,,
002788,鹭燕医药,成功,-0.3316269744067351,21.95,0.5322159294974463,-0.2078598446859118,,
002789,*ST建艺,成功,-0.40093809886593207,26.68817400932312,0.5768755703732555,-0.2054689024563112,,
002790,瑞尔特,成功,0.421857765737492,25.95,0.4351132362654271,0.2605228724651643,,
002791,坚朗五金,成功,-0.04827049058533652,22.95,0.5999058219136023,-0.008686103765211301,,
002792,通宇通讯,成功,-0.019430527006296324,41.47627365589142,0.44331549678266446,0.09599617389199587,,
002793,罗欣药业,成功,-0.7857930384539389,23.0,0.8389578792186784,-0.9453219156611778,,
002795,永和智控,成功,-0.4472510047937344,32.45915858745575,0.6664607415981211,-0.20311125034024724,,
002796,世嘉科技,成功,0.5112653962426991,40.2198041677475,0.5907450164628446,0.3070348717866728,,
002797,第一创业,成功,-0.7835819697219186,20.2,0.8116816794585815,-1.0937860196021545,,
002798,帝欧水华,成功,-0.3676783135211016,19.0,0.6580628108311892,-0.29929653773622883,,
002799,环球印务,成功,-0.6139847788022907,18.413152170181274,0.6677175178001199,-0.4521059969132254,,
002800,天顺股份,成功,1.0839294915161652,36.414969301223756,0.5127655356953099,0.45830218624583147,,
002801,微光股份,成功,-0.5511336204147931,31.0,0.6510694560764672,-0.28179175229258324,,
002802,洪汇新材,成功,0.12187302245108717,24.0,0.5806839642255713,0.12824513764550793,,
002803,吉宏股份,成功,0.24709808610700887,27.238396286964417,0.6460592524017216,0.1979140470082287,,
002805,丰元股份,成功,1.6098076931079062,46.1,0.6243009284448712,0.5298140686186692,,
002806,华锋股份,成功,-0.7067985345041123,33.20342240333557,0.8057950727552748,-0.4542275225587856,,
002807,江阴银行,成功,-0.328639449943221,10.0,0.33534710335014917,-0.37009152649872334,,
002809,红墙股份,成功,-0.3389253166106183,12.0,0.49681754733540456,-0.1558509845341873,,
002810,山东赫达,成功,0.0875329816659294,24.95,0.7446383815891002,0.14657625070745756,,
002811,郑中设计,成功,-0.4231252408832895,30.9,0.7697333308095186,-0.17123564758119722,,
002812,恩捷股份,成功,1.8307415546527075,27.95,0.5621943931382887,0.60929585631421,,
002813,路畅科技,成功,-0.392772382776846,31.434275269508362,0.6006947417759798,-0.15312884423520715,,
002815,崇达技术,成功,-0.27282402708201914,30.1,0.5939920404086555,-0.11204558455290978,,
002816,*ST和科,成功,-0.4727527567612979,29.0,0.7626344072535824,-0.3745528752115154,,
002817,黄山胶囊,成功,-0.7771069688092469,14.0,0.8327908833456689,-0.8450158156427797,,
002818,富森美,成功,-0.4056007711520304,16.0,0.5581008124087413,-0.4320555555749973,,
002819,东方中科,成功,-0.7552817257054917,25.346472120285036,0.8495687636630445,-0.6503979577454323,,
002820,桂发祥,成功,-0.2412406482156164,21.710908460617063,0.532476486766801,-0.09995065865458361,,
002821,凯莱英,成功,0.24864687101121905,29.15,0.56735983222501,0.1970092199109951,,
002822,ST中装,成功,-0.5153223877102946,22.225829362869263,0.5154680708635817,-0.43491411246360934,,
002823,凯中精密,成功,-0.5434747839143064,30.0,0.636517795279268,-0.36222624532458575,,
002824,和胜股份,成功,-0.1462810778537301,38.009842371940614,0.7013824472741438,0.06957928573770324,,
002825,纳尔股份,成功,-0.1603063559312698,27.0,0.5526586430679205,-0.04285321829501703,,
002826,易明医药,成功,-0.3912863017160019,27.1,0.628556984350379,-0.1999389036305608,,
002827,高争民爆,成功,0.029341544528800733,35.0,0.670418815065044,0.107320223370842,,
002828,贝肯能源,成功,-0.37898182754814685,35.83456635475159,0.5631584669883952,-0.08681818536342058,,
002829,星网宇达,成功,-0.2839876701809437,25.92114508152008,0.6637845557344909,-0.08886796957143445,,
002830,名雕股份,成功,1.4802593038129004,30.299999999999997,0.4023182323160412,0.5418830922298198,,
002831,裕同科技,成功,-0.5204407784478631,18.95,0.6829592168273022,-0.36934942730321557,,
002832,比音勒芬,成功,-0.09658572994748946,18.5,0.5235537229834399,0.0372055330138082,,
002833,弘亚数控,成功,-0.8005754544247627,21.0,0.822093668529963,-0.7039385640514325,,
002836,新宏泽,成功,-0.3509185871942989,29.313070750236513,0.7104915638501567,-0.1510812924240022,,
002835,同为股份,成功,-0.564045352804136,31.23768699169159,0.764771989760985,-0.36446957444439115,,
002837,英维克,成功,-0.4025840877658027,42.942604303359985,0.647013741069705,-0.04635006560472182,,
002838,道恩股份,成功,-0.6737166771565843,30.0,0.7531942671948549,-0.5866780784516241,,
002839,张家港行,成功,-0.5439244060394103,14.0,0.5484725114591782,-0.8226425436067054,,
002840,华统股份,成功,-0.20301062462426345,26.891415297985077,0.5875184477360262,-0.06467765683659764,,
002841,视源股份,成功,-0.3748557007429799,18.0,0.5676716386862622,-0.3801692072656775,,
002842,翔鹭钨业,成功,0.2851588294389598,33.0,0.6371619883388076,0.2088631658908981,,
002843,泰嘉股份,成功,0.422311999947656,41.8,0.5419398699097229,0.2808944516432214,,
002845,同兴达,成功,-0.20103602970109874,26.0,0.6233016420578791,-0.0447731190014454,,
002846,英联股份,成功,1.022572723163465,39.67506194114685,0.5546405055845262,0.43735748311755784,,
002847,盐津铺子,成功,0.5053286692247965,22.15,0.5386804663670705,0.3045633818030453,,
002848,高斯贝尔,成功,0.6540831611602494,35.56633251905441,0.4823225383123822,0.3483637261343799,,
002849,威星智能,成功,-0.6401612451382205,29.0,0.721784389626981,-0.5354815501640159,,
002850,科达利,成功,-0.34160156771793787,39.0,0.681468704441419,-0.056351121624480104,,
002851,麦格米特,成功,0.6532730249158788,34.5,0.568566238087913,0.347148599525518,,
002852,道道全,成功,-0.35548049246612456,15.263561725616455,0.5458039048575065,-0.2302590946255739,,
002853,皮阿诺,成功,0.039376021279126726,31.654266691207887,0.373809563440103,0.09738476057497085,,
002855,捷荣技术,成功,-0.3091176347134776,30.25903868675232,0.7016111543861984,-0.1614936318313309,,
002856,*ST美芝,成功,-0.3654523979026452,26.0,0.638549840679251,-0.17635779642877678,,
002857,三晖电气,成功,0.48151759332729854,33.10659670829773,0.46511970689566684,0.2897916776330201,,
002858,力盛体育,成功,0.5162961658301227,30.188576221466064,0.49117532957935917,0.30340818554891535,,
002859,洁美科技,成功,0.376908353513582,24.0,0.6131825102101903,0.2446504130557255,,
002860,星帅尔,成功,-0.008548308983187163,24.5,0.5579074122669846,0.058787862318519714,,
002861,瀛通通讯,成功,-0.28575796635912787,34.023592829704285,0.6391618111981376,-0.07403752567365768,,
002862,实丰文化,成功,-0.5058921838200828,27.1,0.6667357576304472,-0.21908587490624223,,
002863,今飞凯达,成功,-0.3575013525325198,21.1,0.7054192654551446,-0.22519908368378586,,
002864,盘龙药业,成功,-0.5338846376837343,26.779704809188843,0.6405182706747055,-0.3394225044058555,,
002865,钧达股份,成功,0.8276762070170641,46.717640495300294,0.798781110869207,0.39024313424990686,,
002866,传艺科技,成功,1.1953141873723243,29.1,0.3943829619338382,0.4218312522486452,,
002867,周大生,成功,0.006340739103305532,17.112833380699158,0.42402243955428354,0.021497058018151462,,
002868,绿康生化,成功,-0.3028609190288707,30.90935883522034,0.6456998892488905,-0.07158194618984168,,
002869,金溢科技,成功,-0.4814617065068571,31.342408871650697,0.5176448493273402,-0.18788796252240386,,
002870,香山股份,成功,-0.3620470354738198,21.439240097999573,0.706504963497836,-0.18051525263203524,,
002871,伟隆股份,成功,-0.02473508097621496,29.233383178710938,0.5179727796885462,0.08033028596531729,,
002872,ST天圣,成功,-0.18591985853084014,12.0,0.45840168239007867,-0.15877807615041353,,
002873,新天药业,成功,-0.45225562292819166,23.0,0.6208619227656301,-0.2677663003455236,,
002875,安奈儿,成功,-0.6698834366052475,35.21561324596405,0.8023540154266066,-0.4058321130853885,,
002876,三利谱,成功,-0.7282620684587228,27.95,0.7665075857742315,-0.7437041079109354,,
002877,智能自控,成功,0.1563876357227177,26.298933839797975,0.5108302346241916,0.1600123978220813,,
002878,元隆雅图,成功,-0.6416771849893668,36.401518774032596,0.8289711484192072,-0.3099503673871179,,
002879,长缆科技,成功,-0.3688168669554012,26.95,0.5397131882700792,-0.20466647519549358,,
002880,卫光生物,成功,-0.39159392327747344,12.0,0.5043847443033062,-0.4327817124872171,,
002881,美格智能,成功,-0.7718902609022086,32.0,0.8285844807110064,-0.6532093633696368,,
002882,金龙羽,成功,0.2407828667114016,39.1,0.4506581778494847,0.21273832142326254,,
002883,*ST中设,成功,-0.7139789821209754,21.39613254070282,0.7924098964547677,-0.703189101204307,,
002884,凌霄泵业,成功,0.11523618812768356,15.0,0.45498409960138236,0.11426190429013265,,
002885,京泉华,成功,-0.24021454258118816,37.1,0.6989869141900967,0.0038847859668806246,,
002886,沃特股份,成功,-0.46992961677743494,37.688997101783755,0.6991880657736048,-0.2178820574017833,,
002887,绿茵生态,成功,0.05794912265371459,19.549651741981506,0.5891754106638142,0.09670246898957176,,
002888,惠威科技,成功,0.634077514394492,31.46963422298432,0.43248921115070293,0.33858813499236684,,
002889,东方嘉盛,成功,-0.42489691696858417,20.0,0.5731498042879954,-0.1744635899892925,,
002890,弘宇股份,成功,-0.19898989074487036,15.95,0.530293918721847,-0.0748799244137451,,
002891,中宠股份,成功,-0.33345358322199,23.05,0.7576374688906514,-0.14938858411927572,,
002892,科力尔,成功,-0.5986467174096934,29.44307804107666,0.6384800143970241,-0.4630651963220281,,
002893,京能热力,成功,-0.6866244825006204,34.574774217605594,0.734686038116501,-0.4883716064400849,,
002895,川恒股份,成功,-0.09047012536979746,37.4023095369339,0.6650896516649216,0.05175182197320266,,
002896,中大力德,成功,-0.5327438918940418,35.0,0.7229885321999114,-0.23594986538194815,,
002897,意华股份,成功,-0.5593146442709499,44.48578364849091,0.794359903180048,-0.24685409245837597,,
002899,英派斯,成功,-0.3606209622584837,22.0,0.6634976888122636,-0.19975685283910274,,
002900,哈三联,成功,-0.5663554791520556,31.200000000000003,0.6811894809643985,-0.3449968446884752,,
002901,大博医疗,成功,-0.5127186592651327,16.45,0.6524125661649396,-0.492478091217004,,
002902,铭普光磁,成功,-0.3825336822575359,43.13139510154724,0.5860549157891559,-0.0285811877089249,,
002903,宇环数控,成功,0.0822277556766344,32.0,0.5425685429473844,0.16173234686395052,,
002905,金逸影视,成功,0.10891625020226871,41.10479927062988,0.6415837653946326,0.17201215479994614,,
002906,华阳集团,成功,-0.4214496716683793,32.37406153678894,0.79991553928283,-0.23084505300070882,,
002907,华森制药,成功,-0.5176519528532484,27.26492977142334,0.5929038077081787,-0.4909506880791663,,
002908,德生科技,成功,-0.6893180258529908,22.0,0.7538374499659298,-0.5502419687947487,,
002909,集泰股份,成功,-0.5063337083842483,29.814505076408388,0.7607354366493456,-0.2897558468104136,,
002910,庄园牧场,成功,-0.39442681120192286,34.72681136131287,0.6749551525678125,-0.13690731251536314,,
002911,佛燃能源,成功,-0.5064973698465889,19.301178348064422,0.7573518698542672,-0.2340060024854879,,
002912,中新赛克,成功,-0.12241121175683947,20.95,0.4689031743941436,0.02345549321447815,,
002913,奥士康,成功,-0.007063656911489379,31.0,0.5138249181207533,0.0546373618259512,,
002915,中欣氟材,成功,-0.7088029410186172,33.74566290378571,0.7280024878767034,-0.43318901747868177,,
002916,深南电路,成功,0.2615189323541163,41.019912731647494,0.6071739413807277,0.23216091687397433,,
002917,金奥博,成功,-0.050086533623573196,29.27786991596222,0.3625200674484484,0.07935290241992675,,
002918,蒙娜丽莎,成功,0.3661072264436871,24.141625535488128,0.43384820280374464,0.23199733452128526,,
002919,名臣健康,成功,5.318268966948039,29.0,0.3327467788559887,1.0466387021456598,,
002920,德赛西威,成功,-0.2068803654276616,37.1,0.6368468101851846,-0.017764567972507563,,
002921,联诚精密,成功,-0.42033103383816117,34.17429006099701,0.628521068318402,-0.21216947921926285,,
002922,伊戈尔,成功,-0.5592502692034372,46.28012692928314,0.8210707929860924,-0.19592106505907783,,
002923,润都股份,成功,-0.0455414977802943,26.0,0.5134960550984893,0.058149969531818134,,
002925,盈趣科技,成功,-0.1607367110852558,18.95,0.4871255594722186,-0.06782604478963881,,
002927,泰永长征,成功,-0.19569084567947428,38.316588401794434,0.6331179160223952,0.034994603982662534,,
002926,华西证券,成功,-0.3209422134498254,14.0,0.5857716518969799,-0.31733613876558037,,
002928,华夏航空,成功,-0.3888764167918357,19.873709499835968,0.6538862548684411,-0.20123689438387,,
002929,润建股份,成功,0.06206003241190512,30.236643314361572,0.3999876020002403,0.11846809127425599,,
002930,宏川智慧,成功,0.12065619654455338,22.0,0.4873558909794071,0.11166238154368352,,
002931,锋龙股份,成功,-0.6168577277334247,35.800037598609926,0.70204131169607,-0.2473491878993232,,
002932,*ST明德,成功,-0.7891876740745132,13.0,0.8086500239326428,-0.8032170077482862,,
002933,新兴装备,成功,-0.5520605450328563,28.200000000000003,0.7452158020092281,-0.3620015503016525,,
002935,天奥电子,成功,-0.44484482714384377,23.05,0.5275202648188876,-0.2167355215875354,,
002936,郑州银行,成功,-0.3715013680463389,8.0,0.43053179880406733,-0.5762808222395818,,
002937,兴瑞科技,成功,0.2111669907608899,32.6,0.6247809683591197,0.17905236491906004,,
002938,鹏鼎控股,成功,-0.2650136143806172,31.5,0.521391735434678,-0.09585852853001846,,
002940,昂利康,成功,0.07145357593726992,19.241690158843994,0.5335144923435723,0.10780069008236293,,
002939,长城证券,成功,-0.6112598778143159,20.1,0.7112264909798891,-0.7972333173702388,,
002941,新疆交建,成功,0.33308881319049166,33.0,0.5500623356147812,0.23888587741177728,,
002942,新农股份,成功,0.14942627689845728,18.0,0.419421521568217,0.13058814428853735,,
002943,宇晶股份,成功,0.5381524567846214,42.259199142456055,0.7050227762500052,0.31317760536956846,,
002945,华林证券,成功,-0.562306679727419,33.0,0.6557524639214645,-0.3935555612516992,,
002946,新乳业,成功,0.03738960487587989,18.0,0.570941610707217,0.08793977344645307,,
002947,恒铭达,成功,-0.38438447538226295,34.0,0.5896524561679066,-0.17839866680964686,,
002948,青岛银行,成功,-0.0622137009860354,14.5,0.5725055669062059,-0.06406464769725354,,
002949,华阳国际,成功,-0.5447915077999484,23.0,0.6590023315404686,-0.48745549834562596,,
002950,奥美医疗,成功,-0.422165374770177,18.469186472892762,0.558977440370418,-0.258736364029778,,
002951,金时科技,成功,-0.34130732264508057,33.8,0.5778277520029959,-0.13134660021756678,,
002953,日丰股份,成功,-0.8440052376959963,30.0,0.8440052376959963,-0.9302165344819812,,
002952,亚世光电,成功,-0.7536282948780842,33.31131012439728,0.8177733880416368,-0.4804288873132239,,
002955,鸿合科技,成功,-0.7217947812226064,27.0,0.7434437492665962,-0.6282079676854825,,
002956,西麦食品,成功,-0.3346264392320512,20.882234513759613,0.7819723253307772,-0.04869255537663925,,
002957,科瑞技术,成功,-0.38116951501950663,39.05,0.7616771998010212,-0.17903560068188049,,
002958,青农商行,成功,-0.3458655943515438,12.95,0.503422109963081,-0.49037986697550767,,
002959,小熊电器,成功,-0.5711465314739991,14.0,0.5741178782770966,-0.5920454619903006,,
002960,青鸟智控,成功,-0.768566417718417,21.0,0.8867723266282322,-0.7626029164612163,,
002961,瑞达期货,成功,-0.2697339181676692,29.19349753856659,0.5930058282106788,-0.12110398185148935,,
002962,五方光电,成功,-0.6250957404981814,38.0,0.6320946570056138,-0.3763972768455833,,
002963,豪尔赛,成功,-0.23432224160562531,22.39217972755432,0.5825635042638628,-0.0713201737618817,,
002965,祥鑫科技,成功,-0.08181150007693025,29.16536808013916,0.5849846768141418,0.04227941110135321,,
002966,苏州银行,成功,-0.46064956204478635,12.133833944797516,0.490434332152834,-0.6242165250427156,,
002967,广电计量,成功,-0.5471547502023915,22.338424801826477,0.6484248679818944,-0.4714829931609477,,
002968,新大正,成功,-0.6202610589668336,12.0,0.6417212964492534,-0.7023188940650575,,
002969,嘉美包装,成功,0.8465346272467088,22.432803249359132,0.4547034857980153,0.39401902420778484,,
002970,锐明技术,成功,-0.45761199371317185,30.20394711494446,0.6810982676651702,-0.08975221160534784,,
002971,和远气体,成功,0.5652354256075487,31.877530992031097,0.6007590816711256,0.32006693466802943,,
002972,科安达,成功,-0.4217913807293428,15.0,0.5162275400224755,-0.36633302043752775,,
002973,侨银股份,成功,-0.4231288662530438,22.0,0.671004076961187,-0.3637565133570451,,
002975,博杰股份,成功,-0.35810507516131773,31.1,0.7137687533913685,-0.022115479515950907,,
002976,瑞玛精密,成功,-0.1874378707937707,30.401274299621583,0.5006954080036837,-0.0008020393495302871,,
002977,*ST天箭,成功,-0.6468264126420149,18.0,0.7203063071013351,-0.6960629506989665,,
002978,安宁股份,成功,-0.30482244313023243,18.0,0.570798081150705,-0.2116683190156343,,
002979,雷赛智能,成功,-0.17371260417467085,28.0,0.6606318122418527,-0.04627320330226825,,
002980,华盛昌,成功,-0.8335930899891699,20.728891229629518,0.8338220378130785,-1.03916343669974,,
002981,朝阳科技,成功,-0.6582526112074242,23.108154296875,0.6970708036401864,-0.633364791953921,,
002982,湘佳股份,成功,-0.6773421842079631,18.15,0.7325890319355205,-0.812652187541263,,
002984,森麒麟,成功,-0.5472898645585591,16.0,0.6985967854125581,-0.5260410429094442,,
002983,芯瑞达,成功,-0.17348675551545661,26.0,0.44687856455959024,-0.02004286002269604,,
002986,宇新股份,成功,-0.6424581873950654,15.374669790267944,0.6906975081918102,-0.6140812670229961,,
002985,北摩高科,成功,-0.34948818855024877,15.95,0.6273377476580012,-0.24025805375676612,,
002987,京北方,成功,-0.6493703659798371,23.0,0.7683868990258969,-0.3779956600736282,,
002988,豪美新材,成功,-0.31921619505428883,28.792744636535645,0.6117379979234268,-0.1706736791596482,,
002989,中天精装,成功,-0.6745447784688828,27.12404978275299,0.6847916815587077,-0.7258994309930116,,
002990,盛视科技,成功,0.38980786000273077,25.0,0.4758465213103662,0.2638105857896225,,
002992,宝明科技,成功,0.8215979736664516,27.0,0.46741012079427235,0.42222807856201555,,
002991,甘源食品,成功,-0.5355996106037987,21.0,0.5689547736986608,-0.6462153737037012,,
002993,奥海科技,成功,-0.6225031427215674,29.127070903778076,0.7317713055619588,-0.42030028649906126,,
002995,天地在线,成功,-0.7265268784882564,33.0,0.7278394456771508,-0.6476148418572655,,
002996,顺博合金,成功,-0.6805172227369534,21.23546085357666,0.751924227547756,-0.8316401056139318,,
002997,瑞鹄模具,成功,0.2579675697639845,35.1264146566391,0.516530711292671,0.23380805104327224,,
002998,优彩资源,成功,-0.3613958492175525,18.340468764305115,0.5579406390658443,-0.2916660031001278,,
002999,天禾股份,成功,-0.6893272681404099,29.75781750679016,0.7466226880497612,-0.56401756788218,,
003001,中岩大地,成功,0.5226293928514008,16.211273765563966,0.2917532728741578,0.3492082252718074,,
003000,劲仔食品,成功,-0.32328577710255807,18.0,0.3854464230850996,-0.20461005585382214,,
003002,壶化股份,成功,0.1088965152508812,30.1,0.48130317973652986,0.1526937566811064,,
003003,天元股份,成功,0.12494289989553509,23.1,0.4724450688790371,0.14582616812466348,,
003004,声迅股份,成功,-0.08152900251626358,24.0,0.6369791227471382,0.05638911534455062,,
003005,竞业达,成功,-0.7709506620211215,22.596815443038942,0.8126292792649807,-0.9245425996948141,,
003006,百亚股份,成功,0.12751263227265094,18.0,0.4123703276167209,0.11935755097793743,,
003007,直真科技,成功,0.48371545196239024,45.44477045536041,0.432480466738074,0.3305314298187013,,
003008,开普检测,成功,-0.60359105128493,14.0,0.6444280011888452,-0.8417907831059311,,
003009,中天火箭,成功,-0.2132124537076836,19.0,0.5677708612856939,-0.08405113432529145,,
003010,若羽臣,成功,0.7212008110596385,26.814756155014038,0.5918144248915388,0.4004012373067409,,
003011,海象新材,成功,-0.16460249642827343,23.0,0.40710939373434657,-0.09580072840111256,,
003013,地铁设计,成功,-0.6340021107049582,11.5,0.6815226731443037,-0.8199413410498361,,
003012,东鹏控股,成功,-0.5069424287639698,14.1,0.5095322512264828,-0.7449852761766548,,
003015,日久光电,成功,-0.29507167965346554,32.39020571708679,0.48067317683475946,-0.08102762252437304,,
003016,欣贺股份,成功,-0.23677222877954787,28.776064133644105,0.513393311439693,-0.1372812122517126,,
003017,大洋生物,成功,-0.07005673531207096,15.0,0.37115620751901246,-0.027447687288338424,,
003018,金富科技,成功,1.7987339723199622,25.994047141075136,0.5648012456689846,0.7003524868230737,,
003019,宸展光电,成功,0.37873486996848194,23.0,0.48493640648882363,0.2744727799176476,,
003020,立方制药,成功,-0.1299684630402681,16.3,0.5526197480113443,-0.03934159896275391,,
003021,兆威机电,成功,0.4534707888862709,36.26546490192413,0.4573740719353777,0.3165260559549721,,
003022,联泓新科,成功,0.5390639577688425,18.0,0.5352876242997642,0.34691992242770037,,
003023,彩虹集团,成功,-0.22310157760748173,19.0,0.48591680563458295,-0.12533249083903328,,
003025,思进智能,成功,-0.7560054810536384,17.95,0.784649989688039,-0.8886757039528648,,
003026,中晶科技,成功,-0.5192180617717574,20.95,0.6393364238145515,-0.4252361510338291,,
003027,同兴科技,成功,0.12306150292764054,24.247997164726257,0.4635944703204321,0.14729966867372205,,
003028,振邦智能,成功,-0.5204394808051195,20.9137845993042,0.5606798000874335,-0.44052476658909245,,
003029,吉大正元,成功,-0.07186095726234547,30.1,0.5740611237393032,0.06404609445922123,,
003030,祖名股份,成功,-0.04597634365236663,14.7,0.44952519008182046,0.03530607341903587,,
003031,中瓷电子,成功,-0.514384733237304,29.36786426305771,0.7619954603081419,-0.3026638933451404,,
003032,传智教育,成功,-0.5832877060195816,20.46369183063507,0.5832877060195816,-0.6088767121159979,,
003033,征和工业,成功,-0.2836610213009216,28.6,0.4805437708730299,-0.12906479973118598,,
003035,南网能源,成功,-0.12847876408402198,16.5329359292984,0.438237204781213,-0.10654280769075164,,
003036,泰坦股份,成功,0.7689260193457824,24.925828456878662,0.43746047494137463,0.43700824774310876,,
003037,三和管桩,成功,-0.40089293610358845,20.0,0.49173511175681345,-0.3041650326045246,,
003038,鑫铂股份,成功,-0.3199198187737848,12.0,0.4095100305592919,-0.37582910397484665,,
003039,顺控发展,成功,-0.3318847034985364,12.0,0.5340918914386902,-0.4005919005319082,,
003040,楚天龙,成功,-0.3199809153194462,24.066778421401978,0.6221210362677951,-0.13298472670390515,,
003041,真爱美家,成功,0.35454757830132033,25.111775040626526,0.5551569020472664,0.28578018214729417,,
003042,中农联合,成功,-0.7107398834011511,25.790710616111753,0.7484238749895665,-0.7255915401736241,,
003043,华亚智能,成功,0.129546927832503,23.1,0.6827740541078177,0.17226712964050214,,
003816,中国广核,成功,0.29604734645408987,13.0,0.32384804052826,0.1941345679557968,,
300001,特锐德,成功,0.20493864011488913,28.5,0.49055331441251254,0.1943726799902927,,
300002,神州泰岳,成功,-0.08844960026091343,32.10411489009857,0.5656252508206533,0.06873841658068626,,
300003,乐普医疗,成功,-0.3040245114870026,13.229153943061828,0.4421904277087354,-0.3658612317818682,,
300004,南风股份,成功,-0.2095759472079188,35.43220717906952,0.7561522885763629,0.05063219031245429,,
300005,探路者,成功,1.2721593675676703,36.27943501472473,0.702119072927293,0.4981559054916411,,
300006,莱美药业,成功,0.7478518070643217,24.0,0.5139121373979083,0.3693724584321925,,
300007,汉威科技,成功,-0.3942255826182421,36.2,0.7972029440327207,-0.08359225254523507,,
300008,天海防务,成功,0.17510126248785673,39.32121026515961,0.7394182202737145,0.1829783915281901,,
300009,安科生物,成功,-0.5570128452222541,20.0,0.6325873642159453,-0.463045394890491,,
300010,ST豆神,成功,0.00786249229640147,25.924924910068512,0.519003006083365,0.11408875405026174,,
300011,鼎汉技术,成功,-0.48413411398102546,29.08620250225067,0.7085618605689632,-0.21513885112499484,,
300012,华测检测,成功,-0.4432750202336667,17.95,0.5929174656864916,-0.4398691956112913,,
300013,新宁物流,成功,-0.5523690789520959,30.118931770324707,0.7467028735482186,-0.37330473953854665,,
300014,亿纬锂能,成功,-0.7759454800623281,24.300661277770995,0.7949574700945827,-0.5336839891484245,,
300015,爱尔眼科,成功,-0.11970657505865064,13.0,0.4786453088329193,-0.0028239237099505054,,
300016,北陆药业,成功,-0.3138403334174962,20.0,0.6216358235830851,-0.1764437007001817,,
300017,网宿科技,成功,-0.6397889753159993,36.1,0.684188251988743,-0.3127095721421663,,
300018,中元股份,成功,0.629201185374797,31.45411071777344,0.6154706843131239,0.34078751787080735,,
300019,硅宝科技,成功,0.3263422451716321,31.200000000000003,0.518493415073488,0.24803195645644605,,
300020,ST银江,成功,-0.4237946291587401,27.0,0.5691358494165151,-0.21014539793168463,,
300021,大禹节水,成功,-0.27976553009433935,20.0,0.5562020376416216,-0.13946190729676983,,
300022,吉峰科技,成功,-0.21079449904104783,29.958698308467866,0.7918522379346605,-0.018158629776388276,,
300024,机器人,成功,-0.5471159774283068,25.0,0.6411534785884578,-0.3964415184305738,,
300025,华星创业,成功,0.42287803161230114,28.0,0.6469811225598612,0.26938867010370876,,
300026,红日药业,成功,-0.6360308173954219,23.1,0.7113050732966795,-0.5199246588470935,,
300027,ST华谊,成功,-0.5800979669644039,29.13935649394989,0.6912575587153953,-0.4677717703706128,,
300030,阳普医疗,成功,-0.6141127292571235,28.344361901283264,0.800187796597452,-0.43794701299142047,,
300031,宝通科技,成功,-0.42026428266910026,36.14810175895691,0.5625979743721923,-0.19210677114984798,,
300032,金龙机电,成功,0.07480599274470427,31.1,0.5364920812663844,0.1390148034394305,,
300033,同花顺,成功,-0.5624041343448533,33.1,0.672356099960804,-0.27724000350385763,,
300034,钢研高纳,成功,0.4323578154776967,30.949433267116547,0.5192104908911178,0.27216201688480424,,
300035,中科电气,成功,0.3361052055817246,42.0,0.5511075736339784,0.2607881308159866,,
300036,超图软件,成功,-0.5563150911080154,25.049999999999997,0.6330435306021323,-0.38552630915947866,,
300037,新宙邦,成功,1.5540139071978347,34.11705465316773,0.6216824288772063,0.5431368768408353,,
300039,上海凯宝,成功,-0.09935777309004916,24.437754273414612,0.5595804610849684,0.015621270737736158,,
300040,九洲集团,成功,-0.2518636875966501,37.68672913312912,0.6598051131614368,0.035451159322002664,,
300041,回天新材,成功,-0.09029676246010117,22.23059117794037,0.5776454880346086,0.06424163879782825,,
300042,朗科科技,成功,-0.33851167948579736,39.544582104682924,0.7041695555500636,-0.04496823978750032,,
300043,星辉娱乐,成功,0.15762907114836272,46.47793207168579,0.6549067989297918,0.19521449657863688,,
300044,*ST赛为,成功,-0.7402100057858712,47.47140429019928,0.7758757452761348,-0.4052052100172083,,
300045,华力创通,成功,-0.19191439978888652,33.1,0.5606189119047676,0.015038981815446087,,
300046,台基股份,成功,-0.31889347591227735,32.0,0.6982397293775375,-0.07091457703174933,,
300047,天源迪科,成功,-0.2768812542447861,32.31597626209259,0.4464804017399029,0.016253513587369837,,
300048,合康新能,成功,-0.6035087295573944,32.0,0.6946467662428939,-0.40698180159614356,,
300049,福瑞医科,成功,-0.016432100523622067,46.0,0.525263842934423,0.14452542662590792,,
300050,世纪鼎利,成功,-0.7549469413785437,29.2,0.8151855400264664,-0.5858297037435115,,
300051,琏升科技,成功,0.7274456929738595,28.0,0.5212028617839445,0.36259509774365556,,
300052,中青宝,成功,-0.7761643788973044,32.781797361373904,0.8472437637499701,-0.4909311341382999,,
300053,航宇微,成功,-0.028015568840888735,41.53785598278046,0.6256256254324422,0.12073701661773426,,
300054,鼎龙股份,成功,0.41301817298751586,34.87242478132248,0.5610718814033543,0.2634373165894284,,
300055,万邦达,成功,0.36110338156274546,23.313324189186098,0.46934575989290167,0.2366049500450457,,
300056,中创环保,成功,-0.5031696817389878,42.46904516220093,0.5901120311337452,-0.18476905014070022,,
300057,万顺新材,成功,0.5519149475827321,29.301848769187927,0.5885419624940367,0.31606012586229576,,
300058,蓝色光标,成功,-0.40564729015886636,46.8761806845665,0.6368101926396595,-0.016236480921779935,,
300059,东方财富,成功,0.053463117546834985,22.549667072296142,0.43686633531543867,0.11284215314802173,,
300061,旗天科技,成功,-0.4667076297378432,34.93545727729797,0.8019121406104253,-0.1002795340845557,,
300062,中能电气,成功,-0.580745519704107,33.00194029808044,0.7820134275911346,-0.17663605755095751,,
300063,天龙集团,成功,0.5352213980373444,37.1,0.45481196756918896,0.3146154716848529,,
300065,海兰信,成功,2.0908710815001315,38.801411271095276,0.585435171630531,0.596075439112592,,
300066,三川智慧,成功,-0.6117132366434123,32.0,0.7686648733122647,-0.3539580769601376,,
300067,安诺其,成功,-0.5978485269351421,38.76063585281372,0.7938683317265401,-0.26226280079505043,,
300068,ST南都,成功,0.06497918204663394,31.16921830177307,0.4899491769599857,0.1489343264267769,,
300069,金利华电,成功,1.0653487025026067,31.886262154579164,0.41327367729602776,0.41672298063507607,,
300070,碧水源,成功,-0.35716305332589715,16.0,0.43276498692336457,-0.36705879593970436,,
300071,福石控股,成功,0.9578648253767178,38.66475312709808,0.41306449771628195,0.4134398677577534,,
300072,海新能科,成功,0.18047577325506195,27.0,0.498130238721726,0.16990955408827804,,
300073,当升科技,成功,0.07060204016077026,38.24246025085449,0.5892238203036921,0.14030962858442972,,
300074,华平股份,成功,-0.5225460890646679,29.20272719860077,0.6670936109744551,-0.290864603670418,,
300075,数字政通,成功,-0.22983090072445644,33.0,0.6024390146396477,0.009631048547692667,,
300076,*ST宁视,成功,-0.09770609073949264,30.78307318687439,0.7326754967502247,0.04251662490897673,,
300077,国民技术,成功,-0.2375479043389621,32.04462913274765,0.6289193065465174,-0.015897140605233465,,
300078,思创智联,成功,-0.6140557579343845,30.40071177482605,0.673045544372136,-0.3916269109032852,,
300079,数码视讯,成功,-0.46332755184878643,36.0,0.6246150824782748,-0.16870812921840003,,
300080,易成新能,成功,-0.33682059135339104,31.215054988861084,0.6237038138918318,-0.08986768018064424,,
300081,ST恒信,成功,-0.7632403442631002,35.68464803695679,0.834211011483674,-0.479067466714847,,
300082,奥克股份,成功,0.041149381213297455,41.27139627933502,0.678389240187802,0.15819964731908193,,
300083,创世纪,成功,-0.36987699210322666,31.736662364006044,0.7744221306837218,-0.0734358811438611,,
300084,海默科技,成功,1.1456347488042042,29.076455879211426,0.5178274420781125,0.4566712135585011,,
300085,银之杰,成功,-0.36139673530926375,35.0,0.6172059029795313,-0.10456143472227936,,
300086,康芝药业,成功,-0.5467900365849734,44.336168956756595,0.7841669093374317,-0.19897821226060544,,
300087,ST荃银,成功,-0.6913789555367775,22.63227186203003,0.7680770431559113,-0.6494661731736512,,
300091,*ST金灵,成功,0.27913471375481835,28.473809432983398,0.46532939524274075,0.22932448691144766,,
300088,长信科技,成功,-0.562481782708077,32.95,0.6595731605234244,-0.32101761118337213,,
300092,科新机电,成功,0.037291733146334737,27.73291313648224,0.571968502115362,0.13103602903078754,,
300093,金刚光伏,成功,0.03270027957399521,42.49516544342041,0.5716148035818307,0.13545946286680513,,
300094,国联水产,成功,-0.34117020326832775,32.42406487464905,0.6469573863139637,-0.06462811198698037,,
300095,华伍股份,成功,-0.4938574435561217,30.995940446853638,0.8015473207488979,-0.17493086447965556,,
300096,ST易联众,成功,0.19447726158196324,35.352178072929384,0.5782032082323164,0.18399025666740784,,
300097,智云股份,成功,0.10139903870462615,30.1810063123703,0.5519282154042433,0.15461591350559697,,
300098,高新兴,成功,-0.45682785224735023,34.26178014278412,0.6091471672932891,-0.132547117392378,,
300099,尤洛卡,成功,0.09204136159090529,30.37539780139923,0.5636152791394416,0.14816449889193534,,
300100,双林股份,成功,-0.23243723095901092,37.225686049461366,0.6574612139398105,0.048009661012849,,
300101,振芯科技,成功,0.21320450925913742,37.0,0.4402445265938831,0.20818056822684544,,
300102,乾照光电,成功,-0.8420606373005308,45.49529957771301,0.8826103580542352,-0.6852244160455603,,
300103,达刚控股,成功,-0.39268803721765233,26.0,0.627740165369619,-0.20178270762738074,,
300105,龙源技术,成功,0.26012057025480084,32.894588232040405,0.622580351674556,0.22704009091603347,,
300106,西部牧业,成功,1.1772380015879615,39.0,0.6832581213530451,0.45757493306689445,,
300107,建新股份,成功,-0.24386569268185035,31.705595111846925,0.6186398256403575,-0.03879898189842778,,
300109,新开源,成功,-0.38252274547218074,23.0,0.6892391103105808,-0.05042490600071722,,
300110,华仁药业,成功,-0.6244411721000692,18.0,0.7207263503563313,-0.6410917972066901,,
300111,向日葵,成功,0.1618764077158959,26.0,0.4468695049962421,0.14870813213133852,,
300112,万讯自控,成功,-0.5104975578267925,32.0,0.7135831793353121,-0.2171150904206712,,
300113,顺网科技,成功,0.035635357867810816,32.0,0.40489389763691647,0.14433296677204915,,
300115,长盈精密,成功,-0.2651836709193181,35.24607548713684,0.7268146530756341,-0.048459480502535776,,
300118,东方日升,成功,-0.05255874060943563,31.24088728427887,0.7116338324816956,0.07712742474214354,,
300119,瑞普生物,成功,0.06680116912934128,15.0,0.37946270778321795,0.0624461503379375,,
300120,经纬辉开,成功,-0.49566298755999977,29.51305434703827,0.7193307123898747,-0.2999051360699075,,
300121,阳谷华泰,成功,-0.5972836350336684,25.0,0.7941786116797279,-0.4022550592237961,,
300122,智飞生物,成功,0.5447096324743718,16.1,0.5352009353283514,0.31655674116492144,,
300123,ST亚光,成功,-0.5296595149537577,31.431523203849792,0.6446387370601472,-0.2918634562765521,,
300124,汇川技术,成功,-0.5801908343258775,19.0,0.7882377010235527,-0.3748383788101279,,
300125,*ST聆达,成功,-0.20780652482493941,35.28820025920868,0.591087880192037,0.033428973467182696,,
300126,锐奇股份,成功,-0.032974404513568006,24.1386168718338,0.6532908841447801,0.06303328818044122,,
300127,银河磁体,成功,-0.3951230151641188,38.11775815486908,0.7070691706219273,-0.149623374090675,,
300128,锦富技术,成功,0.9471663088807333,28.0,0.4124761268321644,0.41670961200743967,,
300129,泰胜风能,成功,-0.02830336451276613,36.1,0.5803103240078047,0.09561303336374147,,
300130,新国都,成功,-0.5056666475455178,35.1483610868454,0.6522234842891509,-0.16627057720152727,,
300131,英唐智控,成功,0.33540393785664724,39.75788424015045,0.7108389265328622,0.2851205406925177,,
300132,青松股份,成功,0.05088688035792744,21.881704211235046,0.5632449213572769,0.09306967568084731,,
300133,华策影视,成功,-0.022189373702332232,39.842116951942444,0.570641942274089,0.1165649175331215,,
300134,大富科技,成功,-0.8315089376240858,33.537355637550355,0.8526309660564915,-0.7241495827220532,,
300135,宝利国际,成功,0.5565270936898407,29.0,0.5349836639257061,0.3152934927697965,,
300136,信维通信,成功,-0.37987963080945286,26.0,0.5408295395231663,-0.24349976434935183,,
300137,先河环保,成功,-0.644838233040165,32.0,0.824984397512961,-0.5206175170993012,,
300138,晨光生物,成功,0.14521740456158966,19.95,0.490583240972707,0.1313347126078271,,
300139,晓程科技,成功,1.8344763832419062,42.68035171031952,0.5252138389129974,0.5430656432682365,,
300140,节能环境,成功,-0.6067554557635658,23.0,0.7136009599266674,-0.38871799335578294,,
300141,和顺电气,成功,0.008098210284355445,32.28375029563904,0.7268541966209968,0.12928654639648182,,
300142,沃森生物,成功,0.5441989118477853,19.437649369239807,0.6286761738476759,0.31182037027185694,,
300143,盈康生命,成功,-0.3314905228317135,14.805228173732758,0.5281048940207262,-0.206911440410558,,
300144,宋城演艺,成功,-0.7867713044128346,14.1,0.794713125307294,-0.8611561978016671,,
300145,南方泵业,成功,-0.12775283081020797,29.1,0.5036315453708998,-0.007805825009722796,,
300146,汤臣倍健,成功,0.5125485782729764,13.95,0.28178183998381195,0.3193070212332701,,
300147,*ST香雪,成功,-0.464040277777616,30.917618250846864,0.6956487048911284,-0.12540252388179782,,
300148,天舟文化,成功,0.029487242912334333,35.1,0.53844674994634,0.13227090274499187,,
300149,睿智医药,成功,-0.3273292951164306,34.28170273303986,0.761837831160291,-0.07749233680115668,,
300150,世纪瑞尔,成功,-0.19080406104492983,30.59967315196991,0.42066792656142665,-0.018075067293028435,,
300151,昌红科技,成功,-0.24057304082764328,29.200000000000003,0.6647688047478763,-0.05921056447868991,,
300152,*ST动力,成功,-0.7509323487196853,38.07253520488739,0.8980507461575667,-0.5197591714151266,,
300153,科泰电源,成功,1.505538659330075,40.051616072654724,0.4378643002399303,0.5078055281681523,,
300154,瑞凌股份,成功,0.23594845417275895,27.0,0.4395618698744079,0.20299864815837876,,
300155,安居宝,成功,-0.5375233539469279,27.049445033073425,0.7633575251141964,-0.26742843692277185,,
300157,新锦动力,成功,2.6001153539699304,32.63139111995697,0.4892096487916763,0.683135479552439,,
300158,振东制药,成功,-0.44706774498062185,29.329806804656982,0.6350986635992825,-0.2175036670517584,,
300159,新研股份,成功,-0.13788281820887366,34.607973074913026,0.5218840471911769,0.04923908701239482,,
300160,秀强股份,成功,-0.6096621619700215,21.271464824676514,0.6752375283194568,-0.45004493995443273,,
300161,华中数控,成功,-0.4787011248288018,28.860507369041443,0.6183553268940697,-0.2307650565345153,,
300162,雷曼光电,成功,-0.5629831609413685,38.794680094718935,0.687312364766929,-0.2412655801068134,,
300164,通源石油,成功,-0.10560882218680184,38.651687717437746,0.6190051442513883,0.08691771531832017,,
300163,先锋新材,成功,0.6134610162884372,27.786527037620544,0.5761021752993398,0.3368626128615507,,
300165,天瑞仪器,成功,-0.638099499476473,33.71546139717102,0.7797315884723904,-0.37664104824437333,,
300166,东方国信,成功,-0.6032746423702401,39.0,0.7499130534570414,-0.23811860133707405,,
300167,ST迪威迅,成功,-0.14652297360863087,42.731667280197144,0.5474724415661618,0.041999690829470165,,
300168,万达信息,成功,-0.7411286407758968,25.7140433549881,0.7885451649897487,-0.68096356731009,,
300169,天晟新材,成功,-0.5583058080718368,31.1,0.8174146834243197,-0.3286841784227221,,
300170,汉得信息,成功,1.0645806074649697,33.41436839103699,0.6416469506618487,0.4362828436765172,,
300171,东富龙,成功,0.6840532541776486,25.049999999999997,0.5640563042867378,0.3539706301820683,,
300172,中电环保,成功,-0.6068724532437714,27.485362267494203,0.7935740368544825,-0.3556925898285316,,
300173,ST福能,成功,-0.13669932880162597,32.1,0.44175327331255315,0.0019948987069676205,,
300174,元力股份,成功,-0.39497096863259895,28.2,0.6538327932671351,-0.23903657531845804,,
300175,朗源股份,成功,-0.7824696941982037,28.0,0.838756836949978,-0.6970330016901284,,
300176,鸿特科技,成功,-0.08624980419348066,28.93608889579773,0.5230593968680377,0.04132991079617014,,
300177,中海达,成功,-0.5386050222101179,33.063210010528564,0.6815786558531951,-0.2677182205320679,,
300179,四方达,成功,-0.14275603156344935,47.57203924655914,0.6948049595196392,0.0711547670882213,,
300180,华峰超纤,成功,-0.6459836291948624,36.05,0.8275261661912016,-0.5197979251588996,,
300181,佐力药业,成功,1.3747943713739308,28.213561987876894,0.4305244947776239,0.5155805919499077,,
300182,捷成股份,成功,-0.14570413200353724,50.06342722177506,0.5411203860683984,0.09360565971113956,,
300183,东软载波,成功,-0.4514725100275764,23.1,0.6715177029217488,-0.2562447797446766,,
300184,力源信息,成功,-0.43571367267158,36.863266587257385,0.7299834702623982,-0.13409849125782838,,
300185,通裕重工,成功,0.10305177366227333,24.36422735452652,0.6277284170185543,0.13187776856041145,,
300187,永清环保,成功,-0.6567785203481488,25.3,0.7403220512103835,-0.5717003697924626,,
300188,国投智能,成功,-0.4928410340665712,22.1,0.6138399722633798,-0.2533219208488957,,
300189,神农种业,成功,-0.0012957311161776305,39.78596651554108,0.7605325301309146,0.14662649520714843,,
300190,维尔利,成功,-0.359018758905294,16.5,0.5766966906999673,-0.2848317642761627,,
300191,潜能恒信,成功,0.886724412101857,28.337235188484193,0.5488669339369421,0.3998042217704798,,
300192,科德教育,成功,0.8637921660140009,40.847287273406984,0.5708419943061918,0.39321136358279024,,
300193,佳士科技,成功,-0.1187446602955235,24.189056754112244,0.5328239912653068,0.006597146347175879,,
300194,福安药业,成功,-0.6490397866635572,19.0,0.7062420223361758,-0.5861221702822732,,
300195,长荣股份,成功,-0.3530223703817099,27.0,0.5492244054356366,-0.1295418603464566,,
300196,长海股份,成功,0.29092993897057373,32.0,0.69094246387142,0.22294102194847498,,
300197,节能铁汉,成功,-0.5648617047248891,22.1,0.7154249355039546,-0.40976912997557474,,
300198,*ST纳川,成功,-0.5562744479735077,31.0,0.7625865742241894,-0.4086160812358063,,
300199,翰宇药业,成功,0.4899127957142785,46.36776134967804,0.570221866137912,0.31309195629962283,,
300200,高盟新材,成功,-0.6648773043409054,27.82061380147934,0.7173769512143202,-0.3469569383990798,,
300201,海伦哲,成功,0.44499041552188223,37.51476204395294,0.60558339124732,0.2883810301730094,,
300203,聚光科技,成功,0.01978130991552767,24.0,0.45533605366412705,0.08476951413343821,,
300204,舒泰神,成功,-0.46703065583353287,37.03954255580902,0.7168426480291215,-0.09584499151217511,,
300205,*ST天喻,成功,-0.2271153061225741,25.0,0.6264414129275653,-0.03595913378033386,,
300206,理邦仪器,成功,-0.1415203869057812,25.117377758026123,0.542355072307614,-0.018765985099444944,,
300207,欣旺达,成功,0.4236575465934331,25.0,0.38576737793361515,0.26449463503727344,,
300209,行云科技,成功,-0.3269780444064517,36.0,0.642674234229801,-0.047041450543585286,,
300210,森远股份,成功,-0.02338519955370299,37.66054258346558,0.6699682733592468,0.10000451203794171,,
300211,*ST亿通,成功,-0.13832471110717728,36.81986486911774,0.48598635458311085,0.0776163066876143,,
300212,*ST易录,成功,0.2597868564775474,23.299999999999997,0.4012775742743917,0.19453703876673797,,
300213,佳讯飞鸿,成功,-0.11047269587382035,35.36076760292053,0.5641164939755001,0.04506691294161667,,
300214,日科化学,成功,-0.32038192113991404,30.0,0.6577136069035059,-0.09184531779501454,,
300215,电科院,成功,-0.4660445617924158,35.0,0.6216840147462744,-0.21860169385006847,,
300217,东方电热,成功,0.8024882015065363,25.0,0.40074539443432017,0.3801773386720176,,
300218,安利股份,成功,1.1987931501196094,31.142666935920715,0.4167786387350422,0.49236091889864436,,
300219,鸿利智汇,成功,-0.4922064078887766,26.93321269750595,0.7540633583338999,-0.2636135877203653,,
300220,金运激光,成功,-0.6775064238154586,38.0713543176651,0.7418372415654997,-0.4537899041646755,,
300221,银禧科技,成功,1.2178059296192036,43.515190434455874,0.5145915068698863,0.4732143511812798,,
300222,科大智能,成功,0.4181897180819107,30.174660086631775,0.5632853006652261,0.27934429518025855,,
300223,北京君正,成功,1.3666109275547837,32.16289496421814,0.5753056142718764,0.4973934685282044,,
300224,正海磁材,成功,0.05883058128869583,38.1,0.5979181393197663,0.14008710111296963,,
300225,金力泰,成功,1.681560097235369,25.666487216949463,0.5327174704073044,0.6014102826702186,,
300226,上海钢联,成功,-0.6034258484980883,19.0,0.6192265173290091,-0.501112476790123,,
300227,光韵达,成功,-0.7407954251192982,31.942912459373474,0.7829045773557766,-0.4226207390660519,,
300228,富瑞特装,成功,1.0928099810983332,32.948648512363434,0.654615744600273,0.44695673443345163,,
300229,拓尔思,成功,-0.17028648877713437,40.49215543270111,0.4710152067402576,0.044516296888907944,,
300230,永利股份,成功,-0.6494725824432186,23.0,0.7479792674585607,-0.546910518004321,,
300231,银信科技,成功,0.1316325845011481,35.95987384319305,0.5130110750963207,0.18262611493343156,,
300232,洲明科技,成功,-0.31853246752580555,20.0,0.44899399187069056,-0.15794414154807612,,
300233,金城医药,成功,3.066994041070656,21.58945405483246,0.40667659053451066,0.8166729161807549,,
300234,开尔新材,成功,-0.5094228167412647,25.514128923416138,0.7889947436857644,-0.3014783022030624,,
300235,方直科技,成功,-0.5221752984892136,38.539101362228394,0.6070737364547457,-0.2224233489240285,,
300236,上海新阳,成功,0.5662770136656196,29.700000000000003,0.552014512036752,0.314868832696182,,
300237,ST美晨,成功,-0.8163490872334493,36.1,0.8986059816106424,-0.8488651442196469,,
300238,冠昊生物,成功,0.05123447678480763,22.3,0.5681693556351338,0.0751883362883293,,
300239,东宝生物,成功,0.5469779106509212,22.2766135931015,0.4345335306874392,0.3110488688039198,,
300240,飞力达,成功,0.02635346764149581,25.21747932434082,0.5263843819858668,0.10645755275497279,,
300241,瑞丰光电,成功,-0.0010867012387198339,23.29417395591736,0.4767898193090593,0.09127679218046827,,
300242,佳云科技,成功,-0.6176524384674446,40.07081662416458,0.8090965675568994,-0.2139538825390559,,
300243,瑞丰高材,成功,0.5853552238546589,30.285802721977234,0.633640172314766,0.3250197570650053,,
300244,迪安诊断,成功,-0.49173864162599956,26.213398492336275,0.713152593876219,-0.3748775696687058,,
300245,ST天玑,成功,2.5092029098056288,31.458483457565308,0.3329152566613554,0.6739247687173523,,
300246,宝莱特,成功,-0.770983631245392,26.75931668281555,0.7912462986363602,-0.6409912461697854,,
300247,融捷健康,成功,-0.29478050310435033,30.0,0.6291881116628543,-0.061276872201722704,,
300248,新开普,成功,0.20815013806933086,30.720681071281433,0.4434819494894971,0.1939097274277774,,
300249,依米康,成功,0.07682615856495628,40.51340715885162,0.5917936546868018,0.20970961970903917,,
300250,初灵信息,成功,-0.5033600950422003,46.1,0.5858639316730521,-0.08891464775648959,,
300251,光线传媒,成功,-0.11645613083762248,22.25,0.5916218735984926,0.004309193347711997,,
300252,金信诺,成功,-0.3142566964520636,38.2099848985672,0.7225255111104515,0.0002585999203308294,,
300253,卫宁健康,成功,-0.6608761856164506,22.91457360982895,0.6710006167781322,-0.5491447288941178,,
300254,仟源医药,成功,-0.32569949002765336,39.1,0.6608983846900314,-0.04768355314415643,,
300255,常山药业,成功,3.5685490653970664,37.27058658599854,0.5031470977597261,0.7154707694716829,,
300256,星星科技,成功,-0.3277785870732658,25.3468154668808,0.5360161059667082,-0.11804686732541887,,
300257,开山股份,成功,1.2146908601814896,30.0,0.6169279157649575,0.4892995393288946,,
300258,精锻科技,成功,1.8181686476440728,32.0,0.4248547267907511,0.5956481482048761,,
300259,新天科技,成功,-0.43519729717747524,21.0,0.6044108551817886,-0.26057112524853543,,
300260,新莱应材,成功,1.466445908956024,49.0,0.5101337872645018,0.5005038239952018,,
300261,雅本化学,成功,-0.78008005166633,31.333898997306825,0.8741094767459318,-0.7602895981629288,,
300263,隆华科技,成功,-0.3655669878795058,33.917081236839294,0.6967825168707796,-0.11056583557075217,,
300264,佳创视讯,成功,-0.650268664269502,50.05510210990906,0.7910237743208578,-0.16440699783055035,,
300265,通光线缆,成功,-0.8093023705397592,33.0,0.8566202455293584,-0.5611344709002872,,
300266,兴源环境,成功,-0.8055727245062738,27.102137804031372,0.8395620073308779,-0.9834400563360925,,
300267,尔康制药,成功,-0.34176587871965997,26.2,0.6290088265463449,-0.15450740059284138,,
300268,佳沃食品,成功,-0.4383631880560288,37.1,0.6873508891570428,-0.1589830217973603,,
300269,联建光电,成功,-0.7189731253398414,42.360320520401004,0.7784046187626043,-0.3506587232804988,,
300270,中威电子,成功,-0.6858231168469744,39.83140347003937,0.8004645854581994,-0.3565787125052288,,
300271,华宇软件,成功,-0.2997536253011256,20.0,0.4061826670696201,-0.19876723075829425,,
300272,开能健康,成功,0.37798096824411886,32.0,0.6422064478661221,0.26852061275602973,,
300274,阳光电源,成功,0.842593197141283,43.374176669120786,0.8382333795826248,0.3953612969875539,,
300275,梅安森,成功,-0.42383873925950866,32.1,0.6356302162249722,-0.09760261970653307,,
300276,三丰智能,成功,-0.8299488844326689,28.05,0.839995421026813,-0.6019268395287302,,
300277,汽轮科技,成功,-0.26711018174530515,28.1,0.4755017534652831,-0.05689759229649013,,
300278,华昌达,成功,-0.6289464563459913,31.792699098587036,0.7463211096197443,-0.4159841020227029,,
300279,和晶科技,成功,-0.11884468593122292,32.59775350093842,0.5843904726911221,0.047334043105948555,,
300281,金明精机,成功,-0.7196381496523708,30.334860062599184,0.7930924751418995,-0.570950006152478,,
300283,温州宏丰,成功,-0.576545022945034,38.1,0.8190614605644673,-0.2651540955550993,,
300284,苏交科,成功,0.07444342261906088,23.24354326725006,0.45258428628646885,0.0947280542778075,,
300285,国瓷材料,成功,0.5198258781195397,30.0,0.6859543481206606,0.29990735701973065,,
300286,安科瑞,成功,1.3385076865599335,38.133801221847534,0.4520993022028204,0.49364069650262277,,
300287,飞利信,成功,-0.4959578436728358,34.47647452354431,0.7016336095262068,-0.1973315751881821,,
300288,朗玛信息,成功,-0.5087710000741166,34.1,0.6599966613868579,-0.19297920680686298,,
300289,利德曼,成功,-0.5115125345529563,29.723351311683658,0.6190303191200484,-0.3204677467674067,,
300290,ST荣科,成功,0.9120135375920532,46.2,0.6864073311782461,0.4081012412654061,,
300291,百纳千成,成功,0.08593729259290339,35.0,0.47133206777176234,0.15472903364278276,,
300292,吴通控股,成功,-0.44500400948879765,32.1,0.666772409493413,-0.16471425633734293,,
300293,蓝英装备,成功,-0.7576405403318663,27.491704177856445,0.7967061520894957,-0.6558051002750347,,
300294,博雅生物,成功,-0.25389859366792006,13.0,0.4748518315226702,-0.2253029454854649,,
300295,*ST三六五,成功,-0.06073651181011926,36.93463122844696,0.5362348809937204,0.06841323252733493,,
300296,利亚德,成功,-0.18215243769763634,30.0,0.5194457490315963,0.01257425125720174,,
300298,三诺生物,成功,-0.6181758028406302,21.0,0.7012064067451946,-0.6583581333287882,,
300299,富春股份,成功,0.026349802432794677,37.0,0.518492418177754,0.14086448582238636,,
300301,ST长方,成功,-0.4075290892813321,29.0,0.7821935892886397,-0.21169487422893257,,
300300,海峡创新,成功,0.8769040211965583,40.59653568267822,0.6881214043937769,0.3974575807347064,,
300302,同有科技,成功,0.31728690447410424,48.171177983284,0.5751674719026005,0.2537797159865315,,
300303,聚飞光电,成功,-0.23806825042652446,38.243582534790036,0.6840530306227377,0.00043376378816054387,,
300304,云意电气,成功,0.26505589347874453,38.1,0.46011548191554713,0.22273913662813385,,
300305,裕兴股份,成功,-0.44835460468997335,27.287449717521667,0.7493748096325772,-0.23703597764614143,,
300306,远方信息,成功,-0.29034463235576113,32.0,0.49548317284136817,-0.06299444149522938,,
300307,慈星股份,成功,-0.37791075524237344,33.0,0.6038741394123024,-0.10542867673189316,,
300308,中际旭创,成功,1.8126141503936168,39.0,0.5810835494643816,0.5601439388692628,,
300310,宜通世纪,成功,-0.7354151779964415,33.0,0.7674146303696613,-0.4862449118508715,,
300311,ST任子行,成功,-0.22920956113817273,29.177002906799316,0.4901942735726891,-0.021955721751542888,,
300313,天山生物,成功,-0.3328269612417412,31.413295125961305,0.620372010228897,-0.04548953257842052,,
300314,戴维医疗,成功,-0.10697369319827703,21.0,0.5721596864549394,-0.03143774600106834,,
300315,掌趣科技,成功,-0.5142065265525014,33.2,0.7218936495423182,-0.24270890260769037,,
300316,晶盛机电,成功,1.4430721053320443,33.26944391727447,0.5553841707820246,0.5215939099352861,,
300317,珈伟新能,成功,-0.30240715756831676,36.36353027820587,0.8484424178861698,-0.007020853919910562,,
300318,博晖创新,成功,-0.3830628214861391,31.864137530326843,0.7669901221318659,-0.1500696093365855,,
300319,麦捷科技,成功,-0.5480187535538521,26.0,0.8168730706425842,-0.29119059946523546,,
300320,海达股份,成功,-0.029344551292076793,31.1,0.6255609650899792,0.09972792725774082,,
300321,同大股份,成功,0.6813729962824276,32.3425098657608,0.6227459679663112,0.35511279630836495,,
300322,硕贝德,成功,-0.5160180403876965,38.0,0.8320835668517981,-0.11781006232277588,,
300323,华灿光电,成功,0.31755669109915735,26.236774218082427,0.4820310912608102,0.22685468409418566,,
300324,旋极信息,成功,-0.3241774497603126,32.0,0.7119899186923732,-0.019982169618397414,,
300326,ST凯利,成功,-0.6284749625380891,21.905187904834747,0.7057436540431196,-0.7195790914976349,,
300327,中颖电子,成功,-0.3350106164542204,22.95,0.6168496891066376,-0.13082462036339856,,
300328,宜安科技,成功,0.044529610326794936,36.0,0.7016031236181921,0.16840802244485675,,
300329,海伦钢琴,成功,0.2494312958789502,32.0,0.5802146022630135,0.21133315534125724,,
300331,苏大维格,成功,1.3615649504784408,36.517747735977174,0.48861537924056353,0.5044821254635021,,
300332,天壕能源,成功,0.02287059890908582,29.165399312973022,0.5637850024138945,0.09409215840401804,,
300333,兆日科技,成功,-0.5424570287207777,27.0,0.6712297384046021,-0.25726152290472376,,
300334,津膜科技,成功,-0.1674134156150579,32.18155086040497,0.6252526975457402,0.018875310939475674,,
300335,迪森股份,成功,-0.23527701246137003,28.916237354278564,0.6626452657726003,-0.01840849202488242,,
300337,银邦股份,成功,-0.1277122935856822,51.64566993713379,0.6465494287626039,0.09807630985556097,,
300338,*ST开元,成功,0.421498693891149,27.57329249382019,0.37145894541598057,0.276795433445363,,
300339,润和软件,成功,1.588563203646292,37.521907806396484,0.5249063076817114,0.47198015032629587,,
300340,科恒股份,成功,-0.8438287269949476,42.1,0.8755109725521812,-0.7561944471012735,,
300341,麦克奥迪,成功,-0.03684324900867956,29.1,0.546069361749033,0.06693874291541235,,
300342,天银机电,成功,-0.6009948123105084,44.64242947101593,0.7182033201441808,-0.265928402063121,,
300343,联创股份,成功,-0.7204531952223469,35.38240134716034,0.902026448454059,-0.41454738232020044,,
300345,华民股份,成功,-0.6675253099469197,33.90696585178375,0.7066827931747899,-0.47524104890033037,,
300346,南大光电,成功,0.3719946714679364,31.1,0.6646295286012952,0.2584342610582641,,
300347,泰格医药,成功,-0.5638484915026503,23.1,0.756122091334773,-0.4412637650770233,,
300348,长亮科技,成功,-0.3737828970174206,33.95,0.5507959742355818,-0.1035105519737177,,
300349,金卡智能,成功,-0.549833284709639,19.0,0.6102744279466735,-0.36919067865421135,,
300350,华鹏飞,成功,1.2408144016299638,30.23259243965149,0.7307124950513472,0.46651846430039295,,
300351,永贵电器,成功,-0.7937591526701486,42.37851583957672,0.874426816702277,-0.5399390042285618,,
300352,ST信源,成功,-0.6117257400606511,37.33196065425873,0.6506230822384038,-0.3403948518151871,,
300353,东土科技,成功,-0.5220755584340944,38.0,0.6162430503678955,-0.20417385645247013,,
300354,东华测试,成功,0.06696049040830941,41.50732798576355,0.6941402808308306,0.1474128624909047,,
300355,蒙草生态,成功,-0.010908858032228455,28.1,0.5499897221074235,0.07562417481508725,,
300357,我武生物,成功,-0.01716747985885828,19.0,0.42582516221861,0.010128378888077562,,
300358,楚天科技,成功,0.6125623110681496,34.88666126728058,0.5677266357508592,0.33272444104682436,,
300359,全通教育,成功,-0.8075148636443319,30.0,0.8670071695746592,-0.6397323988337713,,
300360,炬华科技,成功,0.08589305219800285,30.6460853099823,0.4196906819579355,0.14833858366611222,,
300363,博腾股份,成功,0.08202893197873637,37.1,0.6863948493487805,0.12449997594343863,,
300364,中文在线,成功,-0.42391168827104986,46.50139617919922,0.7209449381648896,-0.03481298444457482,,
300365,恒华科技,成功,-0.7641231867663522,24.2,0.7930111983878428,-0.7539372490925581,,
300366,ST创意,成功,-0.2994493063251553,36.0,0.6019019089514802,-0.036862543312453554,,
300368,汇金股份,成功,-0.3815784234972397,24.778802394866943,0.570133601685378,-0.124333583006892,,
300369,绿盟科技,成功,-0.6767679819633349,29.0,0.7334564970001121,-0.5149216376015412,,
300370,安控科技,成功,-0.28744855261656294,23.0,0.5910522412421813,-0.11014166104101746,,
300371,汇中股份,成功,-0.34216950140810004,20.049999999999997,0.64869122931244,-0.21430807549793135,,
300373,扬杰科技,成功,0.3046019534969109,37.18578863143921,0.6655417607941556,0.2433357219078761,,
300374,中铁装配,成功,-0.6685478929336355,32.1,0.8365618312249157,-0.37093929240773893,,
300375,鹏翎股份,成功,-0.32907630355746964,25.801034331321716,0.6238547525453115,-0.12776788988532387,,
300376,易事特,成功,-0.2699941447872097,31.0,0.6944436408507192,-0.07719264954977159,,
300377,赢时胜,成功,0.8380353508911503,31.0,0.49376497541386377,0.38680064845753553,,
300378,鼎捷数智,成功,0.6634792315530128,34.25804779529572,0.6942316853355484,0.3453059564935217,,
300380,安硕信息,成功,0.6375663478811274,29.530935859680177,0.4951560261617109,0.3346595623704539,,
300381,溢多利,成功,-0.6617658094079886,18.0,0.7328718116577885,-0.791474361921378,,
300382,斯莱克,成功,0.16197042089135036,38.0,0.53465844659437,0.1869698018791936,,
300383,光环新网,成功,-0.5570299845723037,24.0,0.6610860031285882,-0.296551744062533,,
300384,三联虹普,成功,-0.30380530623888363,26.0,0.6094917500619411,-0.11782085083484634,,
300385,ST雪浪,成功,0.06519852017617464,29.5,0.5833472500232583,0.13439677942010406,,
300386,飞天诚信,成功,-0.8138135961974619,32.69238357543946,0.8417845570141685,-0.826316797209223,,
300387,富邦科技,成功,-0.15199945672133922,25.46207845211029,0.5827519561927508,0.008418590933423137,,
300388,节能国祯,成功,-0.4253894696792345,18.1,0.5599672436848373,-0.3941351549638733,,
300389,艾比森,成功,1.8934675690007652,30.162761211395264,0.5269062444896437,0.5763583967044252,,
300390,天华新能,成功,0.8937228324339367,42.1,0.6871191557043917,0.4015171095431937,,
300393,中来股份,成功,0.6383346489206637,38.0,0.5424931869380561,0.3679021747266813,,
300394,天孚通信,成功,-0.1343147913109194,47.2,0.7057020992724942,0.1550117094898473,,
300395,菲利华,成功,-0.19035607753190706,33.2,0.6974250655570787,0.06333184425763488,,
300396,ST迪瑞,成功,-0.2673214664232808,12.1,0.5380013621237182,-0.2345119144400462,,
300397,天和防务,成功,-0.8618504631070222,30.065878224372863,0.8807852045459806,-0.9734291865221171,,
300398,飞凯材料,成功,-0.21324564143216265,38.0,0.723523775378235,-0.008950405406289687,,
300399,天利科技,成功,1.013483915166708,40.1,0.460162342646491,0.42446160728104676,,
300400,劲拓股份,成功,0.09803632742147747,39.23105962276459,0.5907893983280634,0.18114597856955084,,
300401,花园生物,成功,0.014144224532745284,27.142184734344482,0.5054924387558976,0.10030502322637339,,
300402,宝色股份,成功,-0.1532891638144385,31.517363262176517,0.7023926407197111,0.055918561529792424,,
300403,汉宇集团,成功,-0.040943807495688087,41.385439896583556,0.6372737493183963,0.0857872535053302,,
300404,博济医药,成功,-0.618257893683608,28.55,0.6828174764119805,-0.47280811287302466,,
300405,科隆股份,成功,0.02450401459081797,27.48659954071045,0.6466674034119587,0.17679522156049707,,
300406,九强生物,成功,-0.6128720952132678,23.0,0.7043131005168618,-0.6143611038153403,,
300407,凯发电气,成功,-0.4695206230872777,28.0,0.6609657719000656,-0.1935034438048668,,
300408,三环集团,成功,0.2836699182448523,21.167104482650757,0.41140658418193937,0.2118019313315408,,
300409,道氏技术,成功,0.5170303366730714,39.31445252895355,0.4844706948797322,0.3055708581795396,,
300410,正业科技,成功,-0.07023146900778941,34.79925940036774,0.6139167487133558,0.10805662593445758,,
300411,金盾股份,成功,-0.4910201628589954,32.8,0.6971844062932565,-0.15373495347730137,,
300412,迦南科技,成功,-0.5895980898135825,30.0,0.7632831922220706,-0.2640092138045566,,
300413,芒果超媒,成功,-0.34287788503188943,15.0,0.5736858383845652,-0.2404615195756795,,
300414,中光防雷,成功,-0.5433510154009895,28.0,0.66426031876873,-0.25080997957336215,,
300415,伊之密,成功,-0.06292163330409385,38.28168022632599,0.6565989405137316,0.07768777326545855,,
300416,苏试试验,成功,-0.5909484344968525,23.95,0.6666331523879341,-0.33088788380222217,,
300417,南华仪器,成功,-0.48331960050660483,24.0,0.7003333261062386,-0.2519218060781348,,
300418,昆仑万维,成功,-0.6516118726126873,37.37527344226837,0.8570885890427039,-0.3748094853444234,,
300419,ST浩丰,成功,-0.8114250605543312,35.727242827415466,0.8750710922686601,-0.639662716730022,,
300420,五洋自控,成功,-0.08163021651241288,22.0,0.4583336154850136,0.010968298511279728,,
300421,力星股份,成功,1.2241966067253798,52.93379373550415,0.6586360678522782,0.46307265447021206,,
300422,博世科,成功,-0.3130004484256452,13.1,0.5290124728627008,-0.20863360187444754,,
300423,昇辉科技,成功,-0.35862879486502586,35.382747650146484,0.6454645826668456,-0.06686789476811045,,
300424,航新科技,成功,-0.47773267982497136,34.334455132484436,0.7580849104799613,-0.1802456175309271,,
300426,华智数媒,成功,0.38686097755084164,28.643266439437866,0.47464406389527525,0.26662845399405355,,
300425,中建环能,成功,-0.7718266915410604,19.0,0.8323926940600382,-0.8381457147410762,,
300427,红相股份,成功,-0.6233807924688588,26.0,0.7144574904723158,-0.42498425806484574,,
300428,立中集团,成功,-0.6431230964925819,39.70075500011444,0.7777068535812005,-0.3354144468161672,,
300429,强力新材,成功,0.016911539777639845,28.1,0.5908034316304985,0.11329405988280751,,
300430,*ST益通,成功,-0.6437992189864793,43.0,0.739769983598927,-0.3045120368101219,,
300432,富临精工,成功,0.2557445834990688,37.55115003585816,0.6022816481510964,0.23373798309840305,,
300433,蓝思科技,成功,0.5359500308242978,26.996335661411287,0.47599075480723735,0.3066152552181575,,
300434,金石亚药,成功,-0.77178123302597,26.832728838920595,0.8602312221949066,-0.8207614169719697,,
300435,中泰股份,成功,0.15560714775321133,32.0,0.5769374714196818,0.17886046257713212,,
300436,广生堂,成功,0.740886952813238,33.39878649711609,0.519924880063898,0.36788916534888966,,
300437,清水源,成功,-0.17026998965258652,29.531671690940854,0.5969542176596849,0.024036956495940343,,
300438,鹏辉能源,成功,1.1700712517931486,40.6,0.4231567967987624,0.45383912961229816,,
300439,美康生物,成功,-0.5037923425072404,14.0,0.5897431325638288,-0.4566968211072236,,
300440,运达科技,成功,0.29461195259174083,29.87993586063385,0.4962419632492463,0.22980053976049492,,
300441,鲍斯股份,成功,-0.2792894270236636,23.0,0.5607411263109006,-0.1608542580665624,,
300442,润泽科技,成功,-0.06970743891666455,32.3,0.765013110921897,0.15152209596652036,,
300443,金雷股份,成功,-0.2328273946567539,33.0,0.8523866097991174,-0.04036025988566651,,
300444,双杰电气,成功,0.11440586943913485,48.1,0.6037269972905405,0.20336503996308664,,
300445,康斯特,成功,-0.34406258193872474,25.1,0.5722736153203267,-0.11401858475945709,,
300446,航天智造,成功,-0.3362499262447111,35.0,0.7177676758974569,-0.02248845290085201,,
300447,全信股份,成功,-0.5938025427368976,38.0,0.7853046977127223,-0.30624704853727874,,
300448,浩云科技,成功,-0.2486092007229707,28.441789746284485,0.6497194845129659,0.017616002407057168,,
300449,汉邦高科,成功,-0.48737469069590544,31.260867834091187,0.7061561211470105,-0.2267924380164524,,
300450,先导智能,成功,0.07340522934766064,20.2,0.4666919147703975,0.0691150793464429,,
300451,创业慧康,成功,0.21094038567238968,20.0,0.4214923442908305,0.16845717213282044,,
300452,山河药辅,成功,-0.5242587556038268,16.0,0.5812301064230564,-0.26810849014849075,,
300453,三鑫医疗,成功,-0.6657765554729992,19.721628427505493,0.78359598026637,-0.4859393677230605,,
300454,深信服,成功,-0.2153428754282587,27.95,0.5441013540382273,-0.020629717620049785,,
300455,航天智装,成功,-0.11048138710487415,34.005274868011476,0.6170098848213947,0.0889674056171946,,
300456,赛微电子,成功,-0.6960294823421928,29.1,0.7753881437553807,-0.4298884862771196,,
300457,赢合科技,成功,-0.619479433732325,27.1,0.6302823362960672,-0.509661160009214,,
300458,全志科技,成功,0.7925590009727655,31.209428191184998,0.46154096238747183,0.3815738763903448,,
300459,汤姆猫,成功,0.03096843821300019,39.1,0.49938069327270446,0.15605943487111845,,
300460,ST惠伦,成功,-0.7078871610021514,32.1,0.8081703486142171,-0.39715541176037583,,
300461,田中精机,成功,-0.17591614924148774,34.68421757221222,0.6158879262805022,0.05052956973162982,,
300462,ST华铭,成功,-0.5113222931583035,30.0,0.6617614858900139,-0.2801114627725972,,
300463,迈克生物,成功,-0.6631223486889573,12.1,0.6904685479308829,-1.1777677738638959,,
300464,星徽股份,成功,0.5433250044224464,24.35033428668976,0.6018812435691955,0.31009831337440474,,
300465,高伟达,成功,0.00888545223639434,34.24127349853516,0.7163809834982865,0.13734577893559016,,
300466,赛摩智能,成功,0.22954833837072175,38.0,0.627429350303199,0.21426781169195486,,
300467,迅游科技,成功,0.02580321359105423,35.5,0.5751088810180126,0.14944649465810683,,
300468,四方精创,成功,0.26435348946794185,34.10658888816833,0.49341354340147847,0.20851069384127993,,
300469,信息发展,成功,-0.4842749582470605,32.1,0.6853169757413567,-0.1417423347103012,,
300470,中密控股,成功,-0.10634941693732587,16.0,0.6215054066985252,-0.034104193651254826,,
300471,厚普股份,成功,0.027422950317152573,40.639045929908754,0.7409672199366554,0.12079241005565128,,
300472,*ST新元,成功,-0.5695123475974743,39.1,0.7364413259089372,-0.2664344630032835,,
300473,德尔股份,成功,-0.013356020314729685,33.1,0.4727557208676651,0.11139752547838966,,
300474,景嘉微,成功,-0.003952014647377655,36.0,0.6582277020043515,0.10541690700599395,,
300475,香农芯创,成功,2.532129237826857,59.11326925754547,0.47838526373736534,0.6226154827660516,,
300476,胜宏科技,成功,22.165692230861616,49.92027336359024,0.40436123941785895,1.241678763985776,,
300477,ST合纵,成功,-0.4057762358999841,29.05,0.6821452586263091,-0.19594003870924379,,
300478,杭州高新,成功,1.77591806017466,33.404943346977234,0.5773750523133417,0.5772302797096789,,
300479,神思电子,成功,-0.20309488473057238,36.1,0.6808965184820008,0.04861127605158522,,
300480,光力科技,成功,0.42974923099459816,30.0,0.6244086476933637,0.2816294918115085,,
300481,濮阳惠成,成功,-0.653638912382861,29.0,0.8305564448264982,-0.48276656883025876,,
300482,万孚生物,成功,-0.6271391128903248,12.0,0.6331715317030489,-0.8728396670016522,,
300483,首华燃气,成功,-0.41706990553741186,19.041250348091125,0.7409685455260675,-0.1555363496805962,,
300484,蓝海华腾,成功,-0.5730074619726413,41.20138034820557,0.6838675627371965,-0.30055586760253955,,
300485,赛升药业,成功,-0.4401640333034873,33.48626857995987,0.7261402633843075,-0.2251117181216009,,
300486,东杰智能,成功,-0.3619252927415081,23.0,0.6473741403921784,-0.1779582547519061,,
300487,蓝晓科技,成功,-0.09542085840160813,29.0,0.7706972139101794,0.09399660019960047,,
300488,恒锋工具,成功,-0.49434903032698363,32.542395329475404,0.7166799277815731,-0.23096167058322797,,
300489,光智科技,成功,-0.5962099857734319,32.05762976408005,0.8208433463636282,-0.25910259734736396,,
300490,华自科技,成功,-0.20087325285596888,42.0,0.6513818019993699,0.08503228319990339,,
300491,通合科技,成功,-0.2514550086320752,45.0,0.7082125906360869,0.060114461153320906,,
300492,华图山鼎,成功,0.6956090308840256,23.2,0.6006367436429704,0.36871152392450884,,
300493,润欣科技,成功,-0.21341928842186303,34.49074683189392,0.5212296621507105,0.023765436492364567,,
300494,盛天网络,成功,0.31688440515108873,32.37911872863769,0.5836768076214737,0.23109914402067178,,
300496,中科创达,成功,-0.5407873965511915,29.0,0.7642656803135972,-0.3214965181701253,,
300497,富祥股份,成功,-0.32526342047802215,25.5,0.7118671116370029,-0.10997779102438388,,
300498,温氏股份,成功,-0.7192011657400849,18.0,0.7566249514923818,-0.9985631810623518,,
300499,高澜股份,成功,-0.5421780784910254,44.60749061107636,0.6102326374174969,-0.12832222365851362,,
300500,启迪设计,成功,0.4551203666040767,27.164418697357178,0.6672677515881914,0.28219412822345097,,
300501,海顺新材,成功,-0.07969241066046408,23.22253510951996,0.5588943247766641,0.04270866385522473,,
300502,新易盛,成功,1.0607685904439246,45.18066031932831,0.686561960725337,0.4489127694585873,,
300503,昊志机电,成功,0.7070672539205884,46.1,0.7653867482586817,0.36340164836792593,,
300504,天邑股份,成功,-0.5979646854015848,27.265688395500185,0.6196062261910203,-0.3415783775832977,,
300505,川金诺,成功,-0.14003584148455672,33.1,0.6249450234138186,0.031258800650813386,,
300506,名家汇,成功,0.12263630690016653,33.688897132873535,0.6583479201098361,0.189654901653555,,
300507,苏奥传感,成功,-0.7161079701934695,33.749697995185855,0.8081044548509909,-0.543019207846676,,
300508,维宏股份,成功,-0.4426472380005516,31.27214105129242,0.6253903616988449,-0.16805970349309382,,
300509,新美星,成功,-0.2127215482206647,30.1,0.5341501731698824,-0.0690875951798464,,
300510,金冠股份,成功,0.7684125576573666,31.32064688205719,0.5227598723146656,0.3769559551666094,,
300511,雪榕生物,成功,0.23135303365303073,27.003344893455505,0.5521128461475182,0.18988903715113767,,
300512,中亚股份,成功,0.212093848040053,24.0,0.48583422953501976,0.17022867994449156,,
300513,恒实科技,成功,-0.7308495897306281,24.1,0.8498457403388936,-0.5256132918599209,,
300514,友讯达,成功,-0.5641965067781657,24.1,0.7166158067795743,-0.28157568051854304,,
300515,三德科技,成功,0.7943549116785117,28.1,0.3477821330016102,0.3794511176832842,,
300516,久之洋,成功,0.16073947698173113,28.1,0.5999192283363325,0.18987031186192088,,
300517,海波重科,成功,-0.7302419708155434,24.1,0.8000190616139763,-0.486962794543153,,
300518,新迅达,成功,5.118436146914868,41.18692352771759,0.5913796512218509,0.9041630879809949,,
300519,新光药业,成功,-0.15210625908646208,29.0,0.6419064034249681,0.02638341471959282,,
300520,科大国创,成功,0.01583569316009962,44.197986125946045,0.6611808593824063,0.15643086808208584,,
300521,爱司凯,成功,-0.1986162326461161,26.31058406829834,0.6020896969525426,-0.006931957565352814,,
300522,世名科技,成功,-0.5099342640372502,26.15,0.6896265004264323,-0.25307521393725374,,
300523,辰安科技,成功,-0.5343456424228613,18.0,0.6433343784235388,-0.5012356192781434,,
300525,博思软件,成功,-0.5107884605761871,20.174349784851074,0.6045634789872886,-0.37045173056489084,,
300527,ST应急,成功,-0.3697605116978789,27.336284279823303,0.6716448501967924,-0.16668850218954134,,
300528,幸福蓝海,成功,3.5980236666833987,44.52537190914154,0.4038025326732655,0.7328343073096347,,
300529,健帆生物,成功,-0.7379388982048499,14.95,0.7491544663375117,-0.6939674878172908,,
300530,领湃科技,成功,-0.6167381738172649,26.91014358997345,0.8198461892488305,-0.32223112692540107,,
300531,优博讯,成功,-0.5915250354164089,29.466925573349,0.7344695085126435,-0.2972783662861197,,
300532,今天国际,成功,-0.41946031632544206,27.702632999420167,0.7272721835643691,-0.13112703346080518,,
300533,冰川网络,成功,2.250871483614543,27.435468649864198,0.3167943795940171,0.6741772780593573,,
300534,陇神戎发,成功,-0.5925521059761742,31.385645842552186,0.6930015485256146,-0.3206665868418426,,
300535,达威股份,成功,0.6193006963239875,20.0,0.3308362659712933,0.335809698634057,,
300536,农尚环境,成功,-0.0010062848895900243,32.37412307262421,0.6286484078505225,0.10144214396314294,,
300537,广信材料,成功,-0.5654800828565492,42.06469557285309,0.7987161426908397,-0.22310143296865542,,
300538,同益股份,成功,-0.6603515288469259,28.095463037490845,0.7016636675429169,-0.3586145404239627,,
300539,横河精密,成功,1.4502608537031016,36.634857940673825,0.4633444088109745,0.5146966813679312,,
300540,蜀道装备,成功,2.5470429802281194,38.727731585502625,0.6201199212796383,0.6645746752674231,,
300541,先进数通,成功,-0.43041877304455534,30.293136715888977,0.64038822518876,-0.1140776287776168,,
300542,新晨科技,成功,-0.20482115201491163,35.02717409133911,0.45007268272220874,0.013442275194612255,,
300545,联得装备,成功,-0.6233832004380797,36.0,0.76609995474531,-0.27366620017384014,,
300543,朗科智能,成功,-0.6406837907845097,22.95,0.66529953370965,-0.3719733773383075,,
300546,雄帝科技,成功,0.3985824299966477,32.0,0.4280588909308392,0.277122026863157,,
300547,川环科技,成功,0.5899776907695996,44.30583152770996,0.5093679090627848,0.3299329300061496,,
300548,长芯博创,成功,0.3110195116199617,50.95,0.6289380390694501,0.2964625927833798,,
300549,优德精密,成功,-0.29117059676083346,28.0,0.5892359802677122,-0.057410988338043235,,
300550,和仁科技,成功,-0.49514474571661427,20.476679182052614,0.5460013814975485,-0.25826066839668965,,
300551,古鳌科技,成功,-0.565020003459249,39.05,0.7870909144016476,-0.1965385563253583,,
300553,集智股份,成功,1.2644393647022887,36.0,0.35573275752433586,0.4816262754358199,,
300552,万集科技,成功,-0.7810736247591005,30.0,0.7910134536115352,-0.4729905285182069,,
300554,三超新材,成功,-0.73568471179625,34.82588860988617,0.8393771489807245,-0.4577512255346818,,
300555,ST路通,成功,-0.01890924668681808,22.0,0.4208289428938529,0.08109132997644933,,
300557,理工光科,成功,0.5757294898884805,21.313489651679994,0.28943091059031606,0.3242329181919339,,
300556,丝路视觉,成功,-0.3784023228868828,43.430703496932985,0.6761591704236376,-0.071628030760819,,
300558,贝达药业,成功,-0.3542747830435814,17.5,0.6524026829530324,-0.2564602578348811,,
300559,佳发教育,成功,-0.4562151363362591,34.05,0.6453606048611474,-0.08660164452860261,,
300560,中富通,成功,-0.4573786139510577,31.36688584089279,0.609879621218588,-0.11204777962483832,,
300561,汇金科技,成功,-0.39927886367121934,35.072774052619934,0.7192841479651121,-0.1135073517562356,,
300562,乐心医疗,成功,-0.28201621501440705,22.581006169319153,0.535828102728445,-0.06933920702015228,,
300563,神宇股份,成功,-0.5710531980134196,39.24358627796173,0.6898733159222985,-0.23281258368653007,,
300564,筑博设计,成功,-0.7420036838672612,24.0,0.8282642017540855,-0.5933013376269156,,
300565,科信技术,成功,-0.5504569567396654,24.251057028770447,0.6829952220010101,-0.3583035826187643,,
300566,激智科技,成功,-0.10669178023813278,29.95,0.6366271045824948,0.07233713678710225,,
300567,精测电子,成功,0.6010116829976649,38.2,0.4571393058573158,0.33099725031764166,,
300568,星源材质,成功,0.05699902369596035,39.42684681415558,0.6332826187440733,0.18183069263174353,,
300569,天能重工,成功,-0.7399990895569711,27.049999999999997,0.7621175914066023,-0.49461431619101104,,
300570,太辰光,成功,0.6802117893944154,47.38804987668991,0.5607484915150669,0.3657546666812003,,
300571,平治信息,成功,-0.43835453380802347,31.156801342964172,0.49507104610141484,-0.2315529773590604,,
300572,安车检测,成功,0.9943697735158069,26.95,0.3776464531631738,0.4450956747624143,,
300573,兴齐眼药,成功,-0.5694393222485051,32.1,0.7578456257191639,-0.20945807684869325,,
300575,中旗股份,成功,-0.5331626275816131,11.05,0.6075388495561983,-0.48289843755139417,,
300576,容大感光,成功,-0.686880035403128,31.872137904167175,0.7940889058790271,-0.48582121512009985,,
300577,开润股份,成功,-0.36004283629441824,16.15,0.4964006476955233,-0.21728141713169682,,
300578,会畅科技,成功,-0.7849801879101123,27.1241557598114,0.8183152925849316,-0.7478545116686053,,
300579,数字认证,成功,-0.02608362474118403,20.1,0.4402015810801461,0.07518151371880552,,
300580,贝斯特,成功,-0.6158450515981584,42.0,0.8173215371476642,-0.2689752202766436,,
300581,晨曦航空,成功,-0.6451875157219604,28.0,0.8605847393581796,-0.19110110930084925,,
300582,英飞特,成功,0.12903595268872944,32.81335010528564,0.5129008973087587,0.19035182323519048,,
300583,赛托生物,成功,-0.5137255048035042,14.0,0.5692300262698613,-0.2796403384406648,,
300584,海辰药业,成功,-0.17247597769913584,22.329421949386596,0.5947221700117901,-0.05668111601453623,,
300585,奥联电子,成功,-0.2149687852012027,28.0,0.5935681455597532,-0.014268685224262254,,
300586,美联新材,成功,0.4768840020205581,39.0,0.4436279710502138,0.29784005030914396,,
300587,天铁科技,成功,-0.42001806330145774,22.0,0.6671131565408815,-0.07954204035592828,,
300588,熙菱信息,成功,1.7071003572974093,44.22251398563385,0.47796137503716385,0.5350117363985333,,
300589,江龙船艇,成功,-0.6370203284903291,24.0,0.7197397819094168,-0.31574281253833303,,
300590,移为通信,成功,-0.8163154769055613,20.0,0.8377353397728459,-0.7056443675349083,,
300591,万里马,成功,0.6247152204520035,35.07477104663849,0.4946732615542607,0.33580546278794043,,
300592,华凯易佰,成功,-0.6433357265256895,30.170250248908996,0.8294510180663138,-0.5000522985941422,,
300593,新雷能,成功,1.714464558186208,39.31821987628937,0.5968324365204879,0.5437912458361477,,
300594,ST朗进,成功,-0.40037766939256986,25.26896858215332,0.5934601168078006,-0.27269474298284263,,
300595,欧普康视,成功,-0.5787474533207012,18.05,0.7463513314815746,-0.34892475275167373,,
300596,利安隆,成功,0.503490356984935,19.0,0.41908873245330297,0.29600088905773386,,
300597,吉大通信,成功,-0.43259936684278216,24.125837922096252,0.5785234357614837,-0.2533816882151427,,
300598,诚迈科技,成功,-0.8050156737330355,28.34590802192688,0.8329081976505305,-0.7492565443817063,,
300599,雄塑科技,成功,-0.41717908519098523,27.45,0.5839256362029537,-0.24063574743050847,,
300600,国瑞科技,成功,1.0512709660187567,25.1,0.4056425432448344,0.4423379740569734,,
300601,康泰生物,成功,-0.4458066409039101,18.18341176509857,0.6812851570830094,-0.4101179583136013,,
300602,飞荣达,成功,-0.8689718897184053,45.1,0.8896838253235679,-0.8005646870342116,,
300603,立昂技术,成功,-0.7419633008396602,40.0,0.7828463163170264,-0.40429582552102533,,
300604,长川科技,成功,0.5158958879376349,42.45,0.7090485727963209,0.31093420882874456,,
300605,恒锋信息,成功,0.8018676508004257,31.05205659866333,0.35647185024048944,0.3793035037688706,,
300606,金太阳,成功,-0.2869573104615143,36.0,0.695489253440312,-0.03161567999318799,,
300607,拓斯达,成功,-0.6118887082802463,24.0,0.8187191515701042,-0.30096684852515204,,
300608,思特奇,成功,-0.6837434168352963,34.93066167831421,0.8026555522042146,-0.4166623796746646,,
300609,汇纳科技,成功,1.806661791686152,34.1,0.4553552706268314,0.5499904062337184,,
300610,晨化股份,成功,-0.6463593609743027,19.0,0.7979948822057376,-0.44316376640124894,,
300611,美力科技,成功,1.7281320054905087,30.0,0.46186016663278234,0.5662342967073637,,
300612,宣亚国际,成功,-0.3984199367614002,33.467188119888306,0.6215391597267681,-0.16396528411885444,,
300614,百川畅银,成功,-0.1332705823058699,13.0,0.4225867429155701,-0.06862029763205492,,
300613,富瀚微,成功,-0.5285289397643809,30.428700613975522,0.6303727338190079,-0.15495915695034812,,
300615,欣天科技,成功,-0.4047390577880817,28.0,0.5084719574202878,-0.14488283968257543,,
300616,尚品宅配,成功,-0.6427668399250952,17.0,0.7841239488384094,-0.6874008455092738,,
300617,安靠智电,成功,-0.06670807847723205,28.0,0.46217512847358694,0.04196542339335298,,
300618,寒锐钴业,成功,-0.6663504922788986,24.0,0.7681361075798359,-0.549286447183114,,
300619,金银河,成功,0.41928706330434595,41.47122855186463,0.5884310477949607,0.28391448365709676,,
300620,光库科技,成功,1.3887721491232905,51.1,0.6853204970849552,0.49413311746701905,,
300621,维业股份,成功,-0.8622683622471671,27.1,0.8872970758608498,-1.0625148989584399,,
300622,博士眼镜,成功,0.1299912980799751,20.574515914916994,0.6434479234703104,0.1726273594866517,,
300623,捷捷微电,成功,-0.5110339963878315,27.0,0.7417983708797454,-0.16996331277907897,,
300624,万兴科技,成功,-0.7222589173673705,25.749302363395692,0.7593196878978256,-0.5232143688379006,,
300625,三雄极光,成功,-0.512264279712431,13.1,0.6819990361007532,-0.44695255518586985,,
300626,华瑞股份,成功,-0.12939333256140365,38.21381014585495,0.6051581415544771,0.07467989440748889,,
300627,华测导航,成功,-0.6175007090376451,19.049999999999997,0.6469676514360367,-0.45981924006181535,,
300628,亿联网络,成功,-0.20014029081794754,18.1,0.4145586311628701,-0.11813034647566313,,
300629,新劲刚,成功,-0.7579680253396812,27.609090185165407,0.8531427833936015,-0.6400221305003115,,
300631,久吾高科,成功,-0.45543770744620354,32.8095098733902,0.6886082381838078,-0.22247222458864013,,
300632,光莆股份,成功,-0.5987722001723195,29.10715663433075,0.829080089740808,-0.31156230685659675,,
300633,开立医疗,成功,-0.2114427734910579,20.246360063552856,0.4582179906548494,-0.10854511115744662,,
300634,彩讯股份,成功,0.1353844141444069,37.48477762937546,0.5334253201985418,0.19362594331775218,,
300635,中达安,成功,0.10115131244572811,20.05,0.4309535593994085,0.11532750382826137,,
300636,同和药业,成功,-0.6533794413037178,22.0,0.7880433807092048,-0.49252977646992063,,
300637,扬帆新材,成功,-0.24153177311005683,34.25829994678497,0.6054630597004258,0.01894815915255,,
300638,广和通,成功,-0.680378269691651,22.95,0.744393343828406,-0.4000222944662064,,
300639,凯普生物,成功,-0.5280842416587181,15.134708762168884,0.6240701002117927,-0.32790022245405936,,
300640,德艺文创,成功,-0.611606395566304,32.29184849262238,0.782858987842329,-0.4425074430407268,,
300641,正丹股份,成功,0.6432885365983219,32.205286860466,0.6238523868709968,0.3433227517340209,,
300642,透景生命,成功,0.14758492765253045,25.0,0.5599695020653642,0.13014840931523866,,
300643,万通智控,成功,-0.5537537266569674,30.0,0.6820922517395653,-0.2643820357484557,,
300644,南京聚隆,成功,-0.8418295327027518,29.0,0.8472672424361707,-0.8199942059807868,,
300645,正元智慧,成功,-0.04366752806835677,27.349620199203493,0.6282705401308251,0.0905532271999101,,
300647,超频三,成功,-0.8752716865826462,35.249805331230164,0.8937328104204331,-0.8188879754607323,,
300648,星云股份,成功,1.2581987746165466,43.11305844783783,0.5056675953701897,0.47077336047113544,,
300649,杭州园林,成功,-0.44245833982956384,29.208033537864686,0.6640553857099645,-0.14896257144139785,,
300650,太龙股份,成功,0.025886002031577374,33.0,0.6205793850227395,0.12365976118241838,,
300651,金陵体育,成功,-0.18078384986120669,29.68862795829773,0.5190735065202362,-0.014968784771809468,,
300652,雷迪克,成功,-0.43146251946439307,36.1,0.6763372594080864,-0.18889011306748418,,
300653,正海生物,成功,-0.8164285739968368,13.0,0.8326420404893711,-0.8143046190144687,,
300654,世纪天鸿,成功,-0.7212205930480099,47.1632883310318,0.7844241056324928,-0.3179172283963552,,
300655,晶瑞电材,成功,-0.6871997230978732,36.1,0.8743720840733922,-0.22629276484871624,,
300656,民德电子,成功,-0.3212204245883394,28.1,0.7945250348210641,-0.04831442836010782,,
300657,弘信电子,成功,0.8388575630113922,34.7358695268631,0.4248899379755814,0.39114332846558336,,
300658,延江股份,成功,0.3011717545752955,24.259671092033386,0.5731992792840651,0.22232097049036956,,
300659,中孚信息,成功,-0.8161095081566125,28.0,0.8290300463436542,-0.6432568070868494,,
300660,江苏雷利,成功,-0.4148913019056044,42.26453838348389,0.8091397897200627,-0.10422355626633442,,
300661,圣邦股份,成功,-0.7246976481241407,33.217718553543094,0.810025050837102,-0.3711737151533464,,
300662,科锐国际,成功,-0.4571166959270596,21.0,0.6315621592317301,-0.27394726969523164,,
300663,科蓝软件,成功,-0.23738411511458674,28.929937303066254,0.5266534974660215,-0.018070600925163226,,
300664,鹏鹞环保,成功,-0.5942356678475245,16.95,0.5942356678475245,-0.5046094650492905,,
300665,飞鹿股份,成功,-0.3911735693479712,24.504076838493347,0.7391557903619365,-0.17870238004309655,,
300666,江丰电子,成功,0.4014815264936574,33.11230957508087,0.5653180482277472,0.26655929728220334,,
300667,必创科技,成功,-0.45128957963660377,27.305696964263916,0.6194391884796155,-0.23747342133877425,,
300668,杰恩股份,成功,-0.25584728905089943,27.1,0.6324648374262156,-0.03022751298611689,,
300669,沪宁股份,成功,1.2890951347921011,19.1,0.39898025970090967,0.5507044123040941,,
300670,大烨智能,成功,-0.28975902488881317,28.198792934417725,0.6370576701075487,-0.06716002614064145,,
300671,富满微,成功,-0.6205992110365234,32.0,0.8359318651085933,-0.4127966071508762,,
300672,国科微,成功,-0.21109515862293177,35.95,0.7348576336974418,0.04357372321745155,,
300673,佩蒂股份,成功,-0.5371637049041063,23.95,0.6937616617620622,-0.4650118621706848,,
300674,宇信科技,成功,0.6221035643170701,22.94701188802719,0.39776571935673244,0.3325739650727315,,
300675,建科院,成功,-0.4844385548555894,25.357646417617797,0.6645488481069753,-0.191648579326086,,
300676,华大基因,成功,-0.2577491793510251,17.0,0.5604489665056872,-0.2435977876205951,,
300677,英科医疗,成功,-0.36212701894754573,30.5,0.8154950547027366,-0.11137962722626123,,
300678,中科信息,成功,-0.4111506224251008,35.30642983913422,0.7360236362542044,-0.10483908740805953,,
300679,电连技术,成功,-0.6618787893702474,27.0,0.7424255760274068,-0.38086356767381246,,
300680,隆盛科技,成功,-0.2831240441555108,33.0,0.6693820332897874,-0.07684606569886432,,
300681,英搏尔,成功,-0.4185642634515289,24.24208962917328,0.7948700333679479,-0.05280363017408781,,
300682,朗新科技,成功,0.09182688921869442,25.0,0.6670316624486218,0.13779797651202771,,
300683,海特生物,成功,-0.6857379041730426,27.0,0.7363999073337151,-0.6650395475704151,,
300684,中石科技,成功,-0.45567442146453674,41.95,0.7672691181512005,-0.09469530085553536,,
300685,艾德生物,成功,-0.7936949337377723,20.95,0.8198665256287034,-1.0477175598042663,,
300686,智动力,成功,-0.5806846825963454,29.3707617521286,0.7826737066288656,-0.3539597885124523,,
300687,赛意信息,成功,-0.602063768641777,34.0,0.7763348855952115,-0.2848345570414473,,
300688,创业黑马,成功,-0.19150005438979498,37.0,0.5972587994609603,0.0536841329631038,,
300689,澄天伟业,成功,-0.06460194302429081,28.1,0.7104968744775381,0.1133191625440459,,
300690,双一科技,成功,-0.30633048607979246,25.1,0.714596702727335,-0.05329367594690323,,
300691,联合光电,成功,-0.4198805402828857,39.2232385635376,0.603916007286175,-0.1214960094109643,,
300692,中赋科技,成功,0.49940406621365196,23.755235409736635,0.5729869635516298,0.2923280592081797,,
300693,盛弘股份,成功,-0.1641936001408899,44.79104107618332,0.6035218885114662,0.11836815203366027,,
300694,蠡湖股份,成功,-0.4505193844105293,28.395268440246582,0.6012685709359282,-0.23240344384395722,,
300695,兆丰股份,成功,0.49791100445038144,20.0,0.5431710221675944,0.29011787554727436,,
300696,爱乐达,成功,-0.7158408453383726,19.0,0.8016321820354313,-0.5165081903575551,,
300697,电工合金,成功,-0.7081607217393626,24.534557461738586,0.8114966928120226,-0.3698745079933292,,
300698,万马科技,成功,-0.8145767997665907,37.37493488788605,0.8478783828897476,-0.6832068523866318,,
300699,光威复材,成功,-0.36012062931472966,18.95,0.5848961884740559,-0.19399126371346004,,
300700,岱勒新材,成功,0.2704793233287441,38.34318528175354,0.6226203537708644,0.21552246681098566,,
300701,森霸传感,成功,0.09431934279357797,15.95,0.3816242229269317,0.1149386967901653,,
300702,天宇股份,成功,-0.3277264685334303,13.1,0.609366566380957,-0.3332024389769364,,
300703,创源股份,成功,0.1646786319258067,28.1,0.43810775451912953,0.18966780322138704,,
300705,九典制药,成功,0.1812896942455751,19.0,0.49124475249365646,0.1647829610071293,,
300706,阿石创,成功,-0.43072514054025,37.164610147476196,0.8015516876801555,-0.13370806648966727,,
300707,威唐工业,成功,-0.5286962717053887,32.9396213889122,0.6645098691608275,-0.2033985853045267,,
300708,聚灿光电,成功,-0.7798538935769783,32.2,0.8369342352486305,-0.4712246128405395,,
300709,精研科技,成功,-0.8760345516155433,36.16226041316986,0.8831566989576709,-0.8060892028854918,,
300710,万隆光电,成功,0.5430724412478524,21.360481715202333,0.5503447794771072,0.3109018320364533,,
300711,广哈通信,成功,-0.6379923703751431,42.1,0.8335281890730987,-0.2784302114188836,,
300712,永福股份,成功,1.692329302830794,35.40464240312576,0.5885259117263654,0.5505032342300451,,
300713,英可瑞,成功,-0.7413986039124444,44.74859445095062,0.8629189189247272,-0.4483868507353575,,
300715,凯伦股份,成功,1.0499796297443926,24.365687346458436,0.7618665212961663,0.46247823931237075,,
300716,*ST泉为,成功,-0.013963633742711245,38.78028700351715,0.6415866773355138,0.1192533817702043,,
300717,华信新材,成功,-0.5023090980786497,24.480600929260255,0.7607110934914065,-0.2528288167951849,,
300718,长盛轴承,成功,-0.21995835913514675,34.1,0.614078814949268,0.045284376090097216,,
300719,安达维尔,成功,-0.5127398685158819,32.691556096076965,0.6723020654351171,-0.20902505505219407,,
300720,海川智能,成功,5.258737649165292,47.53208613395691,0.4948648601098735,0.8921378870454969,,
300721,怡达股份,成功,-0.32445105902561117,36.47027850151062,0.6703420445698841,-0.0368599591153541,,
300722,新余国科,成功,-0.6081925837992965,20.0,0.7953582658650084,-0.23942156622748664,,
300723,一品红,成功,-0.6530402744659004,22.0,0.8102074727452583,-0.3921460689555838,,
300724,捷佳伟创,成功,-0.7246668514247122,43.28226783275604,0.855098034462294,-0.4083924693677759,,
300725,药石科技,成功,-0.4385282111061001,28.45,0.7386113733754608,-0.19813855545240344,,
300726,宏达电子,成功,0.07066529664151909,30.6,0.44667410132953167,0.1177119188077187,,
300727,润禾材料,成功,-0.19564806671901766,44.019010639190675,0.6184560584828784,0.0820638719517129,,
300729,乐歌股份,成功,-0.6215811438693035,17.1,0.7279446499682909,-0.6077574806332644,,
300730,科创信息,成功,0.047442311608549205,40.25143859386444,0.6655356499977642,0.19134418834045852,,
300731,科创新源,成功,-0.5857189585418335,47.15092990398407,0.8157152890183735,-0.2264569793088898,,
300732,设研院,成功,-0.6960556424900157,28.58757839202881,0.8076678020092622,-0.595987587656601,,
300733,西菱动力,成功,-0.04592700186409944,28.0,0.507145154581985,0.07260705057065267,,
300735,光弘科技,成功,-0.20584132195983418,29.0,0.5528494115106688,-0.051513079176870966,,
300736,百邦科技,成功,3.7537056225730745,35.49915254116058,0.4451482138934178,0.7959938915593837,,
300737,科顺股份,成功,-0.1735310486942591,27.267211854457855,0.7009068352267412,0.06257547641310568,,
300738,奥飞数据,成功,-0.6934906554230554,36.0,0.7490651002052727,-0.3347775864932602,,
300739,明阳电路,成功,0.4594955538468485,34.05574941635132,0.6376638177375044,0.2822698146959633,,
300740,水羊股份,成功,1.700357684332768,30.95,0.4008621187415329,0.5725175552538153,,
300741,华宝股份,成功,-0.6565833546401576,19.0,0.7823344651389986,-0.6272918308405053,,
300743,天地数码,成功,0.3497728275525809,23.1,0.4292220417520109,0.23512313677075775,,
300745,欣锐科技,成功,0.3477043810829998,36.64261958599091,0.6851444307800622,0.257683607576186,,
300746,汉嘉数智,成功,-0.48934501660850116,36.29209613800049,0.6321547539141785,-0.21622092529332398,,
300747,锐科激光,成功,-0.36349449419029034,23.0,0.746009011971735,-0.0863670299466917,,
300748,金力永磁,成功,-0.367375741314645,24.0,0.6885676621309373,-0.05664283966880274,,
300749,顶固集创,成功,1.0091536337042184,34.0,0.5746396531830505,0.4368096096130704,,
300750,宁德时代,成功,1.6353834013957786,26.95,0.5280707504715089,0.567515086963266,,
300751,迈为股份,成功,1.0222399342704047,49.059695196151736,0.7776634240643747,0.4484600766355768,,
300752,隆利科技,成功,-0.5102778937828928,35.278894543647766,0.6648575413843529,-0.17922319196282632,,
300753,爱朋医疗,成功,-0.09113881128386536,28.33226788043976,0.7179492630590821,0.09008493347353155,,
300755,华致酒行,成功,-0.5906720690033461,26.0,0.6642526965113844,-0.5121755793728711,,
300756,金马游乐,成功,0.026437414749909804,19.0,0.6420754724296623,0.07071447783169367,,
300757,罗博特科,成功,1.240406492187681,54.66658139228821,0.5332813557130507,0.4738259364561276,,
300758,七彩化学,成功,-0.18785896000258115,32.0,0.5732067696900582,-0.004204199908752893,,
300759,康龙化成,成功,-0.2558954219974851,25.31488938331604,0.6391665810771949,-0.08483846765849924,,
300760,迈瑞医疗,成功,-0.41498214664544486,17.95,0.7050028629523178,-0.39919278620131965,,
300761,立华股份,成功,-0.7305627140699575,22.0,0.7494642115315738,-0.860904405701282,,
300762,上海瀚讯,成功,-0.7015286209447443,36.0,0.8008078926727894,-0.3062363706842984,,
300763,锦浪科技,成功,-0.6712179652310506,42.78910658359528,0.8199502570085183,-0.14425472477563936,,
300765,石药创新,成功,-0.14261427685900083,25.5,0.5583845007320107,0.016537651729043413,,
300766,每日互动,成功,-0.4727727219244702,29.00231990814209,0.7524922635757465,-0.1586263176459014,,
300767,震安科技,成功,-0.22263864930705474,26.0,0.6196027432716489,0.0476161336000389,,
300769,德方纳米,成功,-0.33450724848346275,50.95,0.790029750623131,0.08982542423089837,,
300768,迪普科技,成功,0.15080771412737987,17.268822383880615,0.3703029376568062,0.1439370595060264,,
300770,新媒股份,成功,-0.39707923468798056,19.0,0.620839843405145,-0.22695352026731463,,
300771,智莱科技,成功,-0.8243107348310463,21.0,0.8711820643686393,-0.8820948904967354,,
300772,运达股份,成功,0.20656067621242968,24.472340798377992,0.6184316561521467,0.1843876137948878,,
300773,拉卡拉,成功,-0.4795757794513395,25.1,0.6308466234874299,-0.2478773128010072,,
300774,倍杰特,成功,-0.2976412705290876,21.319629669189453,0.48307877494272816,-0.1496037689995859,,
300776,帝尔激光,成功,-0.17585998576341183,38.94850565195084,0.7088658636005499,0.0503717013023121,,
300775,三角防务,成功,-0.5197453539486749,28.0,0.8285399725448656,-0.2702114471755251,,
300777,中简科技,成功,-0.34654782473743284,20.0,0.5130592384805963,-0.29130050649232475,,
300778,新城市,成功,-0.8178936602450521,28.1,0.8190571228016635,-0.7125441442096591,,
300779,惠城环保,成功,0.18324099292141646,29.0,0.5570774020251333,0.19356768308055444,,
300780,德恩精工,成功,-0.022923601062800152,36.523906755447385,0.7090217913980437,0.12612992552762467,,
300781,因赛集团,成功,-0.1981066174277375,32.389223074913026,0.6156206010025783,0.05879570704757264,,
300784,利安科技,成功,-0.4321104251244685,3.95,0.4955361659393401,-1.0598211525775403,,
300782,卓胜微,成功,-0.6733929426743221,31.05,0.8035445488899572,-0.38581818450523353,,
300783,三只松鼠,成功,-0.7265912814137195,19.95,0.7582949211520146,-1.045422454956414,,
300785,值得买,成功,-0.7470045889075954,35.21947009563446,0.796767347834289,-0.4400380189311111,,
300786,国林科技,成功,2.4577932598121945,31.985096096992493,0.41387963145821066,0.6594448461202607,,
300787,海能实业,成功,-0.7100582996398257,21.0,0.7192128815953117,-0.5362318866945892,,
300788,中信出版,成功,-0.30205805645608724,22.95,0.6629943901325311,-0.10880042544439743,,
300789,唐源电气,成功,-0.3835267034183951,17.20282733440399,0.481854589807006,-0.22819130433725027,,
300790,宇瞳光学,成功,-0.7411801320974581,30.0,0.7411801320974581,-0.42770345972912993,,
300791,仙乐健康,成功,-0.7844649143326959,22.0,0.8075606254115377,-0.7686220819791618,,
300792,壹网壹创,成功,-0.8229707093140565,25.94747620820999,0.8662590520197506,-0.6031072490111232,,
300793,佳禾智能,成功,-0.8886966043714489,34.153726530075076,0.8897986181895534,-0.8538997022971235,,
300795,米奥会展,成功,-0.3715498095595553,29.0,0.7748620163046307,-0.08937142364025667,,
300796,贝斯美,成功,-0.6824256258406758,18.0,0.7686128893115082,-0.44017103033014005,,
300797,钢研纳克,成功,-0.44294127038093256,30.0,0.7434239054280632,-0.19462584385380177,,
300798,锦鸡股份,成功,0.030137118257180847,35.926944208145144,0.5837955505840184,0.14526582623829948,,
300800,力合科技,成功,-0.7795375139010258,14.0,0.7917524064792875,-0.6870642506745777,,
300804,广康生化,成功,-0.03469142740605894,9.1,0.48638081475763223,0.08446577256026438,,
300801,泰和科技,成功,-0.04972684185113292,28.0,0.5390952255175611,0.05722821008788722,,
300802,矩子科技,成功,-0.8052924189444439,21.95,0.8560155522353297,-0.7260188788238883,,
300803,指南针,成功,-0.5744954483453729,28.0,0.7392556912562509,-0.2922841272512566,,
300806,斯迪克,成功,1.2761460555743929,30.1,0.806563373885243,0.49379249950859194,,
300805,电声股份,成功,-0.3501881456995427,23.0,0.6178537225510725,-0.08131809396585347,,
300807,天迈科技,成功,-0.16084678915174636,35.33086895942688,0.6694076558979771,0.030715921471977686,,
300808,久量股份,成功,-0.3640258813459084,26.1840763092041,0.5770393766867687,-0.1063571057251231,,
300810,中科海讯,成功,-0.11138198524272462,22.200000000000003,0.6898303040275212,-0.021900107101192032,,
300809,华辰装备,成功,-0.0669000129569284,34.0,0.6832354844459467,0.07716802281449328,,
300811,铂科新材,成功,-0.25248896560436346,35.13272476196289,0.7682490867441191,0.00020941938814874244,,
300812,易天股份,成功,-0.4166792086404352,36.73489844799042,0.67216351693547,-0.07395972114899574,,
300814,中富电路,成功,0.6894684071443634,40.54286298751831,0.561809031527736,0.4308672769643797,,
300813,泰林生物,成功,0.4586302032029687,36.11583526134491,0.555521830886198,0.2866316976543939,,
300815,玉禾田,成功,-0.45595385059365867,16.95,0.5520167351430001,-0.3950111617774831,,
300816,艾可蓝,成功,-0.3729012861259352,35.37549424171448,0.8067994190966383,-0.09633072713789792,,
300817,双飞集团,成功,-0.8287329304923018,30.524781107902527,0.8693774470252776,-0.7566320232010053,,
300818,耐普矿机,成功,-0.5119205247548962,20.055270624160766,0.6592889257197847,-0.23802162959764375,,
300819,聚杰微纤,成功,2.348911633299298,28.755670261383056,0.6772066131400617,0.6626095736881554,,
300820,英杰电气,成功,-0.4744610634518037,33.0,0.6322710333731739,-0.07428101349474389,,
300821,东岳硅材,成功,0.1359266197172091,30.049999999999997,0.6477509557321784,0.1711408531749387,,
300822,贝仕达克,成功,-0.7258160545949166,26.913332283496857,0.7346031140194165,-0.5189102982191434,,
300823,建科智能,成功,-0.7703563740054209,25.1,0.8128907264127949,-0.6248654135123625,,
300824,北鼎股份,成功,-0.39570125006442425,13.1,0.5810782889898041,-0.25801478854980014,,
300825,阿尔特,成功,-0.12244027312116784,27.88436335325241,0.6463294365321204,0.03171350223621793,,
300826,测绘股份,成功,-0.10381706024397092,18.34576666355133,0.522070367630089,0.05522025339577292,,
300827,上能电气,成功,0.6377030925510224,33.17590565681458,0.4926671053913707,0.3516545609645394,,
300828,锐新科技,成功,-0.527451131161764,32.11715912818909,0.5929575183239606,-0.3243553906046393,,
300829,金丹科技,成功,-0.6115596138859292,17.95,0.6990109966801904,-0.4372128246677592,,
300830,金现代,成功,0.020585334422187587,30.5309937953949,0.4752649146281067,0.13518767501013731,,
300831,ST派瑞,成功,-0.6951274181737161,30.0,0.8241570811648692,-0.42074353813438287,,
300832,新产业,成功,-0.5501131400468812,13.95,0.5895422611114218,-0.7264043812974417,,
300834,星辉环材,成功,-0.4051193950629557,13.206420993804931,0.4736005015927247,-0.3476661303129514,,
300833,浩洋股份,成功,0.1233401157285388,15.0,0.40386476289306467,0.13978059191692294,,
300835,龙磁科技,成功,0.5603641129894732,34.19121044874191,0.6025095427352798,0.32800646141344963,,
300836,佰奥智能,成功,-0.8005264493454278,29.768333292007448,0.8005264493454278,-0.7554533968459426,,
300837,浙矿股份,成功,-0.20283837371321556,19.1,0.46626831540836994,-0.18144773029558897,,
300838,浙江力诺,成功,-0.28914309697680973,16.0,0.5447346850277256,-0.19504748043124223,,
300839,博汇股份,成功,-0.7449988672029323,26.91609275341034,0.8236334802734763,-0.5525249976027407,,
300840,酷特智能,成功,1.5068036585317166,27.707691287994386,0.3333558826839304,0.5674241169455718,,
300841,康华生物,成功,-0.8027428523832765,20.930811405181885,0.8583993648047619,-0.9475665595062871,,
300842,帝科股份,成功,-0.7666956286114099,44.05,0.8771528709560009,-0.45708284002576566,,
300844,山水比德,成功,-0.569592522718775,21.0,0.6397099871152481,-0.47322701386144755,,
300843,胜蓝股份,成功,-0.22656208762457958,33.150000000000006,0.7129186881217806,0.006432509527665905,,
300845,捷安高科,成功,-0.7879264921445663,29.870310258865356,0.8244692165045451,-0.761398442963968,,
300846,首都在线,成功,-0.115997082766143,38.746140480041504,0.6190132112007964,0.0979940557439132,,
300847,中船汉光,成功,-0.7295695769546899,26.0,0.7295695769546899,-0.6820311304370847,,
300848,美瑞新材,成功,-0.6266886532851642,18.1,0.7159774870763866,-0.3811601671411622,,
300849,锦盛新材,成功,-0.45753480817766967,20.0,0.6685507456545522,-0.22477737701374578,,
300850,新强联,成功,0.2893247525670024,31.112910389900208,0.6464096202962516,0.2741080088670789,,
300851,交大思诺,成功,-0.42755398775581727,15.0,0.4897031097045248,-0.33664949062193555,,
300852,四会富仕,成功,-0.3629893329997018,32.1256089925766,0.7134265020058868,-0.02387781015738706,,
300854,中兰环保,成功,0.7107966114543423,19.0,0.5040813010950673,0.4510987283944611,,
300853,申昊科技,成功,0.15050096575825372,23.167627096176147,0.39549389766666054,0.1683455304852881,,
300855,图南股份,成功,-0.770423657514001,29.0,0.8704196079101545,-0.6997815297192578,,
300856,科思股份,成功,-0.8576836354266101,15.0,0.8576836354266101,-0.9509631879488027,,
300857,协创数据,成功,0.6767238434085471,51.234053349494936,0.47796115442373033,0.3858484124878117,,
300858,科拓生物,成功,-0.6561899620107958,18.1,0.7766423642018961,-0.47830309511527663,,
300859,西域旅游,成功,0.08094688970699077,32.1,0.5933920907849569,0.17000257517131137,,
300860,锋尚文化,成功,-0.7764907427219504,19.73103404045105,0.8049039477599905,-0.6746063648414394,,
300861,美畅股份,成功,-0.2272471647478231,19.0,0.4591103230014316,-0.15658508305566035,,
300862,蓝盾光电,成功,-0.8429184139146574,20.0,0.8626998206631398,-1.083278306190578,,
300863,卡倍亿,成功,-0.7845618333713,29.0,0.8107682820967297,-0.5422109702800203,,
300864,南大环境,成功,-0.735624937124207,15.1,0.735624937124207,-1.0283315518627423,,
300865,大宏立,成功,-0.5884617592314647,20.0,0.6180042189497288,-0.5366919260318498,,
300866,安克创新,成功,-0.46544010310957107,22.28401927947998,0.5835303507714836,-0.3578155721558828,,
300867,圣元环保,成功,-0.09266639143195528,13.0,0.45672781782646693,-0.017215766174789163,,
300868,杰美特,成功,-0.05542645328594037,28.15,0.4858301671638437,0.06660433424066162,,
300869,康泰医学,成功,-0.3298804517848068,12.0,0.4345113863446972,-0.3543903185082569,,
300870,欧陆通,成功,0.9803556860429148,48.226303935050964,0.5369368954912195,0.4546766368950309,,
300871,回盛生物,成功,-0.6461541504106086,25.5,0.7271898572160955,-0.4853244527008092,,
300872,天阳科技,成功,-0.5559469968252434,25.0,0.6131649927860909,-0.3790967846113861,,
300873,海晨股份,成功,-0.834715793527506,18.477951288223267,0.8562247884563856,-0.9262101697462654,,
300875,捷强装备,成功,-0.7037354280188999,21.842555475234985,0.8054465817432006,-0.6007923055023388,,
300876,蒙泰高新,成功,-0.5880228172729535,26.0,0.6210503277906809,-0.5147483267931714,,
300877,金春股份,成功,-0.09753768970917852,26.0,0.4472748255283544,-0.004925313430535975,,
300878,维康药业,成功,0.40448312836475175,25.671401858329773,0.5047317183428327,0.2829411025775886,,
300879,大叶股份,成功,-0.6598689817239379,31.648295998573303,0.8400959432619914,-0.48991851561267974,,
300880,迦南智能,成功,-0.381329091267972,27.31258280277252,0.5915434018115306,-0.11321749263797366,,
300881,盛德鑫泰,成功,-0.6975600430100466,30.667710304260254,0.788596470602529,-0.5391879663570147,,
300882,万胜智能,成功,-0.7189557984550898,28.0,0.7666428611362639,-0.4303621108815235,,
300883,龙利得,成功,-0.43320254921395385,17.196431279182434,0.47729148297703194,-0.3543603727061367,,
300884,狄耐克,成功,-0.36414048682756284,21.18503658771515,0.5178093700587754,-0.1791615113074815,,
300885,海昌新材,成功,-0.4691575955112235,36.0,0.7005015072160866,-0.0859612107106934,,
300886,华业香料,成功,-0.6465266431267286,14.2,0.6465266431267286,-0.5626191356897013,,
300887,谱尼测试,成功,-0.8844663928189647,14.053690981864928,0.896193056617134,-0.6524523307963073,,
300888,稳健医疗,成功,-0.16190670731292192,11.044376170635223,0.5108963053311932,-0.1750033921161402,,
300889,爱克股份,成功,-0.23225797526514652,22.295981884002686,0.4864938718658954,-0.0744752232667381,,
300890,翔丰华,成功,-0.34849847382678045,24.0,0.6248696976176774,-0.19244477849216837,,
300891,惠云钛业,成功,-0.4558342018352638,19.0,0.5315319322978361,-0.28829113178236015,,
300892,品渥食品,成功,-0.546856070347066,16.681709861755373,0.5621916535792795,-0.37792633817960786,,
300893,松原安全,成功,-0.5797208406576915,24.0,0.6870425560555545,-0.387391001054669,,
300894,火星人,成功,-0.6494127135233854,18.883795499801636,0.7732635482410105,-0.7746277761951539,,
300895,铜牛信息,成功,-0.7273435987412945,43.49449110031128,0.836021543221281,-0.39753389310362663,,
300896,爱美客,成功,-0.29919326849159084,17.101999235153198,0.6553539094700531,-0.22092961050588025,,
300897,山科智能,成功,-0.6045612887200904,22.864456117153168,0.6855083183867273,-0.3665187935825808,,
300898,熊猫乳品,成功,-0.28917480933847023,23.0,0.460618217699149,-0.1528280949684107,,
300899,上海凯鑫,成功,-0.05385176732607171,16.1,0.44005782991808706,0.027969454962276295,,
300900,广联航空,成功,0.09701887812583213,29.1,0.5099969617508843,0.17409222999228036,,
300901,中胤时尚,成功,-0.41812867277871346,28.0,0.5468616093494005,-0.25243223218545263,,
300904,威力传动,成功,-0.22059437950401029,15.0,0.4770848118326334,-0.11223510222679893,,
300902,国安达,成功,-0.8608354231253821,24.0,0.8933643013203956,-0.846678982484962,,
300903,科翔股份,成功,0.45870651973611937,25.91000598669052,0.5428317356524718,0.30913201676330215,,
300905,宝丽迪,成功,-0.4853372262060321,19.11360263824463,0.6611320377682488,-0.34172508337363894,,
300906,日月明,成功,-0.6101405138053848,15.0,0.6277602835133504,-0.5636532338726554,,
300907,康平科技,成功,-0.09292680425682498,22.6,0.5370950835261585,0.04408789651171522,,
300908,仲景食品,成功,-0.7009098811623207,11.0,0.7009098811623207,-0.9184387653028224,,
300909,汇创达,成功,-0.09898190622640657,22.1,0.7023597731185411,0.009048204524202451,,
300910,瑞丰新材,成功,0.34938718770399807,24.95,0.4023382814963141,0.2614970648892461,,
300911,亿田智能,成功,-0.10807505639820127,18.254313945770264,0.5198349524978261,0.011927593801469873,,
300912,凯龙高科,成功,0.6209962373569352,26.0,0.46147885735734023,0.37386714027509116,,
300913,兆龙互连,成功,-0.2739329847417056,31.0,0.6607887941292874,-0.024702537575729547,,
300915,海融科技,成功,-0.7717375122743548,13.1,0.7765135531988713,-0.9800914248382168,,
300916,朗特智能,成功,-0.7504200254687318,25.771394085884094,0.7948162381959304,-0.6283976379492616,,
300917,特发服务,成功,-0.07741281238888201,31.911883175373077,0.558982061429004,0.1441984667926354,,
300918,南山智尚,成功,-0.1335475158681591,30.0,0.5412278641588946,0.038600022121822,,
300919,中伟新材,成功,-0.3587464518266678,22.073212099075317,0.6835250730512986,-0.21978280158883431,,
300920,润阳科技,成功,0.5575704977200358,15.0,0.3550702042451107,0.37095074698864655,,
300921,南凌科技,成功,-0.7501204070527715,36.1,0.7680537044392439,-0.3505015261477969,,
300922,天秦装备,成功,-0.2949234565082907,19.0,0.5272726136103217,-0.1197291532287943,,
300923,研奥股份,成功,-0.470511106280706,13.137829780578613,0.515067925703448,-0.426842759172112,,
300925,法本信息,成功,-0.5750714986932141,25.1,0.602636719216283,-0.3614887090932773,,
300926,博俊科技,成功,-0.2595605163162078,28.775553464889526,0.5244150513692319,0.020068976974113105,,
300927,江天化学,成功,-0.6864716371179981,23.0,0.7881165050786393,-0.42683624048878915,,
300928,华安鑫创,成功,-0.44614735641719294,27.1,0.6715798617826721,-0.2593446020148361,,
300929,华骐环保,成功,-0.34739524111184905,19.347047996520995,0.5233308870588358,-0.29738857331874585,,
300930,屹通新材,成功,0.14744045859279445,28.2,0.5002012421953649,0.1706994684701887,,
300931,通用电梯,成功,0.21938997440793945,18.247106528282167,0.5641586713048499,0.20697061351245477,,
300932,三友联众,成功,-0.6572750966413042,22.1,0.693133595433937,-0.6655257236039874,,
300933,中辰股份,成功,-0.5589704357110212,23.3412752866745,0.5887871077154275,-0.42073162381110835,,
300935,盈建科,成功,0.21545485517151347,19.0,0.3558667913950023,0.19996929826946788,,
300936,中英科技,成功,0.11228222799135329,30.188493013381958,0.663379310333108,0.18413961919155464,,
300937,药易购,成功,-0.3793299482391157,21.935193300247192,0.5029262622037134,-0.18447193928829145,,
300938,信测标准,成功,-0.5582238700249886,16.1,0.7457731417448289,-0.30084081362085247,,
300939,秋田微,成功,-0.6531154971963141,26.0,0.724657805286142,-0.5852680326234706,,
300940,南极光,成功,-0.45007768161639194,19.146817803382874,0.5775647001834755,-0.5029175952696107,,
300941,创识科技,成功,-0.40319300796991464,17.0,0.47252688860179487,-0.20249094596375258,,
300942,易瑞生物,成功,0.31671357046597376,18.0,0.35928787308656107,0.2541779477656062,,
300943,春晖智控,成功,0.2380797332765421,31.0,0.7100378734827265,0.24251965792652333,,
300945,曼卡龙,成功,0.5038580537520477,18.46539635658264,0.45315141846296,0.3354474550554573,,
300946,恒而达,成功,0.01618739590201483,17.0,0.3846752848894566,0.09668185706082809,,
300947,德必集团,成功,-0.7831336488427146,28.184566378593445,0.8211312270076664,-0.483467825019675,,
300948,冠中生态,成功,-0.03700089344115637,29.0,0.5620166440073681,0.0825475593446765,,
300949,奥雅股份,成功,1.1172540370919068,23.1,0.3417189761775349,0.5292462443642981,,
300950,德固特,成功,-0.4380213251174285,21.0,0.5290481098200046,-0.22887425424747257,,
300951,博硕科技,成功,-0.4603724347880659,11.0,0.6236191962059229,-0.5069002350932604,,
300952,恒辉安防,成功,-0.40443350336556083,23.1,0.6157788496177308,-0.15341434263943554,,
300953,震裕科技,成功,-0.2910197265923102,35.845073997974396,0.6362019648101276,-0.05323357875198228,,
300955,嘉亨家化,成功,0.44260441843449805,24.299999999999997,0.44763033822245285,0.3184178911096326,,
300956,英力股份,成功,-0.2335011613771692,20.323363137245178,0.47122678284608416,-0.078198568754478,,
300957,贝泰妮,成功,-0.45714300202786273,12.0,0.5570845452918342,-0.8319842396437667,,
300958,建工修复,成功,-0.5231921277942777,16.1,0.5664805800497377,-0.45751015336691336,,
300959,线上线下,成功,-0.29976401672744585,28.659754347801208,0.6311222112721462,-0.0975804428069178,,
300960,通业科技,成功,0.22237587593492877,19.0,0.35336416311241514,0.22810151875353982,,
300961,深水海纳,成功,-0.10613603802644517,20.277665734291077,0.5570036444057761,0.053153091669227256,,
300962,中金辐照,成功,-0.49687611138626164,13.323946475982666,0.6278438067639058,-0.3815260344960991,,
300963,中洲特材,成功,-0.3862004986134471,17.951744031906127,0.6176325719245169,-0.1945761352303419,,
300964,本川智能,成功,3.54501091702578,30.56760287284851,0.5404718137160769,0.9349213923985472,,
300965,恒宇信通,成功,-0.19739652677203443,16.1,0.39509429234239496,-0.12651493144682072,,
300966,共同药业,成功,-0.5096193170919305,17.964938151836396,0.6360325196377885,-0.45468840438692204,,
300967,晓鸣股份,成功,-0.018936069921933814,27.0,0.6248677562390671,0.06463971114065904,,
300968,格林精密,成功,-0.807504904516417,26.57864317893982,0.8110485033258591,-0.9842260360533536,,
300970,华绿生物,成功,0.4787538620425892,22.0,0.6162203251076002,0.33839155605111926,,
300969,恒帅股份,成功,-0.31540490465205306,31.185845732688904,0.5529899254039363,-0.027007029005723056,,
300971,博亚精工,成功,-0.6095719728593743,18.0,0.7016810368420454,-0.47955591325395014,,
300972,万辰集团,成功,0.08385239340563741,28.856635761260986,0.5415933628334986,0.16888149757042334,,
300973,立高食品,成功,-0.6221068954137982,14.942315220832825,0.6641209277011517,-0.697714286883708,,
300975,商络电子,成功,0.7679931484895269,37.73535090684891,0.569237096959072,0.4416277634442217,,
300976,达瑞电子,成功,-0.7970043660499543,21.1,0.7982404243730157,-0.7966483966734702,,
300977,深圳瑞捷,成功,-0.7914431749796863,26.250889658927917,0.7914431749796863,-0.8588117062303992,,
300978,东箭科技,成功,-0.4655464029034425,18.404789543151857,0.6170279451735078,-0.35021798961097667,,
300979,华利集团,成功,-0.4647259772811152,8.0,0.4647259772811152,-0.6294843560372192,,
300980,祥源新材,成功,-0.27353732626114724,23.403302311897278,0.5143152230921265,-0.045522591044017575,,
300981,中红医疗,成功,-0.3699594346460524,12.95,0.5791716855034178,-0.243412662852912,,
300982,苏文电能,成功,-0.5938174709634563,21.0,0.6574180262984137,-0.544321825669304,,
300983,尤安设计,成功,-0.3231042625677638,14.0,0.6096036583371761,-0.20819814961921368,,
300984,金沃股份,成功,0.263075725986398,23.0,0.3898615442377586,0.26211895654370226,,
300985,致远新能,成功,0.8667025844584604,27.44842767715454,0.48741206890069516,0.4715684437972182,,
300986,志特新材,成功,-0.6092591730810824,15.0,0.7073163212750071,-0.49271411570518897,,
300987,川网传媒,成功,-0.6660538612322617,26.06990146636963,0.7023521692642009,-0.49390249851105444,,
300988,津荣天宇,成功,-0.7356310527760758,17.799741864204407,0.7438466337122225,-0.6356009386408372,,
300989,蕾奥规划,成功,-0.7956637749847004,21.0,0.7956637749847004,-0.6930945880411377,,
300990,同飞股份,成功,-0.26010856366174007,31.0,0.6409909372449575,-0.03537025935786093,,
300991,创益通,成功,-0.5000425973486269,28.1,0.7166590252002576,-0.1283130582977008,,
300992,泰福泵业,成功,-0.4281239998980967,20.1,0.5050504118519015,-0.27135660191483824,,
300994,久祺股份,成功,-0.4368655270621247,16.0,0.5864681820252885,-0.4284666880745304,,
300993,玉马科技,成功,-0.6812747632078451,19.272555232048035,0.8383373899951624,-0.4422939824467637,,
300995,奇德新材,成功,-0.3908411651208219,21.90723168849945,0.6584090983164286,-0.18702646308249996,,
300996,普联软件,成功,-0.5728285997741435,20.13271152973175,0.7795323431105076,-0.37702174485966977,,
300997,欢乐家,成功,-0.707126358389816,28.125696897506714,0.7237718262962547,-0.47873667743065396,,
300998,宁波方正,成功,-0.3030095647212384,21.8586688041687,0.5161485462457305,-0.2180275749500205,,
300999,金龙鱼,成功,-0.4203375008510871,5.0,0.46574398572156284,-1.1094879131830262,,
301000,肇民科技,成功,-0.5797899379577544,20.116544103622438,0.7909605854963959,-0.15288480162112156,,
301001,凯淳股份,成功,-0.3264752005424636,24.368998050689697,0.5600930705818189,-0.10213400055094492,,
301002,崧盛股份,成功,-0.41405322135007927,20.0,0.7466982203321599,-0.302209201723126,,
301003,江苏博云,成功,0.05844724405563873,23.0,0.689421089062517,0.13078387200616615,,
301004,嘉益股份,成功,0.719753288125952,24.1,0.4335000048675428,0.4442595815462111,,
301005,超捷股份,成功,-0.6199349460275395,29.540530419349672,0.8256730429621434,-0.27415514973475447,,
301006,迈拓股份,成功,0.11142332812749796,9.0,0.4097329750299,0.13073873083593962,,
301007,德迈仕,成功,0.09954972054414465,36.22302544116974,0.5236832696465458,0.21926771082459934,,
301008,宏昌科技,成功,-0.6855845301652251,23.3,0.7913785719886701,-0.6657560475956068,,
301009,可靠股份,成功,-0.06873022468016614,20.53815793991089,0.5792525876007261,0.029055767367660548,,
301010,晶雪节能,成功,-0.2182323585194569,20.1,0.4634777432255869,-0.043487294013885174,,
301011,华立科技,成功,-0.5982103963225204,16.38472306728363,0.6217929257117747,-0.5369148299215999,,
301012,扬电科技,成功,-0.6177698882859283,29.1,0.775711073437018,-0.3769537212526781,,
301013,利和兴,成功,0.5047863892603262,28.724427974224092,0.40546727840370467,0.36121692737858074,,
301015,百洋医药,成功,-0.25649294021710883,17.5,0.5945582925988271,-0.11078386111388527,,
301016,雷尔伟,成功,-0.7939981843053207,23.1,0.8069908325516262,-0.7760436312124962,,
301017,漱玉平民,成功,-0.7564567081515267,25.0,0.7908064712934256,-0.7565730518121914,,
301018,申菱环境,成功,2.4298680548464033,38.486958384513855,0.6386021500926836,0.7433953033002816,,
301019,宁波色母,成功,-0.7265689141573001,17.0,0.7321461591107593,-0.7373339482606193,,
301020,密封科技,成功,-0.4780918154818547,27.0,0.6164890478555198,-0.3675518746783775,,
301021,英诺激光,成功,-0.018888973778900253,36.1,0.5149774133283815,0.12084812137694889,,
301022,海泰科,成功,-0.07521038634856697,21.348175644874573,0.6325959442737714,0.04218425906744997,,
301023,奕帆传动,成功,-0.35643556574619467,21.2,0.5563989248650415,-0.15539886962678942,,
301024,霍普股份,成功,-0.602382646878517,25.05,0.7332782160553227,-0.49633883791731015,,
301025,读客文化,成功,-0.3912213618705085,24.40975250005722,0.5647936420305272,-0.15171292497493138,,
301026,浩通科技,成功,-0.7483145266146212,18.1,0.7490679646633631,-0.6396470578315113,,
301027,华蓝集团,成功,1.150477246911545,31.18916952610016,0.5377247395711343,0.5498577340100168,,
301028,鼎熔岩,成功,-0.4863632172684191,18.95,0.5642299523310502,-0.3595669969887332,,
301029,怡合达,成功,-0.66761693105054,15.95,0.7082629585688953,-0.7575017660008546,,
301030,*ST仕净,成功,-0.033684783767857586,23.908127343654634,0.38664622804982407,-0.002189216966792724,,
301031,中熔电气,成功,-0.26432063860477867,24.930800020694733,0.575401391928796,0.009123435784814775,,
301032,新柴股份,成功,0.09779646176192065,21.047540366649628,0.46670380655387206,0.15403626943299892,,
301033,迈普医学,成功,0.1728142275581848,17.1,0.34699696648305506,0.19082176342390358,,
301035,润丰股份,成功,0.016163763484188676,12.0,0.42457420783430455,0.042813578205392805,,
301036,双乐股份,成功,-0.15259501931677602,21.95,0.40818398023810754,-0.013264822057005677,,
301037,保立佳,成功,-0.5234570900700497,13.95,0.6085523691222766,-0.5208578370794192,,
301038,深水规院,成功,-0.037379369683421246,25.54283058643341,0.5625677842446392,0.13955678195635815,,
301039,中集车辆,成功,-0.25551019963060856,13.28460202217102,0.4062907547032113,-0.21686211948092382,,
301040,中环海陆,成功,1.255878170751282,20.229509353637695,0.4234687010314243,0.6053351759143167,,
301041,金百泽,成功,-0.46781145532938695,25.0,0.6826507126785132,-0.2054078001496038,,
301042,安联锐视,成功,-0.3596746359261035,19.941238224506378,0.6912937638933994,-0.18600013118278194,,
301043,绿岛风,成功,-0.2806521103200248,14.0,0.4958663549940943,-0.1816095119444904,,
301045,天禄科技,成功,0.20232171914361258,16.0,0.6010645651981538,0.2208281573540755,,
301046,能辉科技,成功,-0.1803825601459545,17.0,0.5398261169998148,-0.004501660307853644,,
301047,义翘神州,成功,-0.5532892969736669,8.0,0.6006304434440843,-0.46845247121274086,,
301048,金鹰重工,成功,-0.6239308269698883,18.0,0.6396340233210601,-0.6178142676703847,,
301049,超越科技,成功,-0.5521429910048352,25.387001156806946,0.6234268050571738,-0.3849662119760482,,
301050,雷电微力,成功,-0.7589314598071069,13.0,0.7758973230613396,-0.869711836884877,,
301051,信濠光电,成功,-0.5892084066684383,15.0,0.7200183064244695,-0.6123836495874682,,
301052,果麦文化,成功,-0.6622579508870517,23.049409604072572,0.7525176454022381,-0.5352057079144682,,
301053,远信工业,成功,-0.4660856112071899,21.5,0.6081885255575722,-0.22919279267298734,,
301055,张小泉,成功,-0.04989739949319032,20.1,0.505331106666544,0.021599136113259313,,
301056,森赫股份,成功,-0.11731774425802563,18.1,0.3774061753074757,-0.010389797987134604,,
301057,汇隆新材,成功,0.4537431765934502,22.0,0.3908053129857144,0.3571594063713722,,
301058,中粮科工,成功,-0.7213944621255,15.199247598648071,0.7382516041971915,-1.067679542259223,,
301059,金三江,成功,0.07128691914525916,14.0,0.3513573165777324,0.12570141490680625,,
301060,兰卫医学,成功,-0.3185817634002509,16.1,0.5813990378965022,-0.22209693795561955,,
301061,匠心家居,成功,0.8331922899191666,29.0,0.40403808051032386,0.5005241215126798,,
301062,上海艾录,成功,-0.26098027191786516,15.358060431480407,0.4203579950370289,-0.21120870796693123,,
301063,海锅股份,成功,0.4606838063759546,13.0,0.38726357827021074,0.33676694126672496,,
301065,本立科技,成功,-0.02957919417314464,10.1,0.36233025940058494,0.002008578493278426,,
301066,万事利,成功,0.326815077931383,21.38717085123062,0.35275495505942234,0.2883970222419814,,
301067,显盈科技,成功,-0.6526414143625809,24.0,0.6937905116771427,-0.46823847065867535,,
301068,大地海洋,成功,-0.40640674620335604,23.682650923728943,0.5906885891716902,-0.2891922148739297,,
301069,凯盛新材,成功,-0.4012308964928082,17.120441675186157,0.5744288991293952,-0.2593097245183347,,
301070,开勒股份,成功,0.9852307706606874,29.248521423339845,0.4054492384207802,0.5221666032180979,,
301071,力量钻石,成功,0.06480678751137821,20.0,0.4702162086448589,0.14845760151858975,,
301072,中捷精工,成功,-0.6137908619663249,21.19919083118439,0.778622293378543,-0.5288487003142457,,
301073,君亭酒店,成功,-0.7652783993741642,26.0,0.8468910916315778,-0.7360477515871503,,
301075,多瑞医药,成功,1.7081978183193616,24.1,0.38669518199542297,0.7130098325844613,,
301076,新瀚新材,成功,-0.5359830800976624,25.487327790260316,0.5687933649894357,-0.3130349295021283,,
301077,星华新材,成功,-0.3180532471314694,15.1,0.44386337201014436,-0.21984475520770025,,
301078,孩子王,成功,0.10467501418922504,22.0,0.5807193569092061,0.18321776098486334,,
301079,邵阳液压,成功,-0.547344639256806,25.0,0.6330974656633425,-0.38174364056977206,,
301080,百普赛斯,成功,-0.06770214430841442,18.0,0.36429726022085407,0.032700635216126074,,
301081,严牌股份,成功,-0.12266295706723773,16.0,0.4944763012276706,-0.04023692413368039,,
301082,久盛电气,成功,-0.5067166740068845,24.196962356567383,0.7131559190475248,-0.36683751836655765,,
301083,百胜智能,成功,-0.6180314759846715,29.2,0.6967022329982874,-0.469055177975946,,
301085,亚康股份,成功,1.8786363633430279,37.16417546272278,0.4773144247731191,0.6908046215716787,,
301086,鸿富瀚,成功,0.028353633269980055,30.0,0.6854653235538597,0.20217323987276425,,
301087,可孚医疗,成功,-0.011730557752916357,15.0,0.34513165383936145,0.03070667957429473,,
301088,戎美股份,成功,-0.44465720913211026,15.299999999999999,0.5118026324252226,-0.500732042349138,,
301089,拓新药业,成功,-0.48142293378435885,12.592427229881286,0.604631907154682,-0.6497113317402025,,
301090,华润材料,成功,0.02081605803808765,8.95,0.45290640828644707,0.033091853706911034,,
301091,深城交,成功,0.2946528884645163,28.820372223854065,0.4367961893684408,0.3205306731132553,,
301092,争光股份,成功,0.6986708529212707,20.5,0.5955162272761588,0.4488563910440881,,
301095,广立微,成功,-0.623395665619929,19.0,0.7142905034792338,-0.7646516652563115,,
301093,华兰股份,成功,0.0856234818159751,18.0,0.46331396082031306,0.2013061687081489,,
301096,百诚医药,成功,-0.49605051987280224,13.0,0.5546455030758435,-0.6317236318614171,,
301097,天益医疗,成功,-0.6190946455295244,12.0,0.6258188036192104,-0.8149100001014739,,
301098,金埔园林,成功,-0.58925836978819,11.0,0.58925836978819,-0.946967893512628,,
301099,雅创电子,成功,-0.4873260841178847,27.47930943965912,0.7569573091346609,-0.3166131450394376,,
301100,风光股份,成功,0.0452167861757247,14.1,0.3994276075702464,0.10969205991715066,,
301101,明月镜片,成功,0.5129089151032394,19.0,0.47142055733344607,0.40139695384957014,,
301102,兆讯传媒,成功,-0.37076871237193554,12.55081057548523,0.5073129593132077,-0.40586724873499097,,
301103,何氏眼科,成功,-0.48102460889524484,10.95,0.5570029357350985,-0.8161675375873337,,
301105,鸿铭股份,成功,0.27433784211455264,13.0,0.3119676657609043,0.32879378172014007,,
301106,骏成科技,成功,-0.6082859887437478,13.940090835094452,0.7499941081859195,-0.655613740781991,,
301107,瑜欣电子,成功,-0.12849591462517143,11.2,0.4484231373462619,-0.04284040236398248,,
301108,洁雅股份,成功,-0.2330919104405443,12.5,0.37347356641581847,-0.09958506576400973,,
301109,军信股份,成功,-0.14037325029750208,8.0,0.3360972610973555,-0.18597377106627638,,
301110,青木科技,成功,0.3582576950322752,26.594006776809692,0.5501611757156816,0.35041370989955506,,
301111,粤万年青,成功,-0.4644186543070554,25.186497926712036,0.6457540462770772,-0.28957024023793715,,
301112,信邦智能,成功,-0.3442815097608909,18.1,0.5619897328957272,-0.25686321777502114,,
301113,雅艺科技,成功,-0.7738677474146134,15.0,0.8095689205850268,-0.9595853889077921,,
301115,联检科技,成功,-0.28517911842737215,11.0,0.4678066699726429,-0.3745883808212917,,
301116,益客食品,成功,-0.03783363337668459,20.248815536499023,0.3055031231040451,0.016857728619398705,,
301117,佳缘科技,成功,-0.4422469593699106,20.95,0.6693374806219283,-0.19596992206198569,,
301118,恒光股份,成功,0.07705982658946713,14.325404644012451,0.30882248436611553,0.13271065402912255,,
301119,正强股份,成功,-0.3547714419866478,22.0,0.6517843810291433,-0.13929596066842712,,
301120,新特电气,成功,-0.28931947834145394,27.1,0.7244296719933557,-0.04444386681553022,,
301121,紫建电子,成功,-0.4674532646864817,13.95,0.6477907096920026,-0.34888464674756725,,
301122,采纳股份,成功,-0.2724450778128275,15.0,0.5586469931844732,-0.15958081903370058,,
301123,奕东电子,成功,0.5668910126114118,26.200000000000003,0.49864775264327516,0.4167583932498304,,
301125,腾亚精工,成功,0.30953056938689505,16.35333001613617,0.39267343195619947,0.3234387794133304,,
301126,达嘉维康,成功,-0.2827171383486671,18.48813602924347,0.5208546473158632,-0.19137206360597747,,
301127,武汉天源,成功,-0.3913093936156098,18.0,0.5073959107509312,-0.2841317256808905,,
301128,强瑞技术,成功,-0.39525966185870615,40.86396737098694,0.7208810974955397,-0.03408170042095926,,
301129,瑞纳智能,成功,0.14776189001366918,20.757151627540587,0.42471934418188995,0.19046885317355713,,
301130,西点药业,成功,-0.3519707405526231,8.0,0.4323891228404893,-0.5136629835569309,,
301132,满坤科技,成功,-0.6150946340856136,19.08530898094177,0.7173401455134427,-0.593626919998146,,
301131,聚赛龙,成功,-0.38944757570956967,13.0,0.611108859955113,-0.36635446391108656,,
301133,金钟股份,成功,0.0021753810156737744,23.0,0.5102555413093798,0.12807393993256724,,
301135,瑞德智能,成功,-0.5052085285920923,15.0,0.5207084863166893,-0.5843550863376644,,
301136,招标股份,成功,-0.7519007900838431,22.068002796173097,0.7519007900838431,-0.9323472647032721,,
301137,哈焊华通,成功,0.2823996295057493,21.2,0.44256844952762525,0.2872268652635369,,
301139,*ST元道,成功,-0.299634406591287,16.0,0.5882391918063573,-0.23920594626295255,,
301138,华研精机,成功,0.16848674291732385,19.8,0.5930383711216962,0.21340900469027843,,
301141,中科磁业,成功,-0.43695362468630716,17.0,0.481120876939687,-0.43855844803738664,,
301148,嘉戎技术,成功,0.3903624820682034,20.0,0.5290290779430906,0.35636483105448963,,
301149,隆华新材,成功,-0.629948679022872,17.0,0.6719870506789906,-0.6813973802397678,,
301150,中一科技,成功,0.29375695719618133,23.423779702186586,0.6378364973499088,0.3127151752176236,,
301151,冠龙节能,成功,-0.6176515619894543,12.1,0.6320550325312143,-1.0474282481983541,,
301152,天力锂能,成功,-0.1696879824379635,15.627736163139343,0.5296033124756897,-0.13498199122155058,,
301153,中科江南,成功,-0.46617967229849544,14.0,0.723156168154121,-0.3422894736753464,,
301157,华塑科技,成功,-0.35227989371002577,17.9300736784935,0.5605435800608324,-0.22624417821172216,,
301155,海力风电,成功,-0.2418437449057444,19.0,0.6817633989933051,-0.14755790004776784,,
301156,美农生物,成功,-0.4536907367470688,10.439566707611085,0.5015750102063856,-0.3575188610142315,,
301161,唯万密封,成功,0.13898205106392955,17.894812917709352,0.38488692618804055,0.2258100536113439,,
301158,德石股份,成功,0.25731054544875037,17.458034348487853,0.5288108408630078,0.2537656982087009,,
301160,翔楼新材,成功,0.03843859890966778,17.0,0.6279430658865977,0.13577401126692337,,
301159,三维天地,成功,-0.0488875225774759,28.1,0.5162187535766269,0.10682393825032771,,
301165,锐捷网络,成功,0.4019224292083393,25.90118533372879,0.4860220227986904,0.4178148597404609,,
301162,国能日新,成功,-0.021165703143655266,18.08043771982193,0.5261929677208295,0.11994310150848587,,
301163,宏德股份,成功,-0.4083797485318762,15.1,0.4083797485318762,-0.45125496763299733,,
301166,优宁维,成功,-0.32528349142470586,8.200595355033874,0.4389744645851637,-0.38809015593046037,,
301170,锡南科技,成功,-0.5593426255993585,8.0,0.6125525143971021,-0.9357015821589938,,
301167,建研设计,成功,-0.7786788080334648,15.1,0.7786788080334648,-1.2908137987028072,,
301168,通灵股份,成功,0.23130561361466898,19.1,0.591631836731631,0.23987557002741444,,
301169,零点有数,成功,-0.5356637472341318,29.1,0.5962541299526214,-0.33876902253482455,,
301173,毓恬冠佳,成功,0.0,0.0,0.0,0.0,,
301172,君逸数码,成功,-0.7336383685147273,19.126773595809937,0.7782253839643258,-1.208148583899513,,
301171,易点天下,成功,0.08307344960350267,22.0,0.5423477557223825,0.23206360219541583,,
301175,中科环保,成功,-0.15791049464916446,6.15,0.2814468762608893,-0.23706163113380066,,
301176,逸豪新材,成功,0.11567875738496441,20.6,0.3894460736983745,0.2435265900948628,,
301177,迪阿股份,成功,0.49671803434463974,15.367079973220825,0.361013094450751,0.38832875981581816,,
301178,天亿马,成功,-0.36835409878981135,26.38014659881592,0.49330447932113175,-0.19812300153183496,,
301179,泽宇智能,成功,-0.4277108788670916,13.1,0.6696043053232181,-0.19833532563936848,,
301180,万祥科技,成功,-0.5516079829662711,20.0,0.7212210889444811,-0.49133894707265197,,
301181,标榜股份,成功,0.18246034980529016,18.899580895900726,0.3272727272727274,0.25091244636108206,,
301182,凯旺科技,成功,0.8037342191741287,37.77949022054672,0.5957331629400819,0.4909279864582588,,
301183,东田微,成功,1.7086547817528446,37.355456185340884,0.4460311781743342,0.7175040319398598,,
301185,鸥玛软件,成功,-0.3243088304769088,15.271450638771057,0.4324289854889105,-0.21005525020573987,,
301186,超达装备,成功,-0.10996628983435046,16.200000000000003,0.467343374743598,0.05882399799416217,,
301187,欧圣电气,成功,0.48002639126118857,18.535036325454712,0.43569303925820324,0.40242413402787314,,
301188,力诺药包,成功,0.10931605275124485,16.101669192314148,0.4563476444299645,0.1515765481912934,,
301189,奥尼电子,成功,0.1200916946402617,18.27743790149689,0.47896314275489854,0.20794758941389443,,
301191,菲菱科思,成功,-0.769789360529533,39.31609332561493,0.7953275430458754,-0.4927805882009364,,
301190,善水科技,成功,-0.017551107073473248,15.0,0.4842741544240293,0.07500726200713288,,
301192,泰祥股份,成功,-0.07055262860055139,14.138113379478455,0.48711549691484984,-0.03166717665234555,,
301193,家联科技,成功,0.09147340286579245,22.866117334365846,0.5324736738855592,0.18049848869701302,,
301195,北路智控,成功,-0.550607301717173,6.0,0.596534913298629,-1.0640241754718596,,
301196,唯科科技,成功,1.5315351040675844,29.1,0.36519412901283893,0.6795274636000289,,
301197,工大科雅,成功,0.2614305610863905,9.95,0.2710130451174289,0.28927017162888996,,
301198,喜悦智行,成功,-0.04594832251496249,19.507845282554626,0.3936404006971164,0.09623253694135787,,
301199,迈赫股份,成功,-0.7064012208421301,18.1,0.7766819920901235,-0.7943730290807286,,
301200,大族数控,成功,0.8154963155439281,25.098965346813202,0.4474660355851264,0.5247776074943732,,
301201,诚达药业,成功,1.819840258056281,14.0,0.31782595407140724,0.8743055157799589,,
301202,朗威股份,成功,0.6514983500838335,17.0,0.42808049941364534,0.6102906962353819,,
301203,国泰环保,成功,-0.3001079731198381,11.252074956893921,0.45247541639818356,-0.4050066215412926,,
301205,联特科技,成功,0.4708291257591327,33.365742921829224,0.4972768611949997,0.4247491505084671,,
301206,三元生物,成功,-0.38879820486912287,5.0,0.4255960381445179,-0.6421222076480634,,
301207,华兰疫苗,成功,-0.6309703622538972,14.351147413253784,0.7124585240778085,-0.9858673498905006,,
301208,中亦科技,成功,-0.5985937309810416,15.95,0.6971214465910817,-0.5255575561369003,,
301209,联合化学,成功,0.32209902766300685,17.365639328956604,0.4702972488318692,0.3347356128113128,,
301210,金杨精密,成功,-0.2727743501699944,12.05,0.5069575603444746,-0.24903558309234555,,
301211,亨迪药业,成功,-0.4316524514877479,15.235911011695862,0.6150281442695936,-0.28199604140948176,,
301212,联盛化学,成功,-0.1336934521853713,16.1,0.42383241746683625,-0.014092727818043107,,
301215,中汽股份,成功,-0.2523418004255234,13.1,0.5029136137037861,-0.20813002987913798,,
301213,观想科技,成功,0.26827691828550293,20.0,0.41838161803116664,0.2931224378643681,,
301216,万凯新材,成功,-0.3058292898716833,15.137501120567322,0.45784529126729073,-0.24805880388430546,,
301217,铜冠铜箔,成功,-0.024003832593104308,20.769945454597472,0.4980200663002853,0.09471589870783458,,
301218,华是科技,成功,-0.4129408869042276,21.00458760261536,0.6888247731884183,-0.23046516361819736,,
301219,腾远钴业,成功,-0.5736016318752448,15.0,0.5750519935662144,-0.6238864862701291,,
301220,亚香股份,成功,0.25034214429819607,14.22044062614441,0.4592675883796095,0.2799860421790222,,
301221,光庭信息,成功,-0.6124858704184369,24.0,0.7132218059540265,-0.5218674338595738,,
301223,中荣股份,成功,-0.18630749570151703,4.898344933986664,0.27517084127899816,-0.45469446320735724,,
301225,恒勃股份,成功,0.10921238387482474,28.0,0.5999685348053916,0.265900513379249,,
301222,浙江恒威,成功,0.14448463489930582,12.0,0.3805764155804796,0.1906563388921815,,
301226,祥明智能,成功,-0.3146523229379862,22.05,0.6310714547669025,-0.10021109088451637,,
301227,森鹰窗业,成功,0.7616721331402584,13.0,0.34919040212478447,0.6719093017148557,,
301228,实朴检测,成功,2.47284956025447,27.0,0.29896820393136714,0.8242192169905309,,
301229,纽泰格,成功,-0.596251592191779,22.0,0.6065945642505921,-0.6418056034545611,,
301230,泓博医药,成功,-0.6298949294168585,23.45641303062439,0.6388669699025765,-0.530924159817023,,
301231,荣信文化,成功,-0.7336202134654967,32.41810607910156,0.8026016168397346,-0.7821021018859623,,
301232,飞沃科技,成功,0.7562628449059138,21.1,0.5508501735157395,0.6321103043800737,,
301233,盛帮股份,成功,-0.4765253710687127,14.0,0.6260674798933185,-0.5682912420292914,,
301234,五洲医疗,成功,-0.08832209168151268,15.0,0.41898916753269033,-0.015404927082069506,,
301235,华康洁净,成功,-0.33218695640862306,17.0,0.4467439021575602,-0.23262345817839478,,
301236,软通动力,成功,-0.43106824694617035,20.1,0.6077631428693141,-0.2586846589323472,,
301237,和顺科技,成功,0.09170331837612247,15.0,0.5855078332111707,0.17942972274158986,,
301238,瑞泰新材,成功,-0.2504427016635002,19.232436180114746,0.42802422527247613,-0.12384619485445228,,
301246,宏源药业,成功,-0.11243381291077399,12.0,0.49506793091276674,-0.0231408908467786,,
301239,普瑞眼科,成功,0.4634853039286137,20.1,0.2758551633712831,0.41691900369944734,,
301248,杰创智能,成功,1.378766349479007,29.05,0.4931642149949794,0.6924174677056059,,
301251,威尔高,成功,0.12762245646802722,20.299551963806152,0.4448123787393108,0.32055931264341847,,
301252,同星科技,成功,-0.6921174058402612,17.0,0.7461789643762355,-0.6275673683742038,,
301255,通力科技,成功,0.24221701983487393,13.324027752876281,0.421409325123076,0.31140496352887576,,
301256,华融化学,成功,0.5292826874550481,15.299999999999999,0.43916995326286,0.4103610135516311,,
301257,普蕊斯,成功,0.005916237133999821,19.0,0.5544740494995533,0.0752494191187973,,
301258,富士莱,成功,-0.47202899499390216,13.95,0.5923712806833675,-0.5958230118538765,,
301259,艾布鲁,成功,-0.4661804851083442,16.0,0.570828305462079,-0.578010349524846,,
301261,恒工精密,成功,-0.24836749261536417,13.574033737182617,0.4013225321043381,-0.16980825605149383,,
301260,格力博,成功,-0.40377505008037595,11.05,0.5073840192825823,-0.5306737294239019,,
301262,海看股份,成功,-0.2759895560123502,11.1,0.625670011368396,-0.23679946328403667,,
301263,泰恩康,成功,-0.5819979333375445,18.1,0.6428364966150352,-0.5550460928387246,,
301265,华新科技,成功,0.21400280014316841,15.584626972675323,0.4739696556189272,0.2824308773845195,,
301267,华厦眼科,成功,-0.5609922007948359,7.0,0.5762056949550822,-1.362856269240283,,
301266,宇邦新材,成功,-0.28973121596056517,13.95,0.5317162780743917,-0.15631638524741637,,
301268,铭利达,成功,-0.4996809606277948,15.65825650691986,0.6078338823669678,-0.4825582908900791,,
301272,英华特,成功,-0.4138314534431169,10.95,0.4825477724756927,-0.6216330865276576,,
301269,华大九天,成功,-0.36005470101758286,17.0,0.5438560475328007,-0.2910407453874336,,
301270,汉仪股份,成功,-0.3391385192787951,20.0,0.5597207779223072,-0.29162959514745634,,
301275,汉朔科技,成功,0.0,0.0,0.0,0.0,,
301273,瑞晨环保,成功,-0.6062875302569339,18.0,0.6062875302569339,-0.7187307365696489,,
301276,嘉曼服饰,成功,-0.49933915845325494,9.0,0.5418548927094424,-0.7724669486488007,,
301277,新天地,成功,-0.814649216955177,15.160045623779297,0.8286998379950843,-1.0316870200888737,,
301278,快可电子,成功,-0.5073841585089973,8.0,0.5912825279531644,-0.6281779550254355,,
301281,科源制药,成功,-0.17073107718921107,16.273192143440248,0.5598958622205129,-0.04832023331579328,,
301280,珠城科技,成功,-0.02388381911665172,12.659192204475403,0.4520442301693862,0.07965099384049318,,
301279,金道科技,成功,-0.566804702357983,19.27915403842926,0.6632303300424154,-0.5475376237066788,,
301282,金禄电子,成功,0.19482871194566614,20.0,0.5274058597477307,0.28181150877955546,,
301283,聚胶股份,成功,-0.4726099353343217,12.0,0.49863775003361505,-0.4500532097800221,,
301285,鸿日达,成功,1.5339783330351675,27.95,0.37175918324277535,0.7734455649824826,,
301287,康力源,成功,-0.23961860701245183,9.0,0.3057826238150079,-0.3097197401928141,,
301286,侨源股份,成功,0.3937141515457237,19.0,0.40282857691979346,0.36051590111965376,,
301291,明阳电气,成功,0.6076871072443019,24.1,0.38741429256081134,0.5660469326495334,,
301289,国缆检测,成功,0.03119132352523389,13.0,0.3997297030203635,0.13322523591363752,,
301288,清研环境,成功,-0.6142462167436892,17.1,0.6747918003519532,-0.6811278231641524,,
301290,东星医疗,成功,-0.18342582763650833,11.0,0.29207371620003564,-0.20083428127454517,,
301292,海科新源,成功,1.0831497242015966,23.305952191352844,0.3416808490166982,0.7634624674980767,,
301295,美硕科技,成功,-0.3550791575834356,15.1,0.6187785993665001,-0.2287255324606571,,
301293,三博脑科,成功,-0.21122587087299077,12.249088644981384,0.38013589804611464,-0.18242951081902037,,
301296,新巨丰,成功,-0.29524870628427774,7.1,0.4027215604162699,-0.34068114244360514,,
301297,富乐德,成功,-0.42772788059347533,16.1,0.6368022581857238,-0.46913063852262216,,
301299,卓创资讯,成功,-0.44954499912058665,11.0,0.4895568864601197,-0.5878720876505923,,
301298,东利机械,成功,-0.5859452180276475,14.293139338493347,0.6211981451532957,-0.7898557120153319,,
301300,远翔新材,成功,-0.3183320962435662,13.0,0.36353420660336594,-0.2558621586410851,,
301301,川宁生物,成功,-0.43424736876192166,11.0,0.43424736876192166,-0.5664097381551711,,
301303,真兰仪表,成功,-0.5689439735113789,9.0,0.5761639345160471,-0.7777708443085094,,
301305,朗坤科技,成功,0.36712881399110336,10.0,0.3257861005948001,0.44023467145086215,,
301302,华如科技,成功,-0.3396830162083081,17.05,0.6042047904029324,-0.24738573479612633,,
301306,西测测试,成功,-0.4681911657556597,28.579084515571594,0.730934519264338,-0.17809401705278916,,
301307,美利信,成功,0.13938138590305477,29.75115966796875,0.6576719407579292,0.27495936617794564,,
301308,江波龙,成功,0.5921050083469414,28.28540539741516,0.523699000755284,0.4635553983161334,,
301309,万得凯,成功,-0.3070890586255577,9.0,0.46584001647624373,-0.3593635386915647,,
301310,鑫宏业,成功,-0.027787541668558405,11.0,0.5278222565365532,0.10453185575771715,,
301311,昆船智能,成功,-0.1428632239283083,14.1,0.5123559088764025,-0.07231579183844432,,
301313,凡拓数创,成功,-0.08354559312589656,24.0,0.4308420228900759,0.1041639794259587,,
301312,智立方,成功,-0.6319818293699848,25.0,0.7599583583642162,-0.3882275369001966,,
301314,科瑞思,成功,-0.1424153327654017,12.940068125724792,0.4352203207766798,-0.09088239706810364,,
301315,威士顿,成功,-0.07359824854747304,17.1,0.6099356418311948,0.12634008842510477,,
301317,鑫磊股份,成功,0.04513742881633443,28.14918541908264,0.46565714847410905,0.18529664980866756,,
301316,慧博云通,成功,1.0564923406505713,22.277414917945862,0.29491018747905734,0.6689726354447861,,
301318,维海德,成功,-0.7647997288110742,15.25269079208374,0.8246566085390584,-1.118542453218286,,
301319,唯特偶,成功,-0.19791065739224142,19.0,0.5669754210788761,0.008581878700092721,,
301320,豪江智能,成功,-0.5862427482934401,14.0,0.6301783752143112,-0.910369360944411,,
301321,翰博高新,成功,0.781469806636731,22.549517250061037,0.5512376322506849,0.5388585472877406,,
301323,新莱福,成功,0.0037745349563080527,20.859141087532045,0.48860527373129997,0.1397101348817024,,
301322,绿通科技,成功,-0.4345313281540794,16.147791624069214,0.474289215519677,-0.5437100994948176,,
301325,曼恩斯特,成功,-0.06298405346131476,9.0,0.3976305602753815,0.06857057772272349,,
301326,捷邦科技,成功,0.409760425752351,29.379135489463806,0.5497034920115987,0.39340325810337734,,
301329,信音电子,成功,-0.14147840886459104,14.10595543384552,0.31322423489963785,0.0010514776117394801,,
301327,华宝新能,成功,-0.4252400825611403,8.40018982887268,0.506456115970825,-0.7470751641167253,,
301328,维峰电子,成功,-0.41304328252748446,15.0,0.540036594727549,-0.4393474478586964,,
301330,熵基科技,成功,-0.16989477837689904,14.0,0.49733173433886896,-0.060375445194615344,,
301332,德尔玛,成功,-0.5209984364167871,10.529444336891174,0.5290532289054544,-1.0559799034215847,,
301331,恩威医药,成功,-0.4554685841787998,9.0,0.5649221933606822,-0.6542415155288931,,
301333,诺思格,成功,0.35361365702492825,18.15,0.44178063971429854,0.34899991873774483,,
301335,天元宠物,成功,0.4751614125609837,13.0,0.2797851233465283,0.4736999112523763,,
301337,亚华电子,成功,-0.7290302115219098,8.0,0.745604855935863,-1.7106948879308614,,
301336,趣睡科技,成功,-0.07073657681172422,11.0,0.4606582697015188,0.028063270359946966,,
301338,凯格精机,成功,0.23485556920866962,22.0,0.5419846424957088,0.317427931455517,,
301339,通行宝,成功,-0.49203059117757963,13.911802768707275,0.6812823177115614,-0.3957612748812327,,
301345,涛涛车业,成功,2.1338053711081133,23.5,0.285472824795332,1.0518016894267703,,
301348,蓝箭电子,成功,-0.6013624891939359,14.574460506439209,0.6378747221798449,-1.2915667254390653,,
301349,信德新材,成功,0.5997875499590157,19.1,0.38261693930224755,0.48740400079368995,,
301353,普莱得,成功,-0.47051457627967824,10.0,0.5463380982255746,-0.7043079527665339,,
301355,南王科技,成功,-0.2669377240106149,9.0,0.3690654261052481,-0.3498545133346376,,
301356,天振股份,成功,-0.3257152014712487,13.205057263374329,0.4554799709398439,-0.27343545041303985,,
301357,北方长龙,成功,-0.25108222294564825,17.803196907043457,0.6010643980880521,0.0350277944760941,,
301358,湖南裕能,成功,0.8361985293063912,17.0,0.26827477568335967,0.6695710963514377,,
301359,东南电子,成功,-0.6911264713693857,16.0,0.7407540076525013,-1.0085970271811302,,
301360,荣旗科技,成功,-0.6413691949290936,15.314703059196471,0.693262619312108,-0.9026749085246895,,
301362,民爆光电,成功,1.0664976852911652,18.374228751659395,0.40584824693650146,0.8496578120052422,,
301361,众智科技,成功,0.2264179240413777,20.1,0.344637659136486,0.29156860269338725,,
301363,美好医疗,成功,-0.34758256195042114,12.05,0.4057418281051167,-0.4036307808844805,,
301365,矩阵股份,成功,0.3170937365072436,14.0,0.5223242813997133,0.37086623504033084,,
301366,一博科技,成功,0.3494722595939125,20.503716826438904,0.5225254896751402,0.3740668330809488,,
301367,瑞迈特,成功,-0.42987468921111865,9.05,0.4411684729994906,-0.8138282094619753,,
301368,丰立智能,成功,-0.42474675373593207,25.930270671844482,0.7085266592909442,-0.14023706995269034,,
301369,联动科技,成功,0.4245658705477172,24.160813689231873,0.78076281664087,0.4166683938968928,,
301370,国科恒泰,成功,-0.49029661907985717,5.257614016532898,0.534617460060268,-0.9627914859523274,,
301371,敷尔佳,成功,-0.5496560587876494,9.0,0.6220114776113383,-0.922702229171836,,
301372,科净源,成功,-0.09582481793506653,5.15,0.2588660315596784,-0.1367428481123891,,
301373,凌玮科技,成功,0.1900474188184322,19.37705934047699,0.39617091843174124,0.26818309793368705,,
301376,致欧科技,成功,-0.2145271715518106,8.5,0.4283752841319708,-0.1944089047826754,,
301378,通达海,成功,-0.6058323295739008,17.0,0.6493804282802792,-0.914065063588946,,
301377,鼎泰高科,成功,1.6804878227798339,34.0,0.6947989484831335,0.8210528020097406,,
301379,天山电子,成功,-0.47262145817131984,15.356433010101318,0.6331518086518192,-0.33499448836436935,,
301380,挖金客,成功,-0.4716077593581499,11.95,0.4716077593581499,-0.6418786323746231,,
301381,赛维时代,成功,-0.7825128437033588,12.45,0.8021533556816107,-1.6979571116693557,,
301382,蜂助手,成功,-0.6420406705888352,21.06593692302704,0.6939195551005002,-0.7442636586821167,,
301383,天键股份,成功,-0.06033987300146386,14.516117572784424,0.5389203182731827,0.1302635742717094,,
301386,未来电器,成功,-0.2997054616993165,10.0,0.38148961293978173,-0.3420653337724757,,
301387,光大同创,成功,-0.37245323949848314,21.95,0.5567504772160614,-0.261819148190347,,
301388,欣灵电气,成功,-0.5530323303767725,19.049999999999997,0.7345444072492883,-0.48658129870662375,,
301390,经纬股份,成功,0.04218651257500271,10.1,0.28203653169927995,0.1262795461954927,,
301389,隆扬电子,成功,0.4861955126357664,27.0,0.4156173898299166,0.43453912543514867,,
301392,汇成真空,成功,0.9060020038153377,21.1,0.5185040774614225,0.8895278345786337,,
301391,卡莱特,成功,0.8389345291180099,17.0,0.2817842463742439,0.6521600524375886,,
301393,昊帆生物,成功,-0.2793934506635301,8.0,0.4254799436715317,-0.28380408369338456,,
301395,仁信新材,成功,-0.6685994107482647,12.177645325660706,0.6716316586101734,-1.292749669808196,,
301397,溯联股份,成功,-0.7642272045881892,14.0,0.7920943035407026,-1.006834829525051,,
301396,宏景科技,成功,0.40135458373889416,26.57326488494873,0.6268307835154686,0.421245956948127,,
301399,英特科技,成功,-0.7287107542898359,14.0,0.7844328781863946,-0.9427896985767431,,
301413,安培龙,成功,-0.45882519722164344,20.0,0.6053471996206571,-0.3308705826581002,,
301398,星源卓镁,成功,-0.4995169983497383,20.154179573059082,0.6988035164630676,-0.35575781824886443,,
301408,华人健康,成功,-0.30540974093020706,24.0,0.49760869226478965,-0.17666352565159146,,
301418,协昌科技,成功,-0.21204599300803778,9.1,0.4997031570393245,-0.18487672442692102,,
301421,波长光电,成功,-0.6067560781092066,24.333358240127563,0.6536199878328767,-0.5713580845812859,,
301419,阿莱德,成功,-0.5268307610829595,18.0,0.7069611807654117,-0.3475395907650802,,
301428,世纪恒通,成功,-0.5544373514090799,16.621399402618408,0.6607271641105805,-0.4993867733861189,,
301429,森泰股份,成功,0.2363362111625225,7.705067253112793,0.2899457615866361,0.32371517324610416,,
301449,天溯计量,数据不足,,,,,,
301439,泓淋电力,成功,-0.014480347789960797,13.0,0.37563608636958107,0.08411431244790113,,
301446,福事特,成功,-0.14600685404362435,18.0,0.4575197306369985,0.05985086789445889,,
301448,开创电气,成功,-0.5322920058433034,18.0,0.660496209127905,-0.5824777883763799,,
301458,钧崴电子,成功,-0.03950498494808678,10.260677576065063,0.3777150038155192,-0.008027492096610385,,
301456,盘古智能,成功,-0.2599318361803735,11.200994849205017,0.4136922839229577,-0.30090618139672,,
301459,丰茂股份,成功,-0.42450496043853464,9.0,0.5002983836072628,-0.8072000767366914,,
301468,博盈特焊,成功,-0.03844590699909561,15.0,0.47215313419107796,0.14201925941138727,,
301479,弘景光电,成功,-0.15646520816753065,6.1,0.3061411549037581,-0.20169094501923962,,
301469,恒达新材,成功,-0.5271801180697451,11.0,0.536307672455039,-0.7842077248417005,,
301486,致尚科技,成功,-0.4951289391494864,33.81721913814545,0.6150685860786023,-0.20502421368372695,,
301487,盟固利,成功,-0.5476755883632051,10.0,0.5967516510135122,-0.8398410082844,,
301491,汉桑科技,成功,-0.21563610930382943,2.0,0.2420522700806476,-2.240371297114339,,
301489,思泉新材,成功,-0.4350039667386403,27.23511552810669,0.7250121208181348,-0.28806476025030764,,
301488,豪恩汽电,成功,-0.04788069866113699,17.32079107761383,0.4313519014007628,0.12373895080038773,,
301501,恒鑫生活,成功,-0.20982928808054988,3.0,0.2426106277084504,-1.3102112562661874,,
301498,乖宝宠物,成功,2.349495868971693,9.116239428520203,0.1946308724832218,1.6679887418576307,,
301500,飞南资源,成功,0.5907088730885623,23.344181656837463,0.4257746967417451,0.5950576934256984,,
301499,维科精密,成功,-0.464936060701953,18.0,0.5996778785259379,-0.5273316679672169,,
301502,华阳智能,成功,-0.5445815766675592,13.962795770168304,0.660239956990748,-0.8482070619107406,,
301503,智迪科技,成功,-0.03879120823403748,11.0,0.3876645851109955,0.05333140262457427,,
301505,苏州规划,成功,-0.6040184068987475,12.0,0.6291038895565797,-1.1089923638158805,,
301507,民生健康,成功,-0.2741744729901409,10.196899652481079,0.30560003986085266,-0.33715173189214054,,
301508,中机认检,成功,-0.4404369721041694,6.899859309196472,0.5049608884516535,-1.1445724879271009,,
301509,金凯生科,成功,-0.4904054557639682,12.0,0.4976316955548733,-0.7492825829818124,,
301513,尚水智能,数据不足,,,,,,
301510,固高科技,成功,-0.5167924680701274,15.0,0.6576494402728427,-0.6573192174900837,,
301511,德福科技,成功,0.5261225920734564,24.432492589950563,0.6710007199983051,0.5453131718582354,,
301512,智信精密,成功,-0.4165748353928128,12.05,0.5371549462761334,-0.5605030104476625,,
301516,中远通,成功,-0.16555291058559451,7.613815784454346,0.3633658909932934,-0.14110573387740108,,
301515,港通医疗,成功,-0.5377649609506844,11.0,0.6102234392866748,-1.222401521580413,,
301517,陕西华达,成功,-0.7946538599607141,19.0,0.8185992590592676,-1.4051484667679022,,
301518,长华化学,成功,0.9046845133375286,18.646364331245422,0.38308818813739587,0.7281384194456808,,
301522,上大股份,成功,-0.1758842807939471,4.0,0.32856564107483954,-0.4872881203178641,,
301520,万邦医药,成功,-0.2378649533816865,8.610289812088013,0.4785231822620473,-0.2843509012538472,,
301519,舜禹股份,成功,-0.6189952038235097,9.100000000000001,0.6250385194512811,-1.3081230395824786,,
301525,儒竞科技,成功,-0.16436079162657144,14.1,0.3944815340676846,-0.057723226250957035,,
301531,春光集团,数据不足,,,,,,
301526,国际复材,成功,6.86409947956718,13.115728616714478,0.25266381326802523,2.2029932425276058,,
301535,浙江华远,成功,0.14568689197646395,5.0,0.16573236250612722,0.6402870027097317,,
301528,多浦乐,成功,-0.30241699998357685,14.0,0.4728111826836583,-0.2830094215053321,,
301529,福赛科技,成功,-0.6429838506455725,20.1,0.6793629070614123,-0.7613054322433074,,
301533,威马农机,成功,-0.2098013641014851,10.0,0.4127594838294243,-0.11884413932805815,,
301539,宏鑫科技,成功,-0.10909249743322187,3.1,0.34316889461183525,-0.1244526575937319,,
301536,星宸科技,成功,0.46160735745634823,11.2,0.28638023463600343,0.6016531318941618,,
301538,骏鼎达,成功,-0.17154574611553747,10.0,0.3735755745335462,-0.16188760864023602,,
301551,无线传媒,成功,-0.229583248001678,2.0,0.30604228771494807,-0.9211490270712803,,
301552,科力装备,成功,-0.45834565963391494,3.1,0.4778741947588229,-0.8623634792986108,,
301548,崇德科技,成功,-0.0011254548818818875,21.1,0.4848125674696675,0.15320552801720808,,
301550,斯菱智驱,成功,-0.18355417391615483,32.0,0.5689812846186538,0.1595505821732387,,
301557,常友科技,成功,-0.03403184898791631,5.0,0.30127999066601663,0.042640833882431534,,
301556,托普云农,成功,-0.3714270439171713,4.0,0.3776913351505185,-1.1584112080596995,,
301560,众捷汽车,成功,-0.10668441933846844,4.0,0.20710609591530796,-0.28439157138196935,,
301555,惠柏新材,成功,-0.35884635650734287,16.21591091156006,0.5446962874890394,-0.43448835766386135,,
301563,云汉芯城,成功,0.12928638116557428,6.935483515262604,0.2435720720311198,0.6968012282942014,,
301558,三态股份,成功,-0.516106399909349,11.918666458129882,0.5184537813679047,-0.9306251375508359,,
301559,中集环科,成功,-0.3585019658210692,7.0,0.4260133369265323,-0.7106725729817943,,
301565,中仑新材,成功,-0.19935899853095718,10.0,0.36263768414383896,-0.18500352639188322,,
301566,达利凯普,成功,-0.1528784385879131,15.1,0.4567379081440648,-0.10236893597360959,,
301575,艾芬达,成功,-0.0796115467259253,1.0,0.0796115467259253,-2.7229923047255804,,
301571,国科天成,成功,0.04263195544420843,6.5,0.2789421437170894,0.17657942591055695,,
301567,贝隆精密,成功,-0.5338964926467408,16.0,0.5896039405841778,-0.8413991798744631,,
301568,思泰克,成功,0.05275545787292329,15.068077862262726,0.5410637122278616,0.199386777298949,,
301580,爱迪特,成功,-0.20755446970982303,10.0,0.43014867700308496,-0.2063818872036453,,
301583,托伦斯,数据不足,,,,,,
301581,黄山谷捷,成功,-0.15746906703240443,4.0,0.337927387297851,-0.5103550112211641,,
301577,美信科技,成功,0.04931954075484682,13.172000467777252,0.5377586417290566,0.19974816137719623,,
301584,建发致新,成功,-0.10837872023712247,1.5,0.157792740972795,-1.7439981509622273,,
301578,辰奕智能,成功,-0.49140300659767405,7.265629768371582,0.5307681243976946,-0.6082924950073503,,
301585,蓝宇股份,成功,-0.12292110769082647,1.0,0.1663911845730019,-1.1026507002321368,,
301586,佳力奇,成功,-0.13963984609323568,2.0,0.2831815128574224,-0.4807522818211229,,
301587,中瑞股份,成功,-0.5026708797723509,9.0,0.5212372720114942,-1.0094872193003976,,
301590,优优绿能,成功,-0.1722820475652603,5.920761466026306,0.2471242107466995,-0.4377263489381029,,
301588,美新科技,成功,-0.14544713004717502,8.0,0.40008320773419254,-0.24893445420261234,,
301595,太力科技,成功,-0.17275005203218563,5.0,0.37519777277933614,-0.870138532393501,,
301589,诺瓦星云,成功,-0.4882534000087597,12.0,0.5251131213302507,-1.0140809805754434,,
301592,六九一二,成功,-0.3155387897383838,4.95,0.3774030502459031,-0.7238115425625288,,
301599,理奇智能,数据不足,,,,,,
301591,肯特股份,成功,-0.5411974849174289,8.565732836723328,0.6093729425015775,-1.1072427144846633,,
301598,博科测试,成功,-0.19763148427836394,3.0,0.19763148427836394,-1.6711044939284163,,
301600,慧翰股份,成功,-0.6689053729367929,8.0,0.6842409555105307,-1.6965779121271414,,
301596,瑞迪智驱,成功,-0.37059432008079685,12.129292488098145,0.5433056236996064,-0.4427613603112504,,
301601,惠通科技,成功,-0.18936411391317656,2.0,0.22291451782625882,-1.1176586445457013,,
301602,超研股份,成功,-0.23141103432377857,2.95,0.24778154225074944,-2.0724184142706155,,
301603,乔锋智能,成功,-0.34432673212363385,11.0,0.3772408495014105,-0.3834336976291608,,
301606,绿联科技,成功,-0.27675660008924546,11.1,0.44629969101432687,-0.3147112001328354,,
301607,富特科技,成功,-0.34540674676972827,9.612790942192078,0.5685940271708497,-0.2162645921890845,,
301609,山大电力,成功,-0.21131810104240822,2.0,0.3284465365591035,-0.9361487627420894,,
301608,博实结,成功,-0.4086127815646063,10.1,0.6153488557069295,-0.5184665961737395,,
301613,新铝时代,成功,-0.33726086321002935,7.0,0.46401302981312076,-0.4643498090328803,,
301616,浙江华业,成功,-0.10729846762122529,1.0,0.18428674873280296,-0.8773171514699646,,
301611,珂玛科技,成功,0.2553066596862332,11.0,0.4139130673148936,0.5081200391311574,,
301617,博苑新材,成功,-0.42014055705886266,7.0,0.5558907687276086,-1.173009731075574,,
301622,英思特,成功,-0.12985696406085873,2.0,0.1598360655737702,-0.8025356920140108,,
301618,长联科技,成功,-0.5703931428530505,3.0,0.5747916103582905,-1.3678412284423511,,
301626,苏州天脉,成功,0.37877527071364425,14.088271856307983,0.37098364280679424,0.6672088830998399,,
301628,强达电路,成功,0.04688680500686096,9.0,0.28807067001480097,0.21256337091409067,,
301630,同宇新材,成功,-0.030126208240662963,7.322549676895141,0.3081394123262271,0.1994368416576821,,
301629,矽电股份,成功,0.3457549252683899,15.278326511383057,0.3673373263121475,0.7590146281934077,,
301632,广东建科,成功,-0.14961147746453352,2.0,0.1796097194917756,-2.319822429569464,,
301638,南网数字,成功,-0.23091225507489552,2.0,0.2503160556257901,-2.4051425825394146,,
301631,壹连科技,成功,-0.390979681639706,4.0,0.5057452947386373,-0.7837688501313754,,
301636,泽润新能,成功,-0.11631206696415713,2.0,0.11631206696415713,-2.323071224962177,,
301656,联合动力,成功,-0.1095845020803214,1.0,0.11930783242258648,-1.480609768352886,,
301633,港迪技术,成功,0.0,0.0,0.0,0.0,,
301666,大普微-UW,数据不足,,,,,,
301667,纳百川,数据不足,,,,,,
301658,首航新能,成功,0.1572637503593546,5.0,0.24559407785350593,0.5070340558958648,,
301669,高特电子,数据不足,,,,,,
301662,宏工科技,成功,-0.2445360746006109,12.126900315284729,0.36560133195661576,-0.4248525903336302,,
301680,固德电材,数据不足,,,,,,
301682,宏明电子,数据不足,,,,,,
301683,慧谷新材,数据不足,,,,,,
301687,新广益,数据不足,,,,,,
301696,三瑞智能,数据不足,,,,,,
301668,昊创瑞通,成功,-0.15643554997885717,1.0,0.16302791696492497,-2.4914228917866716,,
301665,泰禾股份,成功,-0.41880169815937407,5.0,0.41880169815937407,-2.668539563011408,,
301678,新恒汇,成功,0.13399617818412474,5.0,0.17034980156784907,0.6190329036226748,,
302132,中航成飞,成功,-0.5145028160016629,19.2,0.6932982688354011,-0.31947943014713986,,
600000,浦发银行,成功,0.14048566385080674,11.0,0.3755753433949242,0.06284022932444312,,
600004,白云机场,成功,-0.5872231529608225,17.0,0.63452448521501,-0.6603506881572594,,
600006,东风股份,成功,-0.44044997435210753,33.61453998088837,0.6401626777160039,-0.1840043664498902,,
600007,中国国贸,成功,-0.4893200142313696,21.95,0.540172060088872,-0.4653608965624969,,
600008,首创环保,成功,-0.23083741673882746,8.945775926113129,0.3696230696521815,-0.2491744393577645,,
600009,上海机场,成功,-0.29201579235509795,6.0,0.4446398364480603,-0.4492552155874545,,
600010,包钢股份,成功,0.7259039779973339,36.0,0.6196651778785391,0.36466398847175346,,
600012,皖通高速,成功,1.2415436926139416,20.5,0.354166135693139,0.5688211246014298,,
600011,华能国际,成功,0.2481583820700772,28.0,0.4863736822606809,0.1910288707910591,,
600015,华夏银行,成功,-0.21775930924147585,12.5,0.35435342740831227,-0.30857406369030144,,
600016,民生银行,成功,-0.2473858500686125,10.0,0.3369386352409185,-0.45696563489215136,,
600017,日照港,成功,-0.08580866848733655,10.0,0.2961959994881126,-0.052881239205917085,,
600018,上港集团,成功,-0.06696669412306044,13.0,0.4323319497201728,-0.07189340636969818,,
600019,宝钢股份,成功,0.28260244757804015,11.0,0.4716863552068372,0.19272505095996256,,
600020,中原高速,成功,-0.1696480104948525,11.0,0.385769603150173,-0.1992989329740156,,
600021,上海电力,成功,-0.06773081403361896,32.32222247123718,0.7408866177845652,0.035715154650696024,,
600022,山东钢铁,成功,-0.03225723043852995,16.1,0.5522321486185622,-0.015147594363613353,,
600023,浙能电力,成功,0.5201372583913614,16.0,0.31123897929334465,0.31512441854939166,,
600025,华能水电,成功,1.3165812260751117,16.5,0.3941221748565556,0.598940658125916,,
600026,中远海能,成功,-0.3253561729869491,33.78533935546875,0.6275654223754713,-0.0640344736582768,,
600027,华电国际,成功,-0.4475063614438409,29.95,0.5798944095643352,-0.3123898112133874,,
600028,中国石化,成功,0.1803589047358933,12.0,0.23999103573637917,0.11986610584877908,,
600029,南方航空,成功,-0.3895613067500842,19.0,0.5307985521021636,-0.3156867701626697,,
600032,浙江新能,成功,-0.5026326830812,24.95,0.6348027242251242,-0.480778594797266,,
600030,中信证券,成功,-0.4198474920444064,11.5,0.4198474920444064,-0.4909627182727434,,
600031,三一重工,成功,0.0940747209452244,14.0,0.5854748825008688,0.08228979692926851,,
600033,福建高速,成功,0.15169206890106476,9.0,0.26758895756847073,0.10001640164806141,,
600035,楚天高速,成功,-0.3552014439566569,11.0,0.4284790392443952,-0.37991469025899094,,
600037,歌华有线,成功,-0.23806649853280876,20.0,0.5907039698425602,-0.12712750256524813,,
600036,招商银行,成功,0.5785981041019032,7.0,0.2624044520541799,0.3868021766927944,,
600038,中直股份,成功,-0.4957304615546671,12.95,0.5166261254918404,-0.6394513500058714,,
600039,四川路桥,成功,1.7655019740412343,24.0,0.441953458407183,0.6065092524880171,,
600048,保利发展,成功,-0.6060198088834917,15.1,0.6064454086324261,-0.755382958306414,,
600050,中国联通,成功,-0.15474233237386012,15.0,0.3972774862740404,-0.09212894899937811,,
600051,宁波联合,成功,-0.40543137674227925,18.88199750185013,0.5877399552945207,-0.3135138426683492,,
600052,东望时代,成功,-0.47317292662498023,30.0,0.6392708681231387,-0.3024738834685997,,
600053,*ST九鼎,成功,-0.6624609796815879,28.95,0.7878084521705996,-0.6242422618744353,,
600054,黄山旅游,成功,-0.4046528835193183,21.0,0.489492053779737,-0.2740172656553463,,
600055,万东医疗,成功,-0.43969210623735366,26.0,0.6978028469634993,-0.3040990498231462,,
600058,五矿发展,成功,-0.32526567522854455,27.0,0.6278592868396439,-0.1313340220384406,,
600057,厦门象屿,成功,0.5600350345061783,16.05,0.31508631046427826,0.3192685993027792,,
600056,中国医药,成功,-0.5860542873611033,12.15838372707367,0.6415718946984816,-0.6516907082002634,,
600059,古越龙山,成功,0.1633485228736208,20.604563307762145,0.46471256504311487,0.132508343085432,,
600060,海信视像,成功,-0.04235064823917885,20.5,0.46628871576691305,0.025988826911682562,,
600061,国投资本,成功,-0.5323761558218706,15.0,0.5980294295680485,-0.49335615302816316,,
600062,华润双鹤,成功,-0.08978362041329048,22.0,0.5644308277351312,-0.035041051993198576,,
600063,皖维高新,成功,0.8072407644246434,37.0,0.5126507758213383,0.3844022807188457,,
600064,南京高科,成功,-0.49555638842781324,16.0,0.6236330448364261,-0.4775646153230284,,
600066,宇通客车,成功,4.161239052998443,20.0,0.3405801972584054,1.036108540432893,,
600067,冠城新材,成功,-0.3443440164823322,26.0,0.7081290627051268,-0.2475192349776198,,
600071,凤凰光学,成功,2.2384817137919737,25.0,0.5515095491799255,0.43505540111077917,,
600072,中船科技,成功,-0.023707948647409795,29.477436304092407,0.5796505530621957,0.031591669358705346,,
600073,光明肉业,成功,-0.11213482955894709,14.0,0.4799652822249943,-0.11151375806119497,,
600075,新疆天业,成功,-0.13514694582332173,27.0,0.46699192652974664,-0.02138087474525847,,
600076,康欣新材,成功,0.2698543428535003,29.1,0.4840159573843608,0.19306465050876506,,
600078,澄星股份,成功,1.3003247184505016,47.45435667037964,0.6535973507288887,0.5066371091275148,,
600079,ST人福,成功,-0.2644017330120159,15.0,0.5222374878895091,-0.1756627718139526,,
600080,ST金花,成功,0.24079581178335357,24.0,0.49895313639637234,0.1810158192131491,,
600081,东风科技,成功,0.4181204557155428,32.1,0.45736233609160726,0.26326987459978163,,
600082,ST海泰,成功,0.3396151087709685,24.380022048950195,0.5318980226543656,0.23485092184036846,,
600084,*ST尼雅,成功,0.6645523463089953,20.1,0.43917722765400735,0.36092200590925577,,
600085,同仁堂,成功,0.026087176611708566,15.0,0.36235483921836686,0.005810639404643462,,
600088,中视传媒,成功,-0.5120919748286169,29.409237265586853,0.6319572620012593,-0.25184484131627843,,
600089,特变电工,成功,1.1717512188843542,29.16112530231476,0.6322835834421207,0.4559361103740848,,
600094,大名城,成功,-0.2719255782270174,27.1,0.507845143985824,-0.16032608119996633,,
600095,湘财股份,成功,-0.30075708878579754,26.2,0.791883429019228,-0.11366597388804804,,
600096,云天化,成功,1.025347524428768,27.139443159103394,0.6724557967831163,0.4385683819215102,,
600098,广州发展,成功,0.18159392112111994,17.0,0.38376407865476364,0.13021966859639839,,
600097,开创国际,成功,-0.05485398963497879,30.1,0.5995366746535862,0.03331194208998738,,
600099,林海股份,成功,0.1190667714997333,23.0,0.4527609670368102,0.133116180882788,,
600100,同方股份,成功,-0.37522602067213984,23.0,0.5282511521011402,-0.2125036024280248,,
600101,明星电力,成功,-0.6364486956400834,30.254085659980774,0.7360750834041591,-0.3784544300544598,,
600103,青山纸业,成功,0.36453191799738155,29.0,0.3822495461429805,0.2508096849911538,,
600104,上汽集团,成功,-0.48754962752756714,15.1,0.5911298174725028,-0.688659815608376,,
600105,永鼎股份,成功,7.5154726391038995,53.13628053665161,0.6163642656441606,1.0243002011545173,,
600106,重庆路桥,成功,-0.1612158333570602,29.0,0.6000321452712842,-0.01931959209841019,,
600107,*ST尔雅,成功,-0.5221251344596212,31.0,0.6668109399974097,-0.3196280343510577,,
600108,亚盛集团,成功,-0.0826852408649803,28.1,0.42915072079117483,0.0026852660319302713,,
600109,国金证券,成功,-0.3731544086700034,17.45,0.6448760356331714,-0.3242387855522512,,
600110,诺德股份,成功,1.4971517124122702,41.63789522647858,0.7148674079947258,0.5262915148757347,,
600111,北方稀土,成功,1.2700866753338595,31.19178605079651,0.404006822712392,0.4985180229600342,,
600113,浙江东日,成功,0.7947764666748778,29.164465308189392,0.6125900053084027,0.39609211020611307,,
600114,东睦股份,成功,0.44578419178819867,40.0,0.5488635998894194,0.29653253558743026,,
600115,中国东航,成功,-0.2789513500372395,17.0,0.5834888643547039,-0.20176106199052668,,
600116,三峡水利,成功,-0.47613729214729794,17.0,0.5768889829818489,-0.3912904463994978,,
600117,西宁特钢,成功,-0.3330892272378327,26.0,0.6572435737198522,-0.22683956554847784,,
600118,中国卫星,成功,0.11260453335540442,26.0,0.5133174813796688,0.11223242751048891,,
600119,*ST长投,成功,-0.42294856994622076,27.46689639091492,0.6621237513047127,-0.2622038630156552,,
600120,浙江东方,成功,-0.5955176992733807,25.0,0.6929507460136554,-0.4575033959976278,,
600121,郑州煤电,成功,0.23651800811891138,30.0,0.49799988096158143,0.21329400224543316,,
600123,兰花科创,成功,0.8761557343186811,28.0,0.5122431947296532,0.4223741591767381,,
600125,铁龙物流,成功,-0.27160735129694163,17.0,0.4380496572614731,-0.18663394765781358,,
600126,杭钢股份,成功,-0.17442130405445597,23.949119567871094,0.6002656951413958,-0.01121256109946207,,
600127,金健米业,成功,-0.3691820701344448,22.0,0.525550217764246,-0.26105130014448585,,
600128,苏豪弘业,成功,0.5667641760878582,27.293716168403627,0.3896929185075142,0.3171207742472402,,
600129,太极集团,成功,1.1017751098368462,30.0,0.4248857882215155,0.47925072263719487,,
600130,波导股份,成功,-0.582770106854052,39.0,0.695796047991908,-0.36678221742513584,,
600131,国网信通,成功,-0.3742661856639904,24.0,0.5398072209768029,-0.18650470678651904,,
600132,重庆啤酒,成功,0.2881988751696494,16.0,0.5852498645850251,0.19467098327426127,,
600133,东湖高新,成功,-0.589516788015008,28.0,0.766949170114342,-0.4275270476276617,,
600135,乐凯胶片,成功,0.4927163502110611,26.0,0.41440442767574553,0.29184456838074124,,
600136,ST明诚,成功,-0.19847579780132846,20.0,0.5050546531694491,-0.10530934712610181,,
600137,浪莎股份,成功,-0.25622459759654476,20.0,0.4372611036638943,-0.14854784741477767,,
600138,中青旅,成功,-0.1635100321741763,15.1,0.45417320827067237,-0.11044636057967126,,
600141,兴发集团,成功,2.6005471103366573,29.0,0.5623573767546901,0.7484892680625933,,
600143,金发科技,成功,0.9056999953149337,26.0,0.44269426301271736,0.4354894225105668,,
600148,长春一东,成功,-0.12909778183630027,31.0,0.5116691748666758,-0.01400622916806163,,
600149,廊坊发展,成功,-0.2977165874390371,30.949497079849245,0.4656077496369742,-0.10850468442937475,,
600150,中国船舶,成功,-0.32112273732075175,20.0,0.4285132385913744,-0.1712876186497941,,
600151,航天机电,成功,1.760160480636109,32.50061392784119,0.4779033324926115,0.5893605120499061,,
600152,维科技术,成功,-0.1578135720021509,44.204429626464844,0.7090985658984649,0.050257592863925865,,
600153,建发股份,成功,-0.2190599410631269,14.95,0.4958708842325994,-0.11676327938901822,,
600155,华创云信,成功,-0.4546721768712765,21.0,0.5606778007511984,-0.39609880813667053,,
600156,华升股份,成功,0.517482940430904,30.155383467674255,0.4529264306317086,0.30691689795055055,,
600158,中体产业,成功,0.3454599974718981,24.1,0.4084607900386014,0.23307745360348203,,
600157,永泰能源,成功,-0.09082736692440346,25.0,0.5632945632709028,-0.0035440697086131525,,
600159,大龙地产,成功,-0.3035784199537958,29.339476585388184,0.601955200761986,-0.08741171387897048,,
600160,巨化股份,成功,0.9130260893802464,30.0,0.6634967168325017,0.41863086371730457,,
600161,天坛生物,成功,-0.5056326872667665,12.0,0.5761739221265162,-0.6678813458680074,,
600162,香江控股,成功,-0.26728066067567924,32.41691327095032,0.6597481725770126,-0.06631004615182731,,
600163,中闽能源,成功,0.41245980076240985,30.755649209022522,0.555326728668803,0.2677548977443998,,
600165,ST宁科,成功,-0.04745197489781349,24.8,0.5478776129168875,0.04713813744470569,,
600166,福田汽车,成功,1.0771117694311703,24.5,0.39057781560077204,0.4622520020921161,,
600168,武汉控股,成功,-0.7524681088456335,15.1,0.7889106772922125,-0.9000797560313798,,
600167,联美控股,成功,-0.5068009232513934,15.95,0.5395594927769395,-0.6344420883595097,,
600169,ST太重,成功,-0.41864180259173234,20.0,0.5441619667213327,-0.30395631634754583,,
600170,上海建工,成功,-0.2474378847931385,14.430564832687377,0.4521207452513464,-0.16570546115289364,,
600171,上海贝岭,成功,-0.35118693179726634,28.0,0.5511700299157837,-0.15591866305097968,,
600172,黄河旋风,成功,2.8671740759887023,50.21582633256912,0.5489890350444634,0.6708758211957282,,
600173,卧龙新能,成功,-0.5652947310531695,34.2301406621933,0.7765417046648383,-0.3510503927597713,,
600176,中国巨石,成功,2.2495145773464524,25.049999999999997,0.6209358140992258,0.7161968975705029,,
600177,雅戈尔,成功,-0.2076075044497721,9.5,0.393371562429766,-0.2616891689233902,,
600178,东安动力,成功,-0.4829137502070411,34.92017924785614,0.7522419183909986,-0.22883620703023297,,
600179,安通控股,成功,-0.10428715333892105,20.5,0.5914297753330694,-0.02335334846501895,,
600180,*ST瑞茂,成功,-0.286920545705969,19.0,0.5704618342428018,-0.19313718845528366,,
600182,S佳通,成功,-0.4472594125775298,15.0,0.5392927816230567,-0.4639684893779882,,
600183,生益科技,成功,-0.18759655410541076,34.0,0.6791884479805885,-0.025968657482333936,,
600184,光电股份,成功,-0.19636895598427276,25.438964366912842,0.7470796982479029,0.012848624970944847,,
600185,珠免集团,成功,-0.22977462530665246,27.95,0.702128627631702,0.06037482033719388,,
600186,莲花控股,成功,1.9381187252812053,43.41611752510071,0.48418893135693336,0.6048802787373638,,
600187,*ST国中,成功,-0.5375130224178967,25.54572606086731,0.6789691050987365,-0.34576760781607463,,
600188,兖矿能源,成功,1.8450873974752688,24.5,0.5577993407056374,0.5761119448184777,,
600189,泉阳泉,成功,-0.03380631082585489,29.5,0.537481836188239,0.062467323808635795,,
600191,华资实业,成功,0.6516156380918471,34.30233628749848,0.40361438821972284,0.34355904476232446,,
600192,长城电工,成功,-0.29549250975008867,34.1,0.6318525628302761,-0.06773951055026049,,
600195,中牧股份,成功,-0.2882720294827316,18.95,0.4916906691956849,-0.18788605773650222,,
600196,复星医药,成功,0.0942261929851977,18.1,0.4326619072549306,0.056195602687853494,,
600197,伊力特,成功,-0.4112815429673322,27.0,0.783178137875352,-0.23828697834466497,,
600198,大唐电信,成功,-0.2206090371962401,27.130037784576416,0.5277934889030875,-0.05397242757188108,,
600199,金种子酒,成功,0.10768181352151455,26.386754274368286,0.4689846522373569,0.12492263040920316,,
600201,生物股份,成功,-0.27941841390243033,18.939313113689423,0.6289989968475239,-0.20497193029197194,,
600202,哈空调,成功,0.013937361620308657,29.1,0.4596053526289446,0.092125612513214,,
600203,福日电子,成功,-0.1540997916338523,38.105302810668945,0.5205975616495753,0.04849400294486621,,
600206,有研新材,成功,1.9223828130869067,37.147183895111084,0.4441821968922913,0.6470299056994914,,
600207,安彩高科,成功,-0.39659187666354107,33.0,0.689043509538101,-0.10923965348564493,,
600208,衢州发展,成功,-0.39510296238745723,20.62205469608307,0.5614652218301242,-0.2824029485605397,,
600210,紫江企业,成功,0.4087904022639364,19.0,0.4402638536806621,0.25434436198120963,,
600211,西藏药业,成功,-0.017170045930292834,15.524291634559631,0.4918240597898139,-0.0033470566932069603,,
600212,绿能慧充,成功,1.24110765594906,34.1,0.4275839469665425,0.48058582429849295,,
600215,派斯林,成功,-0.6440272995725137,31.0,0.7706958980525868,-0.5086826278339475,,
600216,浙江医药,成功,-0.68686204949593,23.05,0.726252229874821,-0.7027189047714029,,
600217,中再资环,成功,-0.41676867299838627,18.0,0.48227128293796706,-0.3031211973837682,,
600218,全柴动力,成功,-0.17478463522251098,25.270249319076537,0.5088451010279282,-0.05073878907673571,,
600219,南山铝业,成功,0.623536300027793,28.48751676082611,0.48695465593166853,0.33693481324217933,,
600221,海航控股,成功,-0.3870281606976288,18.0,0.5683491282669353,-0.30492673952579585,,
600222,太龙药业,成功,0.3062656529330449,28.937326788902283,0.44177882927750495,0.22109374345071234,,
600223,福瑞达,成功,-0.08601204281702346,20.867767870426178,0.71217404473923,0.038140755969974585,,
600226,亨通股份,成功,1.6845587350670155,36.0,0.5051788890243207,0.6232941993573928,,
600227,赤天化,成功,0.27350421093166194,30.540178632736207,0.5083364210008474,0.20510510914391386,,
600228,返利科技,成功,-0.28153069301019756,30.81353211402893,0.5587521812452547,-0.10347107767765751,,
600229,城市传媒,成功,-0.5765361158053943,18.0,0.6783356554124556,-0.5608515622861636,,
600230,沧州大化,成功,-0.5172339255735744,34.18869698047638,0.7304008662108284,-0.22098675246816676,,
600231,凌钢股份,成功,-0.3686440039010395,23.0,0.645359512749251,-0.19630849372008413,,
600232,金鹰股份,成功,-0.07430637314870983,23.11224138736725,0.4757725520375061,0.012872341412651108,,
600233,圆通速递,成功,-0.09263794626679839,22.95,0.41828567836775876,-0.008669773064348454,,
600234,科新发展,成功,2.7896111589811388,28.0,0.5658232196293861,0.7529940155377138,,
600235,民丰特纸,成功,-0.23450931575652081,16.28614832162857,0.48472463657299203,-0.11217490876037957,,
600236,桂冠电力,成功,0.897629526849539,21.5,0.39926353158170974,0.4280530183265909,,
600237,铜峰电子,成功,0.04686878811769522,40.66198670864105,0.5037409477042404,0.14441703776792134,,
600238,*ST椰岛,成功,-0.37616820062098744,28.191438913345337,0.6551693949149207,-0.23142275668068663,,
600239,ST云城,成功,-0.3417482338100068,27.123838901519775,0.5831453968745519,-0.20466928116981825,,
600241,时代万恒,成功,-0.34738879264280353,30.0,0.7140435604359601,-0.16408513435204297,,
600243,*ST海华,成功,-0.3958657274171113,34.70972919464111,0.6097506066005705,-0.1871553946105589,,
600246,万通发展,成功,-0.2074890451587025,34.05241358280182,0.5548736632757701,0.00227419873436718,,
600248,陕建股份,成功,-0.4015167471319219,18.0,0.6265878973841476,-0.32466446538522464,,
600249,两面针,成功,0.09750984865867984,24.0,0.41681271544191845,0.12801793091846392,,
600250,南京商旅,成功,-0.7306531845454672,44.14669716358185,0.7812039385039521,-0.4660640751035992,,
600251,冠农股份,成功,-0.3024630776617884,29.0,0.5842644497725948,-0.09876961122606837,,
600252,中恒集团,成功,-0.5863832729954624,19.0,0.6869401598840591,-0.6477165428084118,,
600255,鑫科材料,成功,0.1722458432620892,39.28670144081116,0.6434037329841549,0.18684319483515494,,
600256,广汇能源,成功,0.9049255866765691,28.1,0.6005466960366999,0.4144416265881145,,
600257,大湖股份,成功,-0.1965864582304882,41.87433338165283,0.652442778000935,0.016174407017805197,,
600258,首旅酒店,成功,-0.13244663819911687,17.0,0.53769984163415,-0.04504779712246049,,
600259,中稀有色,成功,-0.08929163605701658,36.95,0.6252062539976948,0.05548240122847089,,
600261,阳光照明,成功,-0.13233387430570526,17.0,0.4272992152137406,-0.10974167322415125,,
600262,北方股份,成功,-0.25558349893517196,23.0,0.5536451592143287,-0.1779392792085352,,
600265,*ST景谷,成功,-0.059082628527299674,20.5,0.3049540931808034,-0.03439047661762139,,
600266,城建发展,成功,-0.6523978491428741,28.0,0.6880761721988061,-0.5101609611745243,,
600267,海正药业,成功,-0.3543765097252164,22.5,0.5763102500247848,-0.2599830355679499,,
600268,国电南自,成功,-0.4412415827010108,32.253439736366275,0.7603620139865712,-0.18973561877747996,,
600269,赣粤高速,成功,0.02571589567683346,6.0,0.2504171435417113,-0.0009958774880536162,,
600271,航天信息,成功,-0.594925995468662,20.0,0.6393087174488143,-0.6939417880461201,,
600272,开开实业,成功,-0.2160814574853916,37.15017673969269,0.7161479269111752,0.005901571442913808,,
600273,嘉化能源,成功,-0.5320721608822557,20.0,0.6493047051889931,-0.5271108720681205,,
600276,恒瑞医药,成功,-0.05550517880601983,10.0,0.28120011709006487,-0.10556899355506334,,
600278,东方创业,成功,-0.4993136451122334,20.0,0.6654376491388208,-0.5342022609453724,,
600279,重庆港,成功,-0.32829470728142013,19.0,0.5000223838386856,-0.19367302619577764,,
600280,中央商场,成功,-0.20873779575786758,41.411588072776794,0.6026603623508566,0.015133514219170537,,
600281,华阳新材,成功,-0.034140814649046225,29.286116456985475,0.5812721958218205,0.07063538310760037,,
600282,南钢股份,成功,0.3595024474307714,22.0,0.35876258070546496,0.23544796890659578,,
600283,钱江水利,成功,-0.3605597946580902,23.27115523815155,0.5737523952855097,-0.23284267412336265,,
600284,浦东建设,成功,-0.5113969158364492,18.0,0.5375003915038165,-0.41962918347753986,,
600285,羚锐制药,成功,0.29720509586609856,21.0,0.5222123624936468,0.21120002112660627,,
600287,苏豪时尚,成功,0.240663091734254,16.0,0.355711053733991,0.17391494468103222,,
600288,大恒科技,成功,1.4646098855606504,19.13564944267273,0.3402124395599924,0.5818606035907449,,
600289,ST信通,成功,-0.22324771492872592,21.0,0.6221028553444857,-0.10152192552079531,,
600292,电投水电,成功,0.146252044162205,28.0,0.5143037508351143,0.15656612028975414,,
600293,三峡新材,成功,-0.35024142495787114,28.2,0.6530518194929361,-0.08016355260976163,,
600295,鄂尔多斯,成功,1.1377103852211765,30.903064966201782,0.4321987604333245,0.459013739186051,,
600298,安琪酵母,成功,-0.187298414584493,16.05,0.6601845771970286,-0.18395441978920565,,
600299,安迪苏,成功,-0.29943754678613826,21.0,0.569810189900759,-0.28272437643748005,,
600301,华锡有色,成功,7.584231081731663,48.95,0.3770146971361315,1.0621666273234611,,
600300,维维股份,成功,-0.15722243927410368,22.1,0.649224716142102,-0.048022598558171335,,
600302,ST标准,成功,0.4122897296247899,33.8,0.4271310643513405,0.2724500016869942,,
600303,曙光股份,成功,-0.30504950431821126,32.18924117088318,0.6576172721487338,-0.11901590945686584,,
600305,恒顺醋业,成功,-0.4330272233294498,10.1,0.5890155991946262,-0.6226333055980777,,
600307,酒钢宏兴,成功,-0.3070604047529523,27.0,0.5734068747192002,-0.1497857580642933,,
600308,华泰股份,成功,-0.5401037761961026,18.0,0.7147850335145165,-0.45462155088914796,,
600309,万华化学,成功,0.2099176069234035,20.1227525472641,0.5858298844308798,0.14264001326493567,,
600310,广西能源,成功,-0.6018618591050574,32.77518266439438,0.7691568969628637,-0.35081887794517336,,
600312,平高电气,成功,-0.07267593347500689,27.0,0.45123525323959723,0.03621541643681873,,
600313,农发种业,成功,0.5041049251357984,30.156996965408325,0.5370108916851601,0.2968618163557053,,
600315,上海家化,成功,-0.37675240563238177,14.0,0.5697258131607134,-0.4348372651132401,,
600316,洪都航空,成功,-0.1236537128531147,22.0,0.6107830721128225,-0.030768947389385178,,
600318,新力金融,成功,-0.292627570321299,32.757941818237306,0.4633367246906247,-0.11637373924756032,,
600319,亚星化学,成功,0.12470997672999307,29.0,0.5797866338888866,0.14403879224787808,,
600320,振华重工,成功,-0.2872262131520873,20.1,0.5247887016229634,-0.17426546776523616,,
600322,津投城开,成功,-0.5517162368264881,36.5,0.6828281485014269,-0.34695936730594557,,
600323,瀚蓝环境,成功,0.2763729327666353,10.5,0.4256588777441153,0.18159705250293579,,
600325,华发股份,成功,-0.31707877967805004,17.1,0.470109923878453,-0.21671446310860273,,
600326,西藏天路,成功,-0.30307265811510703,34.05,0.7178291723953155,-0.09137050882616735,,
600327,大东方,成功,-0.23878968053273567,18.1,0.604523426399626,-0.07905949317525927,,
600328,中盐化工,成功,-0.38544055836952723,26.208154678344727,0.7442987606079021,-0.1799159391715273,,
600329,达仁堂,成功,0.8963517296418186,22.95,0.43877241837616715,0.4301278669592222,,
600330,天通股份,成功,1.1608487376776457,44.44031375646591,0.5749795389253402,0.46757979931397586,,
600331,宏达股份,成功,3.393810881270757,44.68126034736633,0.3682085753282259,0.7876787897043342,,
600333,长春燃气,成功,-0.35532286227015536,29.0,0.5990854394921421,-0.15283383515186663,,
600332,白云山,成功,-0.4995914408806694,10.0,0.5718450296747613,-0.6593275835094137,,
600336,澳柯玛,成功,-0.5005288488211143,28.0,0.7239821341775404,-0.2740783662477035,,
600335,国机汽车,成功,-0.3398567328798749,29.0,0.5585425593823257,-0.09011794470254986,,
600337,ST美克,成功,-0.00804057943236825,25.5,0.5999792882059685,0.061083771232878406,,
600338,西藏珠峰,成功,1.2060073009049104,38.0,0.4288535522260903,0.4838976981674436,,
600339,中油工程,成功,-0.45088441356171904,28.0,0.5914044881437281,-0.2608630208296678,,
600340,*ST华幸,成功,-0.05688364822757052,22.6286340713501,0.36384747104696463,-0.00911020819447643,,
600343,航天动力,成功,1.2009389401905872,33.2,0.4410883447865874,0.4749101813458868,,
600345,长江通信,成功,0.16597322232308537,30.0,0.6623963662732111,0.17177664826870442,,
600346,恒力石化,成功,0.026103469430450058,19.95,0.5770525048258999,0.06889019208312726,,
600348,华阳股份,成功,2.1394498695650177,29.5,0.5014494299923089,0.650376329957557,,
600350,山东高速,成功,0.3996810466345283,17.55,0.4152007430381677,0.25372710367492235,,
600351,亚宝药业,成功,0.5945168948274441,22.996230602264404,0.3400494797078451,0.3317818370860803,,
600352,浙江龙盛,成功,-0.19771387776108604,19.719544172286987,0.5411479235820783,-0.14858370012518352,,
600353,旭光电子,成功,1.4510014429405333,41.33251881599426,0.5139437632392877,0.5451242677920543,,
600354,敦煌种业,成功,0.8608506714787002,30.099828600883484,0.4484801291692573,0.40335305767919466,,
600356,恒丰纸业,成功,-0.40331841309817507,16.0,0.6372003817944611,-0.3324664883542871,,
600358,国旅联合,成功,2.516181905363122,39.1,0.3486435804775481,0.6957109149231995,,
600359,新农开发,成功,-0.27809950500498015,21.57180998325348,0.6631154594167096,-0.12357149021394957,,
600360,华微电子,成功,0.25143617714345656,33.21249375343323,0.6208953589532101,0.20260002034598054,,
600361,创新新材,成功,-0.6782309042976111,23.239892101287843,0.7549204473431926,-0.6716130763385428,,
600362,江西铜业,成功,0.753543358633129,30.0,0.3598584069851865,0.37496315359523413,,
600365,ST通葡,成功,-0.20165919685565895,22.0,0.4683516357481472,-0.06905497616141514,,
600363,联创光电,成功,0.44975073683359285,30.0,0.5581131012338575,0.2773025036796444,,
600366,宁波韵升,成功,0.9975080343743061,41.2648188829422,0.5133248331616056,0.4354545234624453,,
600367,红星发展,成功,6.130586317350586,39.124377965927124,0.36038801987166463,1.034596294995118,,
600368,五洲交通,成功,-0.40297739012677053,15.1,0.48341555428116134,-0.2897632234000273,,
600369,西南证券,成功,-0.6208838096182786,20.0,0.7024249581140131,-0.7703615837219233,,
600370,*ST三房,成功,-0.32774422878023923,32.13081634044647,0.6397829600838869,-0.16766144726819462,,
600371,万向德农,成功,-0.5201386504055184,21.109592509269714,0.5602175532289081,-0.3508972803936181,,
600372,中航机载,成功,-0.16208708914390563,22.0,0.5234634963724243,-0.09183452880256754,,
600373,中文传媒,成功,-0.31779701915212005,21.0,0.40634983946908315,-0.22497641669904567,,
600375,汉马科技,成功,-0.3296343480265791,29.95,0.6269678273616962,-0.18573962406121938,,
600376,首开股份,成功,-0.30021894227919865,30.68655607700348,0.532780646821743,-0.11974089849380753,,
600377,宁沪高速,成功,-0.007415150273181207,9.45,0.2878680383301754,-0.0646937834124302,,
600378,昊华科技,成功,0.049391298669024544,29.0,0.5541036550830373,0.09852902983113415,,
600379,宝光股份,成功,0.026706693625167244,38.02192524671555,0.6611291500961468,0.14360880675811954,,
600380,健康元,成功,-0.3731936407809925,14.925198376178741,0.6018468559903358,-0.3841965851836626,,
600381,*ST春天,成功,0.6092436204629831,39.76162147521973,0.5314809583942381,0.33235203483357745,,
600382,广东明珠,成功,-0.2348071792894238,31.0,0.5721765667481359,-0.05603617148851483,,
600383,金地集团,成功,-0.5358639590248605,23.0,0.625272710604074,-0.5287604238906038,,
600386,北巴传媒,成功,-0.15842425454810713,26.1,0.502003433557745,-0.021860774267501888,,
600388,龙净环保,成功,-0.2323514839557282,20.0,0.4648349391573493,-0.13972349136848253,,
600389,江山股份,成功,4.590917716790385,23.21171545982361,0.3603986424626708,0.9588888076279694,,
600390,五矿资本,成功,-0.5050797381319563,21.0,0.6122997688780761,-0.6113532143694352,,
600391,航发科技,成功,-0.276039942070642,28.1,0.5907245065702961,-0.1130506444688959,,
600392,盛和资源,成功,3.201611310514168,38.499198412895204,0.5404048373855743,0.7689298834178758,,
600395,盘江股份,成功,-0.29163771302525754,23.0,0.6439811118572257,-0.14119787828506625,,
600396,华电辽能,成功,1.016557667081332,38.1,0.5392638765343521,0.4413011176562364,,
600397,江钨装备,成功,2.012234931452931,42.54473147392273,0.46509334876069164,0.5818512425999678,,
600398,海澜之家,成功,0.308405172828168,14.0,0.3704158958364001,0.20484738380873704,,
600399,抚顺特钢,成功,1.2300620177495007,29.95,0.5553295300175283,0.5133168517473219,,
600400,红豆股份,成功,-0.26795241070593767,22.0,0.47031836247170666,-0.12835682637883006,,
600403,大有能源,成功,-0.6123416975282084,30.03073856830597,0.6973279705228521,-0.3714561036284455,,
600405,动力源,成功,-0.28563412495004115,38.82270681858063,0.6262851393941361,-0.048048404977196604,,
600406,国电南瑞,成功,-0.2750562388052765,20.0,0.5537756611736776,-0.18034606216552787,,
600408,安泰集团,成功,-0.05988611937398513,31.1,0.5549960952978716,0.05869811066427282,,
600409,三友化工,成功,1.353500805634396,27.2213876247406,0.5168876459331074,0.5392047205679055,,
600410,华胜天成,成功,0.7733710676773524,42.33879752159119,0.4050668336203174,0.3766072661570331,,
600415,小商品城,成功,1.4860861762899882,32.1,0.497259546749318,0.552924552807659,,
600416,湘电股份,成功,0.44052158096938804,30.817944824695587,0.5268420983222373,0.2715228315285726,,
600418,江淮汽车,成功,0.07918594459576518,50.0,0.69318437713159,0.16880414085884415,,
600419,天润乳业,成功,0.08462377732189591,19.420855236053466,0.41222496156156263,0.09155188128374576,,
600420,国药现代,成功,-0.22436903232366123,14.0,0.48911153751390263,-0.18840508617378482,,
600422,昆药集团,成功,0.2506078239358624,19.287169551849367,0.4707513988143272,0.18573179751721297,,
600423,*ST柳化,成功,-0.22023167673314253,26.0,0.5779383045272549,-0.05913199143044194,,
600425,青松建化,成功,-0.4293289094495133,20.95,0.5691509917220153,-0.2700904918685933,,
600426,华鲁恒升,成功,0.08758512135442739,22.0,0.6540816604234712,0.08552994737112042,,
600428,中远海特,成功,0.6768889408195496,34.6,0.6058742001862233,0.35168850696575105,,
600429,三元股份,成功,-0.10209946508915003,18.188972115516663,0.44577280665873137,-0.04240252863753103,,
600433,冠豪高新,成功,-0.22779378367914935,21.0,0.5129760224517717,-0.11015770763449369,,
600435,北方导航,成功,0.08673793141537753,30.200000000000003,0.6090002857088458,0.12858281354114132,,
600436,片仔癀,成功,0.6034334529368437,24.95,0.5410612717179951,0.34227995395305844,,
600438,通威股份,成功,0.32917116756361503,33.021990752220155,0.5528633952588736,0.2290836964316401,,
600439,瑞贝卡,成功,-0.5257869701025211,23.18613851070404,0.6472244837227916,-0.35274911349122984,,
600444,XD国机通,成功,-0.39202624703421274,34.0,0.6185904981868434,-0.15565581223201608,,
600446,金证股份,成功,0.10172525031829079,26.49340283870697,0.38975065959030913,0.12358733556860109,,
600448,华纺股份,成功,-0.4560789718864803,21.33092246055603,0.47034252535925364,-0.25492176877249134,,
600449,宁夏建材,成功,-0.5499674969613901,25.0,0.6586210454298336,-0.4243920059676726,,
600452,涪陵电力,成功,-0.3782563248650847,23.0,0.6214336205233562,-0.16157169037640798,,
600455,博通股份,成功,-0.2503204118741334,18.0,0.330579323709215,-0.14707810835747137,,
600456,宝钛股份,成功,0.6238342166557279,21.95,0.45066444217319546,0.34152238233173854,,
600458,时代新材,成功,0.36898752498156273,24.0,0.40725402038584263,0.2469290197966554,,
600459,贵研铂业,成功,-0.26373541319715005,25.95,0.7069407009694697,-0.07117457304218947,,
600460,士兰微,成功,0.3598995611231806,31.05,0.6216984773959265,0.2385957703124682,,
600461,洪城环境,成功,-0.3241304967081308,12.5,0.461184854210839,-0.29518338718632686,,
600463,空港股份,成功,-0.36297123816476284,35.0,0.6413267652178327,-0.11898883511108826,,
600467,好当家,成功,0.26511933618149897,21.0,0.5034794278299783,0.19646501194276636,,
600468,百利电气,成功,0.07700120137346574,28.0,0.43049780290994105,0.12041668453153351,,
600469,风神股份,成功,-0.5028387643840553,27.0,0.6314203418521036,-0.36053852605142916,,
600470,六国化工,成功,-0.017327140270142555,34.426586508750916,0.6480808198922471,0.10400612431932849,,
600475,华光环能,成功,-0.4167853047877462,25.2,0.7592348993713498,-0.1414019273231893,,
600476,*ST湘邮,成功,-0.449260080835609,36.0,0.4878419118398373,-0.21117759471733566,,
600477,杭萧钢构,成功,-0.1967275826521944,26.1,0.42461276615300353,-0.06641680723526366,,
600478,科力远,成功,0.4821147772097751,29.0,0.3347681252738009,0.28674635862580194,,
600479,千金药业,成功,-0.5564148484317112,17.38677477836609,0.617709734819487,-0.5413097898873496,,
600480,凌云股份,成功,-0.7880184398532702,30.945257544517517,0.8406812229315028,-0.6555107873464397,,
600481,双良节能,成功,1.344899307996136,38.206359243392946,0.6376116891054318,0.504461549880763,,
600482,XD中国动,成功,-0.3880746163192147,21.0,0.5726723128131526,-0.33083410597439467,,
600483,福能股份,成功,0.21687767005728834,24.5,0.6857109249528048,0.18555136178710074,,
600486,扬农化工,成功,-0.4060549616158194,17.0,0.6974013666057822,-0.36423009225654907,,
600487,亨通光电,成功,0.8073244064542537,30.33517611026764,0.4671095881693575,0.3931134307291233,,
600488,津药药业,成功,-0.08913870258953568,15.0,0.43626288674614183,-0.018829187329274428,,
600489,中金黄金,成功,-0.3005247136485923,34.0,0.6690190004562638,-0.14450875125069526,,
600490,鹏欣资源,成功,1.6236724457988603,37.61852180957794,0.5239645936343533,0.5468746293544394,,
600491,ST龙元,成功,-0.7339185608359928,16.0,0.747414308657934,-0.8322988748489452,,
600493,凤竹纺织,成功,-0.1688810748800526,24.26200044155121,0.5201651232613781,-0.02784272897938719,,
600495,晋西车轴,成功,-0.36241493366185207,21.0,0.5732934892133239,-0.23133606703532764,,
600496,精工钢构,成功,-0.2162538119423551,18.0,0.6239251994446336,-0.13130161399731374,,
600497,驰宏锌锗,成功,-0.15032859247300193,37.0,0.5036595017382771,0.028502012250559008,,
600498,烽火通信,成功,1.7004151967555796,28.0,0.4072002989846444,0.6290896181507201,,
600499,科达制造,成功,0.7220986826475224,32.5,0.49994442984226073,0.3658310115570126,,
600500,中化国际,成功,0.10316083470624522,16.1,0.6614330368217258,0.10653484529879399,,
600501,航天晨光,成功,-0.2917272996304887,39.390395641326904,0.6466168400580123,-0.04912852145243162,,
600502,安徽建工,成功,-0.34282711071670374,21.78076934814453,0.5419776089872893,-0.21212007126196106,,
600503,华丽家族,成功,-0.5711771754018369,31.226935839653017,0.8155437842536294,-0.46996494071961764,,
600505,西昌电力,成功,-0.593800935713178,39.853368401527405,0.7932786056044213,-0.2826502532038351,,
600506,统一股份,成功,0.3662980927623375,29.541501712799075,0.6275026408640828,0.2536837173186929,,
600507,方大特钢,成功,-0.04194009655302638,23.1372047662735,0.4903471218415854,0.013151396816288506,,
600508,上海能源,成功,-0.18496042108787994,27.72740242481232,0.5528245755288901,-0.06481381560992577,,
600509,天富能源,成功,0.5856242972829807,36.0,0.5422128662814654,0.32597599156121637,,
600510,黑牡丹,成功,0.2608357094008924,24.9290051817894,0.44167050225825094,0.19024222661747467,,
600511,国药股份,成功,0.3455138425845935,10.109025716781616,0.3560296348919179,0.22245186143568776,,
600512,腾达建设,成功,-0.3186162038894165,14.0,0.4371304035736576,-0.2663962239367228,,
600513,联环药业,成功,-0.29706668132094,29.0,0.5944178365806453,-0.08190193242893773,,
600515,海南机场,成功,0.2595238058346452,31.0,0.45831759768170494,0.19316452066367248,,
600516,方大炭素,成功,-0.47563407468645724,28.126292943954468,0.5397317533565207,-0.2157609334822885,,
600517,国网英大,成功,-0.3980799098461709,21.162430620193483,0.5809811464097342,-0.3204535465316752,,
600518,康美药业,成功,-0.4904091569803457,27.0,0.7150452336198323,-0.29162793217668237,,
600519,贵州茅台,成功,-0.43821256530670405,13.95,0.6913204708872904,-0.46796015105604893,,
600520,三佳科技,成功,1.4829406064154136,40.26166484355927,0.44740897403329094,0.41928443984000124,,
600521,华海药业,成功,-0.1578026929053315,21.5,0.51453834888348,-0.07191116274110029,,
600522,中天科技,成功,-0.1355664062888366,30.3031956076622,0.500631489800482,0.020586831311138608,,
600523,贵航股份,成功,0.21976114463321791,26.229309415817262,0.4689812526682752,0.17848937162958584,,
600525,ST长园,成功,-0.46241452395051796,23.0,0.6937913115008124,-0.3744252405037435,,
600526,菲达环保,成功,-0.6101860922846911,19.0,0.7295308614260118,-0.5654331154415674,,
600527,江南高纤,成功,-0.6855303306459467,31.733798384666443,0.7415858915691022,-0.7421170992811781,,
600528,中铁工业,成功,-0.5454108230854693,14.0,0.5545720943606204,-0.6254946629175783,,
600529,山东药玻,成功,-0.49492726757607697,14.95,0.7068563673694741,-0.6716038367542523,,
600530,交大昂立,成功,0.6476955766203228,23.1,0.5575167055183037,0.3517750959892591,,
600531,豫光金铅,成功,0.5124388975967386,45.589157462120056,0.6206269330963872,0.30856393148198763,,
600533,栖霞建设,成功,-0.5680550078391466,25.1,0.6815772095859505,-0.45741983250736157,,
600535,天士力,成功,-0.1862600107930563,12.05,0.3673208637089696,-0.14087284297794517,,
600536,中国软件,成功,-0.5455239558632999,16.0,0.6523804958860296,-0.5045143355326853,,
600537,*ST亿晶,成功,-0.4926359875895544,40.0,0.669644991195443,-0.18137803033838146,,
600538,国发股份,成功,-0.24938488779943757,24.1,0.5428705008602113,-0.1600333325517198,,
600539,狮头股份,成功,0.5192009134823392,36.5,0.6147996018721805,0.3071806091538039,,
600540,新赛股份,成功,-0.3502951932921511,30.508496260643007,0.6409041352015314,-0.11730129776963198,,
600543,*ST莫高,成功,-0.32379701632041064,23.604502964019773,0.6299402551035225,-0.19935071912762745,,
600545,卓郎智能,成功,0.6062827628855637,36.8,0.5130174443119956,0.32855948715876604,,
600546,山煤国际,成功,0.32215191404523413,34.5,0.5578460417464409,0.24293571313515505,,
600548,深高速,成功,0.10863653597913085,11.140000414848327,0.2116436087477513,0.05915099847585983,,
600547,山东黄金,成功,-0.2572224599636033,20.0,0.5074779267710549,-0.1302074801391899,,
600549,厦门钨业,成功,1.1531885318986046,36.0,0.5816162318552149,0.4899939161943675,,
600550,保变电气,成功,-0.19206109961192633,41.0,0.6719547726350155,0.02860433214221444,,
600551,时代出版,成功,-0.7162858722394523,22.0,0.8027134113435814,-0.6084499793201575,,
600552,凯盛科技,成功,-0.2757687413036637,37.22013759613037,0.6807602301182343,-0.018332915522172304,,
600556,天下秀,成功,-0.4965485756363964,35.627705693244934,0.6924658625274968,-0.25320196927928323,,
600557,康缘药业,成功,-0.06263697326368536,25.0,0.6056910139908417,0.012320777100305035,,
600558,大西洋,成功,-0.0066073195028871125,18.0,0.4687889279795877,0.07519249909682107,,
600559,老白干酒,成功,-0.3033620831353625,25.0,0.6274247684056198,-0.19671075133448832,,
600560,金自天正,成功,-0.5921989909749404,24.808568692207338,0.5977599653274633,-0.43041124995511193,,
600561,江西长运,成功,0.6147526795746974,22.0,0.36353112186174064,0.3359913686516478,,
600562,国睿科技,成功,-0.509320439505999,20.95,0.6975201395226036,-0.4049726286038001,,
600563,法拉电子,成功,-0.26608936922667853,37.05,0.7759418386923082,-0.05460718805765971,,
600566,济川药业,成功,-0.2706574101912357,18.0,0.48763375230810485,-0.20086944298239007,,
600567,山鹰国际,成功,-0.35134606076517555,15.0,0.4316618874492523,-0.39845671376354114,,
600568,ST中珠,成功,-0.13239378711260885,26.0,0.558231491342653,-0.046098079233058205,,
600570,恒生电子,成功,-0.1720522387864915,16.05,0.4651903468565909,-0.12711670717512166,,
600569,安阳钢铁,成功,0.6006437026913747,25.788883399963378,0.5579492207938259,0.33007033914654593,,
600571,信雅达,成功,-0.11271847411632668,39.0,0.6022065442030783,0.052851952880220016,,
600572,康恩贝,成功,-0.515881025815115,17.0,0.55908131937,-0.5938732205133712,,
600573,惠泉啤酒,成功,0.9313816427587799,29.436583280563354,0.4782550716302192,0.4220483597827824,,
600575,淮河能源,成功,0.47144743751584933,17.95,0.30027590250827463,0.28756292972681785,,
600576,祥源文旅,成功,0.9339332960760389,27.649906277656555,0.38901024628371517,0.43051233177449383,,
600577,精达股份,成功,1.1502385317115955,40.93390882015228,0.691363477566031,0.46374535131228134,,
600578,京能电力,成功,0.2685630727331918,20.0,0.5116684731294274,0.20159359377065175,,
600579,中化装备,成功,-0.3293496899166369,34.1,0.5496177052997395,-0.1235733415440176,,
600580,卧龙电驱,成功,-0.2407382936085241,31.204514741897583,0.5719618604771858,-0.05735057616442386,,
600582,天地科技,成功,0.1389944033830009,17.0,0.4343172853291044,0.11170373778393967,,
600581,*ST八钢,成功,-0.3085135228158871,32.35795032978058,0.6578769203651188,-0.11255700117549439,,
600583,海油工程,成功,-0.21869680387129614,18.0,0.47534722464608464,-0.11111196023793041,,
600584,长电科技,成功,-0.35524159928010324,24.0,0.6719497520709061,-0.21923437617224528,,
600585,海螺水泥,成功,-0.5775367962567524,10.0,0.5782991150299112,-1.4522960548360169,,
600586,金晶科技,成功,-0.024250251001795987,36.12937617301941,0.6760992810921923,0.09005669068110786,,
600587,新华医疗,成功,-0.11782688838719187,26.0,0.5571772608768523,-0.033573064380337456,,
600588,用友网络,成功,-0.755954775058109,22.95,0.7715023013225719,-0.8104682664646544,,
600589,大位科技,成功,-0.41181646716459785,43.297081804275514,0.6101196520524849,-0.09154989183764903,,
600590,泰豪科技,成功,2.1266727307603737,36.220294713974,0.42780843603044927,0.6433175602160491,,
600592,龙溪股份,成功,-0.2164084949482586,25.0,0.6893554694747096,-0.055521665060500824,,
600593,大连圣亚,成功,0.24050919896105943,32.316026020050046,0.41422536469468507,0.20861042517647896,,
600594,益佰制药,成功,-0.5078280880672075,16.95,0.6609908851097023,-0.3419435976370154,,
600595,中孚实业,成功,3.7802158863503195,40.0,0.43706851950372505,0.8842102816435127,,
600596,新安股份,成功,1.624625012078064,22.0,0.5655671964157926,0.6019103631858382,,
600597,光明乳业,成功,-0.5384438402003029,14.95,0.6694991948782759,-0.7373058119144044,,
600598,北大荒,成功,-0.5104819647533824,13.919715285301208,0.6697921757605869,-0.5482130435172339,,
600600,青岛啤酒,成功,-0.004014240781833505,16.95,0.393855182093937,-0.0025031577922932716,,
600601,方正科技,成功,1.6209745744493507,40.879674553871155,0.5434926339182102,0.5435266927442807,,
600602,云赛智联,成功,-0.2813873518369609,37.0,0.5185168699176711,-0.010861145917191868,,
600603,广汇物流,成功,-0.6554803145076185,36.66520893573761,0.7382708175398771,-0.535327091142356,,
600604,市北高新,成功,-0.5316762129000052,24.95,0.6887593067356632,-0.43496235252425014,,
600606,绿地控股,成功,0.023493329407279818,16.1,0.3657170428424927,-0.019510884289192402,,
600605,汇通能源,成功,-0.060320374221860255,32.1,0.5972708593674787,0.10522961806750958,,
600609,金杯汽车,成功,-0.6853017039452359,25.0,0.7449226311868757,-0.689530015527946,,
600610,中毅达,成功,0.12542742595237083,31.292529392242432,0.6194271825872906,0.18716297179735691,,
600611,大众交通,成功,0.5589149816299952,22.0,0.5754969543291135,0.3129442899544764,,
600612,老凤祥,成功,1.090070331636579,10.0,0.2431170376740875,0.645633411627603,,
600613,神奇制药,成功,-0.5732040513226976,20.1,0.6373513424328563,-0.4617924473316639,,
600615,鑫源智造,成功,-0.10678819276897106,31.1,0.3990629038878441,0.035342756267483066,,
600616,金枫酒业,成功,0.26608144458999755,27.189379274845123,0.49874532007525446,0.198290172019948,,
600617,国新能源,成功,-0.19863190383867085,29.0,0.5860680875090146,-0.05428041294202855,,
600618,氯碱化工,成功,-0.03671651945512917,27.0,0.504919154713547,0.041895223543205067,,
600619,海立股份,成功,0.011059374764226085,28.0,0.4899032173849474,0.08803022377495125,,
600620,天宸股份,成功,-0.22286768482659566,22.21805715560913,0.47640307402379367,-0.07523191080628276,,
600621,华鑫股份,成功,-0.5185660443202749,26.038001811504365,0.6662950440794602,-0.34696022090518736,,
600622,光大嘉宝,成功,-0.48198243176203764,28.15,0.6836694388268986,-0.36030033206136447,,
600623,华谊集团,成功,-0.3736643471780197,28.0,0.7027634156584512,-0.26550366673505765,,
600624,ST复华,成功,-0.42282772081673264,20.2950279712677,0.639415766911376,-0.3402984968420582,,
600626,申达股份,成功,-0.6108531995222167,25.0,0.7388824080794667,-0.5360019688126876,,
600628,新世界,成功,-0.4422206958878921,19.0,0.5889785804837753,-0.35142233220031516,,
600629,华建集团,成功,-0.12058335550538701,34.0,0.5034569186192791,0.04478699048378253,,
600630,龙头股份,成功,-0.5782618037904024,32.49189684391022,0.7282565409566416,-0.3823199880984842,,
600633,浙数文化,成功,0.08222997733938173,34.17488375902176,0.6715229194530818,0.12604761277368867,,
600635,大众公用,成功,-0.3712527875432909,20.116501760482787,0.5251830966990673,-0.2700606265204267,,
600637,东方明珠,成功,0.041619545395130846,17.123144388198853,0.3494973141766641,0.049005360978032556,,
600638,新黄浦,成功,-0.1370365193395084,19.266930198669435,0.597526770327449,-0.0408179618006416,,
600639,浦东金桥,成功,-0.5590990086569457,13.0,0.6270047949846645,-0.6315383469656237,,
600640,国脉文化,成功,-0.679449781454888,40.0,0.7195138280236894,-0.5742061906829775,,
600641,先导基电,成功,-0.3996320562762946,35.0,0.806338769802735,-0.13305839520350443,,
600642,申能股份,成功,-0.2974409592121294,19.0,0.5618074096352804,-0.2228000054074648,,
600643,爱建集团,成功,-0.6270606320450292,15.133662819862366,0.6450198124485239,-0.9151986146105351,,
600644,乐山电力,成功,-0.40674626784939405,37.0,0.6770964434022545,-0.14613959335234455,,
600645,中源协和,成功,0.06704883039057546,28.0,0.5646974096676723,0.07895620187386566,,
600648,外高桥,成功,-0.54760274536786,10.0,0.5690962546795537,-1.134845241391143,,
600649,城投控股,成功,-0.3528580508990158,23.0,0.49883047969929833,-0.28816734936722566,,
600650,锦江在线,成功,-0.179660291314176,28.1,0.5726446410437702,-0.0020246866712907634,,
600651,飞乐音响,成功,-0.09369919292942636,27.20890200138092,0.5514468977477204,0.0031645332315337078,,
600653,申华控股,成功,0.8572901180745239,22.851858019828796,0.3721272538669976,0.4126795235890016,,
600654,中安科,成功,-0.20563468123548664,34.0,0.5473621877813629,0.00613152646042391,,
600655,豫园股份,成功,-0.5845177422729814,18.0,0.6913614311757499,-0.7415535089661937,,
600657,信达地产,成功,-0.2053537201787105,28.88293342590332,0.5777154848715756,-0.06727129033929119,,
600658,电子城,成功,-0.16730870683003987,28.05,0.5483959978786997,-0.012737604845584212,,
600660,福耀玻璃,成功,0.40674951195527564,19.0,0.3215984202712116,0.2547964783282627,,
600661,昂立教育,成功,-0.5944373900329419,28.295824646949768,0.5989123605218735,-0.4262262310099899,,
600662,外服控股,成功,-0.4519943243362391,14.702171444892883,0.567632340302071,-0.5165368508498406,,
600663,陆家嘴,成功,-0.6610054835338312,18.2,0.7530495731097863,-1.0898523945801766,,
600664,哈药股份,成功,-0.32999361636623215,16.5,0.40351729607325215,-0.2194641769671584,,
600665,天地源,成功,-0.5267424618567573,31.78145730495453,0.688796708539759,-0.33425865851122527,,
600666,奥瑞德,成功,0.3705342434900545,41.0,0.4387625094106953,0.26179486485063186,,
600667,太极实业,成功,-0.06393282871378528,27.915684044361115,0.7183471483435251,0.035675332980387116,,
600668,尖峰集团,成功,-0.4255883604563412,16.936796844005585,0.5426372898242114,-0.42762568588956257,,
600671,天目药业,成功,1.3244315334608185,23.5,0.41330223836977426,0.56210349064727,,
600673,东阳光,成功,1.5704523790892333,37.5,0.5327583430273318,0.5754558160613276,,
600674,川投能源,成功,0.31651409252488405,14.0,0.35260907659779595,0.20530136289457948,,
600675,中华企业,成功,-0.6573856610550571,21.53951323032379,0.7112777580114177,-0.6701541865773941,,
600676,久事动娱,成功,-0.14959958705711907,27.656176924705505,0.6162527879377149,-0.010830848779150267,,
600678,ST金顶,成功,-0.6531765057189938,44.3208726644516,0.7540700816014969,-0.3841358881760846,,
600679,上海凤凰,成功,-0.08862967699413013,30.36619017124176,0.6456328301944791,-0.004152969566057488,,
600681,百川能源,成功,-0.5148903127231272,16.0,0.6061989365710349,-0.47266363035523384,,
600682,南京新百,成功,-0.28855464496934174,20.1,0.5652637732705562,-0.19906150358373303,,
600684,珠江股份,成功,-0.3177267270589735,32.3,0.581092042152989,-0.10729825238239848,,
600683,京投发展,成功,0.12039168485926276,37.16324836015701,0.6837502705008539,0.156658361202061,,
600685,中船防务,成功,-0.39922067639852343,24.0,0.5402028260033467,-0.34882810316063256,,
600686,金龙汽车,成功,0.43845003710806457,29.54176938533783,0.5656329260942029,0.28933244292839555,,
600688,上海石化,成功,-0.6956421275114402,18.0,0.7016682035138565,-0.9585562942115855,,
600689,上海三毛,成功,-0.023243538121100863,30.373914122581482,0.403008820147557,0.07823933932831696,,
600690,海尔智家,成功,-0.4825302132065171,17.0,0.6912910318943248,-0.5358560756900966,,
600691,潞化科技,成功,-0.06678686881250018,30.0,0.6685158650928256,0.0530118929302537,,
600692,亚通股份,成功,-0.4587110826581627,24.314536809921265,0.5506827646898261,-0.2586576888047662,,
600693,东百集团,成功,-0.10142181342594762,33.23548078536987,0.6878392063585704,0.019824844597277808,,
600694,大商股份,成功,-0.4820269877392801,18.0,0.5789481386877391,-0.4655706299314347,,
600697,欧亚集团,成功,-0.2374435317124077,19.2,0.5777591462936835,-0.1765626737218007,,
600698,湖南天雁,成功,2.534897806537103,44.0989732503891,0.3743149311412496,0.6898178519788377,,
600699,均胜电子,成功,0.387719571412912,31.0,0.4331263630536332,0.25001692790062985,,
600702,舍得酒业,成功,0.23908078874745667,30.95,0.6813218006996089,0.178129438320889,,
600703,三安光电,成功,-0.29507218003121044,21.0,0.5704252331050735,-0.14125777375487394,,
600704,物产中大,成功,-0.3110119309776592,12.0,0.4733786624901458,-0.2717477427279002,,
600706,曲江文旅,成功,0.011133573072351865,35.20199644565582,0.5848348277476562,0.1082550452183909,,
600707,彩虹股份,成功,0.1262705748088844,40.242082476615906,0.6683006796306631,0.1825069812261187,,
600708,光明地产,成功,-0.2909989869707258,24.59112322330475,0.5791204652518276,-0.1715931652097225,,
600710,苏美达,成功,0.47769478792885234,23.1,0.3356244750764733,0.28388933633803914,,
600711,盛屯矿业,成功,1.6202422893563813,51.0,0.48766108805022423,0.5530263516623595,,
600712,南宁百货,成功,0.004240896867737174,33.61145458221436,0.543639065049372,0.08563183776230494,,
600713,南京医药,成功,0.011914326850847866,13.5,0.3395925049082404,0.026422024877565176,,
600714,金瑞矿业,成功,2.6117123436488154,40.46404016017914,0.5623827921798941,0.6828984513626847,,
600715,文投控股,成功,-0.42520722444942816,38.0,0.6815656013900095,-0.20435078212516167,,
600717,天津港,成功,-0.4748125601205635,15.0,0.5156497584282471,-0.5684559019775378,,
600716,凤凰股份,成功,-0.029388613864521903,20.413353085517883,0.5199812269122649,0.022437577492472365,,
600718,东软集团,成功,-0.45706454025829124,25.201438546180725,0.5532896700948902,-0.3440788768806791,,
600719,大连热电,成功,-0.6592165060355719,37.0,0.6779624143396343,-0.45883081363051137,,
600720,中交设计,成功,-0.6243853036556464,14.89586889743805,0.712101376080769,-0.8519259098980032,,
600721,百花医药,成功,-0.15457802915629276,34.0,0.6123467775617067,-0.013740403034154787,,
600722,金牛化工,成功,0.17067356608137138,39.1,0.5566138634055042,0.1743504976417461,,
600724,宁波富达,成功,0.25110455308300983,32.23619196414948,0.5195334298754695,0.20548266017302833,,
600725,云维股份,成功,0.026964420789029827,36.03282127380371,0.5460075046891311,0.09978267722963317,,
600726,华电能源,成功,0.3880493394258886,38.02903909683228,0.4490767338407679,0.2677329854927129,,
600727,鲁北化工,成功,-0.3485054738917861,24.0,0.6600554344218372,-0.13016001718121112,,
600728,佳都科技,成功,0.29495158786918313,14.0,0.28823934644342863,0.20054816371730055,,
600729,重百集团,成功,-0.12310357855420967,16.0,0.49660991777000074,-0.08290198067916733,,
600730,*ST高科,成功,-0.11881709558415009,40.0,0.641999433554651,0.035894285972866515,,
600731,湖南海利,成功,0.2490373086113742,20.95,0.3947934693354837,0.17600218204286597,,
600732,爱旭股份,成功,-0.0835496589152918,36.658615303039554,0.5780768618675897,0.06432596041880802,,
600733,北汽蓝谷,成功,-0.020339364188220497,35.0,0.6476926346721216,0.10704314770606854,,
600734,*ST实达,成功,-0.7606509697555922,31.0,0.8279536371602781,-0.40257762592423774,,
600735,ST新华锦,成功,-0.47408184345304427,33.58945989608765,0.6631626695727434,-0.1973677251831669,,
600736,苏州高新,成功,-0.5801295862276805,22.0,0.6482869013754741,-0.489265944447173,,
600737,中粮糖业,成功,0.5174562265165712,16.0,0.3808314538900583,0.2878908450754408,,
600738,丽尚国潮,成功,1.066368864537873,22.2,0.37533935179214795,0.4641429629063435,,
600739,辽宁成大,成功,-0.007288811138884193,16.0,0.3562773255456127,-0.053534202171716644,,
600740,山西焦化,成功,-0.6388274628198131,31.718163681030273,0.670358034138986,-0.3995114262598277,,
600741,华域汽车,成功,-0.34316586928114196,13.0,0.5684629408305343,-0.33585478714396444,,
600742,富维股份,成功,-0.6366982544177847,22.0,0.7073039091242489,-0.7085528632875132,,
600743,华远控股,成功,-0.6752561967556531,28.1,0.702502976831276,-0.5812098802791197,,
600744,华银电力,成功,0.6623039573592049,43.734903049469,0.6424290039156019,0.3461625864258929,,
600745,*ST闻泰,成功,-0.0146689834200326,20.0,0.5156484413653832,0.005100873528764833,,
600746,江苏索普,成功,0.17320369133008542,26.0,0.6037708360920665,0.1576191352505136,,
600748,上实发展,成功,-0.5152443471161439,28.1,0.5186675295529962,-0.40785220187701177,,
600749,西藏旅游,成功,-0.3777993432773251,28.2,0.7349918582432855,-0.12308118443189829,,
600750,华润江中,成功,1.3068689098588218,18.55,0.32087573758137017,0.5285676383503998,,
600751,海航科技,成功,0.1950118188256926,24.1,0.5677043247845561,0.17842562889102764,,
600753,ST海钦,成功,-0.05390692916003376,33.907106375694276,0.6530337080243738,0.06520388881185331,,
600754,锦江酒店,成功,-0.12596088300782984,14.0,0.604307919955811,-0.053591888381321194,,
600755,厦门国贸,成功,-0.17243302799880766,15.271528959274292,0.44380026697935365,-0.13221062526313082,,
600756,浪潮软件,成功,-0.0004260908091800229,22.0,0.3844595218110938,0.05781022152294047,,
600757,长江传媒,成功,-0.2505061389117158,19.0,0.6176111550423035,-0.14287274233410188,,
600758,辽宁能源,成功,0.041961544511976534,25.49165940284729,0.4160730603098539,0.12078771344830615,,
600759,ST洲际,成功,0.6091547846419917,32.773412227630615,0.5069228302274529,0.3326988652910633,,
600760,中航沈飞,成功,-0.45423935823256834,16.0,0.7393112822908405,-0.238787954231357,,
600761,安徽合力,成功,0.013493907965774269,28.0,0.36663911235053454,0.05512730413407605,,
600763,通策医疗,成功,0.05112168516039878,25.376432609558105,0.6674922335141106,0.06299685872503194,,
600764,中国海防,成功,-0.30921080604015094,17.0,0.614902119443577,-0.21419592599929593,,
600765,中航重机,成功,0.16429881071829572,29.0,0.6867693058912374,0.16601202031061343,,
600768,宁波富邦,成功,-0.3817335995111879,25.10640060901642,0.47618822223276447,-0.2315004722976396,,
600769,祥龙电业,成功,0.7655279930619078,35.86741538047791,0.44890051651655233,0.37546716665644775,,
600770,综艺股份,成功,-0.32046620229997147,34.95,0.5614021818799898,-0.0962851654837507,,
600771,广誉远,成功,-0.2371861473432058,24.2,0.596110261558454,-0.08723892541067926,,
600773,西藏城投,成功,1.4123856709927196,37.34540867805481,0.7274589603099518,0.526437065124308,,
600774,汉商集团,成功,-0.08020828411566967,19.33250937461853,0.5947895493941967,0.015081284795000325,,
600775,南京熊猫,成功,-0.6474759081492076,33.2,0.6890529449714191,-0.42630444738536744,,
600777,新潮能源,成功,-0.17368191947129452,30.240704512596132,0.6467145902571085,-0.008814093230602182,,
600776,东方通信,成功,-0.6841245116181787,32.0,0.7758463601014148,-0.5558229835156049,,
600778,友好集团,成功,-0.2766289573848265,30.226381039619447,0.5255766168146302,-0.0739926313491114,,
600779,水井坊,成功,-0.1301513280247913,24.0,0.45502882414072054,-0.030992032433568587,,
600780,通宝能源,成功,1.076960906693171,28.28999614715576,0.43896079228606344,0.4771178610919998,,
600782,新钢股份,成功,-0.3017276448977804,18.0,0.7019373482209311,-0.18241888922530547,,
600783,鲁信创投,成功,-0.42929067770570584,26.95,0.6243368641439575,-0.287615609114817,,
600784,鲁银投资,成功,-0.10745722742868398,20.5,0.44259703485131047,-0.011079246069191565,,
600785,新华百货,成功,-0.7006923245764575,28.0,0.7536032088489582,-0.5515197356256749,,
600787,中储股份,成功,-0.2749486098714979,19.0,0.5021854337247138,-0.20608851115249383,,
600789,鲁抗医药,成功,-0.24528093677559706,21.0,0.6138817644754623,-0.14762382504542665,,
600790,轻纺城,成功,-0.13598358899297308,18.0,0.3474879016430312,-0.10341799195538544,,
600791,京能置业,成功,-0.21500395594579416,44.37457025051117,0.5775985027542885,-0.06388781670404085,,
600792,云煤能源,成功,1.4059644648328904,41.220947432518,0.5552309803425848,0.5059603950979115,,
600793,宜宾纸业,成功,-0.631940019790697,33.95,0.6356499344233569,-0.34538971030931603,,
600794,保税科技,成功,-0.4248598539905768,21.0,0.5571010690088186,-0.2801148205185631,,
600795,国电电力,成功,0.4610112258090271,26.081159472465515,0.3642630499781268,0.27954865691966646,,
600796,钱江生化,成功,-0.4918930517156128,19.0,0.6362965723516524,-0.3517804715657803,,
600797,浙大网新,成功,-0.3899425320560591,29.0,0.6717711305585832,-0.1681286766786493,,
600798,宁波海运,成功,0.3236052605957055,29.468447780609132,0.663548061888759,0.22944494499029766,,
600800,渤海化学,成功,-0.17162023598410467,25.233803749084473,0.6075913043655575,-0.05510752083682814,,
600801,华新建材,成功,-0.754716970763728,20.95,0.8105628719298588,-0.9452951018070447,,
600802,福建水泥,成功,-0.49774946118905383,21.95,0.6122192021405601,-0.4153216557368257,,
600803,新奥股份,成功,0.06150080674355806,18.0,0.5285132550304817,0.0910666826322719,,
600805,悦达投资,成功,-0.5337672420160616,23.1,0.702245510436434,-0.400552228807977,,
600807,济高发展,成功,-0.6003781026472804,28.217251420021057,0.7247864425432162,-0.40057900829128257,,
600808,马钢股份,成功,0.17611316756530404,24.0,0.6730968501176342,0.16312202460501585,,
600809,山西汾酒,成功,0.18587757522716172,27.05253858566284,0.8185782508570594,0.15855254497514337,,
600810,神马股份,成功,0.31915920232529665,23.0,0.4724325887862658,0.22001160820806737,,
600812,华北制药,成功,-0.48906150581204466,19.0,0.6276536172932806,-0.4325348849554003,,
600814,杭州解百,成功,0.24993591827560696,30.213441967964172,0.46369032521355946,0.19199751098108236,,
600815,厦工股份,成功,-0.10350966673165021,39.25,0.6342552069924313,0.02523406904042462,,
600816,建元信托,成功,-0.7293194429955573,28.6,0.8480146478122916,-0.6221039930803736,,
600817,宇通重工,成功,-0.3129157148914237,29.0,0.556978956352743,-0.17808852319997048,,
600818,ST中路,成功,-0.138245482966289,29.583875393867494,0.6555304010214561,-0.029606959750506624,,
600819,耀皮玻璃,成功,-0.46215725109349304,32.306206941604614,0.8307472018884159,-0.2708073445746885,,
600820,隧道股份,成功,-0.40962354678421775,14.0,0.48335817857438745,-0.47237953947633793,,
600821,金开新能,成功,-0.17925774331665306,26.0,0.6493296955233249,-0.01739072310747143,,
600822,上海物贸,成功,-0.5499601770293769,26.0,0.6767811573968691,-0.43203588328101117,,
600824,益民集团,成功,-0.32756302804417164,24.261013746261597,0.6115981271694498,-0.11469692968592167,,
600825,新华传媒,成功,-0.490076189857373,25.19321572780609,0.7039992505845247,-0.2751331387817909,,
600826,兰生股份,成功,-0.42605726345919814,23.42436044216156,0.5669078603735909,-0.35553155603790093,,
600827,百联股份,成功,-0.08907769424798709,18.0,0.4267927336110593,-0.04603845637466778,,
600828,茂业商业,成功,-0.5075667189917601,39.3,0.5500327987986589,-0.27040609373599583,,
600829,人民同泰,成功,-0.5083994751526745,26.76704251766205,0.5409627530791691,-0.2986271282264099,,
600830,香溢融通,成功,-0.09302269220775415,25.868010222911835,0.44276766076248514,0.038443231235149436,,
600833,第一医药,成功,0.29978827967307314,28.104683995246887,0.31712112102286427,0.21178425376380924,,
600831,广电网络,成功,-0.36031363620232837,19.0,0.6279021861684054,-0.22852361114570738,,
600834,申通地铁,成功,-0.7736663868855389,29.12727415561676,0.7846324289413036,-0.9004971834430738,,
600835,上海机电,成功,-0.274657855846103,22.05,0.5775971920887094,-0.1809986023362118,,
600838,上海九百,成功,-0.4155314938664342,26.196175575256348,0.7454783283152774,-0.18516177983448517,,
600839,四川长虹,成功,0.13483494120281028,43.37079727649689,0.45360513086381177,0.1677758812458213,,
600841,动力新科,成功,1.1867945650550755,33.74136347770691,0.5390206699911966,0.4967888269725362,,
600843,上工申贝,成功,-0.7369760207211622,31.784537076950073,0.7682225772181311,-0.5825399392916495,,
600844,金煤科技,成功,-0.5038897851723214,36.0,0.7268047309316109,-0.19742152031012494,,
600845,宝信软件,成功,-0.5646360398674842,11.0,0.6079739644463367,-0.8423888217210076,,
600846,同济科技,成功,-0.30222198845331016,21.95,0.5507142774814506,-0.17860022832152908,,
600847,万里股份,成功,-0.32609526415789425,33.28189158439636,0.6353895277804847,-0.15167508291625614,,
600848,上海临港,成功,-0.29406151315789697,12.0,0.5231140186549212,-0.32481283118698634,,
600850,电科数字,成功,-0.38147231953556837,24.0,0.6194769067972754,-0.23694334702200026,,
600851,海欣股份,成功,-0.34651682387294463,20.0,0.5883491227112044,-0.15989719979107586,,
600853,龙建股份,成功,-0.5933457344303896,37.97021231651306,0.6650141032504815,-0.3763878653280717,,
600854,春兰股份,成功,0.38804686574838854,25.0,0.4222445691381744,0.24766515982835938,,
600855,航天长峰,成功,0.08984780751516636,27.0,0.5636829804741089,0.11768746352371383,,
600857,宁波中百,成功,0.46012625762101206,28.6,0.5825957046461671,0.2805472981471538,,
600858,银座股份,成功,0.38676514500573217,20.95,0.3432873273236448,0.24649535715682658,,
600859,王府井,成功,-0.3779326885133818,18.0,0.6942064961880641,-0.34991961321112175,,
600860,京城股份,成功,0.9031692277344374,35.9,0.5733978640605248,0.41171762917195626,,
600861,北京人力,成功,-0.04411725282030427,19.0,0.42891509665198874,0.052192695565091145,,
600863,华能蒙电,成功,-0.07706103065782169,25.782668352127075,0.4309463437409995,0.030633130902917367,,
600862,中航高科,成功,-0.3583087444144251,20.95,0.7406659665126027,-0.22172324328120951,,
600864,哈投股份,成功,-0.7514671918435136,25.0,0.7713780371039809,-0.8052827880771574,,
600865,百大集团,成功,-0.3021584469316965,28.142679929733276,0.5910680324441775,-0.11817167639919637,,
600866,星湖科技,成功,-0.12461653621285994,25.1,0.5520281303462005,-0.002528225618857271,,
600867,通化东宝,成功,-0.32077272402386575,14.5,0.46998362695637586,-0.35551878776263907,,
600868,梅雁吉祥,成功,-0.48393585126826666,26.0,0.5263920863714143,-0.2903926910549215,,
600869,远东股份,成功,0.348584560576349,34.05,0.7089241239551367,0.24064321154679613,,
600871,石化油服,成功,-0.2628744955350965,24.548957109451294,0.601959289988091,-0.12640444001627477,,
600872,中炬高新,成功,-0.2488593974498198,12.0,0.5209965398179023,-0.2706398090047852,,
600873,梅花生物,成功,0.39975063564588226,21.95,0.4110766014924173,0.2507457262749384,,
600874,创业环保,成功,-0.44388802797817195,11.0,0.4862104423678578,-0.4322975065375027,,
600875,东方电气,成功,0.833491412026423,25.1,0.4945185057446537,0.39061211004037183,,
600876,凯盛新能,成功,-0.17955267505119568,24.0,0.5797540248592676,-0.09257373783716381,,
600877,电科芯片,成功,0.4780141025837074,25.0,0.47867641846376374,0.27872072934061826,,
600879,航天电子,成功,2.780829829994556,28.95382342338562,0.3035026753317151,0.7527882229298936,,
600880,博瑞传播,成功,-0.06438656668748867,32.3,0.5026740227017141,0.07712768129368382,,
600881,亚泰集团,成功,-0.08038177027343525,22.401295161247255,0.5401446546245738,-0.022102552021737217,,
600882,妙可蓝多,成功,0.8080924133574008,19.0,0.5525789109919296,0.41318497274984206,,
600883,博闻科技,成功,-0.6169669367312374,18.95,0.7235755978935009,-0.5714772297582246,,
600884,杉杉股份,成功,-0.2025097477534812,34.95,0.6445950575156097,-0.025481010080842106,,
600885,宏发股份,成功,-0.36276005076915263,21.45,0.6481997261498037,-0.19419438727254268,,
600886,国投电力,成功,0.11709099238015173,15.0,0.4066454541873625,0.07553827687132773,,
600887,伊利股份,成功,-0.21851734486713512,6.0,0.3485554965924885,-0.3971409827978669,,
600888,新疆众和,成功,-0.0646018900876533,28.0,0.6628644497468041,0.09172474309277906,,
600889,*ST京化,成功,-0.718874098842841,30.5,0.8080426799223034,-0.5675498156481075,,
600892,大晟文化,成功,0.04103200455694372,31.334455609321594,0.3946184472676928,0.12453300458486714,,
600893,航发动力,成功,0.47123749992952013,16.0,0.5376349094944529,0.2820959539302064,,
600894,广日股份,成功,-0.12806988949385895,19.1,0.3650531599270398,-0.09006709375455249,,
600895,张江高科,成功,0.3188184605695828,32.0,0.5509209314560015,0.22496491136377406,,
600897,厦门空港,成功,-0.26493364752334164,13.0,0.42249263076149296,-0.23124424701143434,,
600900,长江电力,成功,0.31418201278856783,6.0,0.2253468650337562,0.21405018195586978,,
600901,江苏金租,成功,-0.3277730366569807,12.5,0.5563093177366963,-0.259365323367765,,
600905,三峡能源,成功,-0.46025174082453074,5.771540641784668,0.5296406918975908,-0.7885396899968271,,
600906,财达证券,成功,-0.5182782517205026,13.624600410461426,0.6164864105821882,-0.6508890880479931,,
600903,贵州燃气,成功,-0.6743920233343375,21.0,0.6981140854103298,-0.7909283145820946,,
600916,中国黄金,成功,-0.3922175721605607,12.0,0.45572726017830795,-0.4449827574538692,,
600908,无锡银行,成功,-0.46289554580523007,14.0,0.5449571736942656,-0.5895227640165197,,
600909,华安证券,成功,-0.4590667732793242,20.0,0.5113354484731266,-0.34629038460446615,,
600917,重庆燃气,成功,-0.4102198121813232,18.0,0.6043228891906312,-0.3808428071725589,,
600925,苏能股份,成功,-0.3264560955010049,4.0,0.3395039931901026,-1.0928269606602472,,
600918,中泰证券,成功,-0.4951963872554507,9.95,0.568224292863041,-0.7181994665634852,,
600919,江苏银行,成功,0.1999512569629267,14.5,0.4582940418449319,0.13916477212973566,,
600927,永安期货,成功,-0.20883552183542284,12.0,0.33234110480681117,-0.18664964529742747,,
600926,杭州银行,成功,0.1870372821870637,17.5,0.5679261810422209,0.12937779350559023,,
600930,华电新能,成功,-0.18324699449153123,2.0,0.22911051212937997,-1.251242716054055,,
600928,西安银行,成功,-0.24207770272112145,6.0,0.3658655402500961,-0.31563304872836695,,
600929,雪天盐业,成功,-0.3872903290548212,20.0,0.5859443800409967,-0.3513334663656189,,
600935,华塑股份,成功,-0.1761053493673961,11.1,0.37032854908509066,-0.18265082079377487,,
600933,爱柯迪,成功,-0.06944602712164924,29.85143893957138,0.5174945937729353,0.0634455362322227,,
600938,中国海油,成功,0.3442532065392635,12.0,0.4422663289736475,0.33730342886211545,,
600936,北投科技,成功,1.5194286337077152,33.5590300321579,0.36459560493650073,0.5470545156357631,,
600941,中国移动,成功,0.5491303383159784,8.0,0.20177272801506735,0.48707176012779346,,
600939,重庆建工,成功,-0.37702151667855976,29.0,0.6103680054938726,-0.20064551810689277,,
600955,维远股份,成功,-0.3623256592170613,11.0,0.4384321597703199,-0.5257169070581258,,
600956,新天绿能,成功,0.06993194447254296,21.1,0.6005924577248334,0.09670392772953537,,
600958,东方证券,成功,-0.3129406195739581,27.1,0.4358047767569555,-0.2257403124068064,,
600959,江苏有线,成功,-0.1641803537262429,12.0,0.4012458779677042,-0.11817053798865501,,
600960,渤海汽车,成功,0.10731153663746255,34.70041344165802,0.40913435231804,0.14109021427482374,,
600961,株冶集团,成功,0.1957052720391548,40.0,0.46490448960018865,0.1950703577829987,,
600962,国投中鲁,成功,0.9413269645287548,31.66877019405365,0.45398136780323634,0.4241803261904111,,
600963,岳阳林纸,成功,-0.17042476766302891,28.0,0.6102031385408626,-0.025526199271045383,,
600965,*ST福成,成功,-0.3740298429121448,25.236343264579773,0.6435752372030664,-0.2640372335750785,,
600966,博汇纸业,成功,0.11048400056710234,17.1,0.5391978605212995,0.09246781974013601,,
600967,内蒙一机,成功,0.5721378475080352,23.228246545791627,0.480798612024817,0.3221559959998845,,
600968,海油发展,成功,0.21342372245934427,24.0,0.4356865541591567,0.16424595851914972,,
600969,郴电国际,成功,-0.14789495731727556,28.408667540550233,0.4676368987562488,-0.029982016190003208,,
600970,中材国际,成功,-0.11006703580551243,20.0,0.5835147047074195,-0.0004297614390452534,,
600971,恒源煤电,成功,1.3434546559495892,26.6,0.36880179222569837,0.5241130886850451,,
600973,宝胜股份,成功,0.1357419873716004,24.95,0.5788580803172237,0.14925240774109483,,
600975,新五丰,成功,-0.7079758726964707,24.05,0.7117893887277501,-0.7780812157751089,,
600976,健民集团,成功,-0.09483201483256402,26.1,0.5670069979878483,-0.010928108634957684,,
600977,中国电影,成功,-0.025464743172485323,22.133928179740906,0.5252687259639435,0.03372977262841097,,
600979,广安爱众,成功,-0.12567634710307,29.0,0.5110420384228792,0.004585034499921733,,
600980,北矿科技,成功,-0.4403494579226952,21.1,0.6859398950938447,-0.2526221444474201,,
600981,苏豪汇鸿,成功,-0.5050988180039113,22.123749017715454,0.6780019741150183,-0.3202131424024247,,
600982,宁波能源,成功,0.9192362275411521,30.510672998428344,0.43156308189298775,0.41960777227652146,,
600983,惠而浦,成功,-0.10608371212836297,25.214735126495363,0.5606713533556943,-0.011993736150100902,,
600984,建设机械,成功,-0.0016396171366851195,19.1,0.4444893314544726,0.04505301675172471,,
600985,淮北矿业,成功,0.08931775655521298,26.78424129486084,0.5331968725289518,0.11815114363273617,,
600986,浙文互联,成功,-0.28006902642147513,49.39041757583618,0.706285254119229,-0.024260130060712315,,
600987,航民股份,成功,-0.3174329768517577,16.0,0.4722570459093822,-0.26840316127177216,,
600988,赤峰黄金,成功,0.621643386329216,33.1,0.4844620470810297,0.3342096259100894,,
600989,宝丰能源,成功,-0.12511445791570863,28.0,0.5909498545865887,0.0003169327933002333,,
600990,四创电子,成功,0.0032888628381198214,26.0,0.40946343045567213,0.031148265274808264,,
600992,贵绳股份,成功,0.2716564634539229,35.05536458492279,0.6540563759901946,0.21364631864109995,,
600993,马应龙,成功,-0.13591340806056237,14.95,0.5278343555452067,-0.07649072555359024,,
600995,南网储能,成功,-0.12620091235641695,25.0,0.6932944648800758,0.11919175959377226,,
600996,贵广网络,成功,-0.17789705694507546,35.778747415542604,0.519682678439947,-0.020278203805334422,,
600997,开滦股份,成功,-0.6086696199607666,30.21846377849579,0.7533454429760484,-0.45996041962082246,,
600998,九州通,成功,-0.5232231302439473,7.0,0.5612230330846429,-0.5543034606148799,,
600999,招商证券,成功,0.29908597992759023,9.5,0.3129603729156302,0.19391445045627956,,
601000,唐山港,成功,0.08121138925222214,17.0,0.38618931411631136,0.08075734092673399,,
601001,晋控煤业,成功,0.7434982333566432,39.5,0.4582391461969689,0.37076621373521107,,
601002,晋亿实业,成功,-0.3538877074522939,16.0,0.5321231778276562,-0.2304053622452458,,
601003,柳钢股份,成功,0.052432990774851786,19.0,0.5385178783639576,0.06790665820642797,,
601005,重庆钢铁,成功,-0.4865622434253409,20.0,0.5925325622626807,-0.3601463671791262,,
601006,大秦铁路,成功,-0.3200318369901403,7.0,0.32526627632070293,-0.5840864613681149,,
601007,金陵饭店,成功,-0.5811295121383281,22.32574439048767,0.6377250631369088,-0.3668767629986323,,
601008,连云港,成功,-0.35492518766543113,22.1,0.4791268843118941,-0.18641321210979708,,
601009,南京银行,成功,0.5227888946539003,11.5,0.25047950525583906,0.31834468889569434,,
601010,ST文峰,成功,-0.3203194441406858,18.0,0.5048985687171731,-0.23144395244835955,,
601011,宝泰隆,成功,0.4696067127094325,30.585617423057556,0.5251172373669851,0.28996571774796975,,
601012,隆基绿能,成功,-0.09078536541308203,18.073453974723815,0.6073880410528922,-0.016944149712356884,,
601015,陕西黑猫,成功,1.5030718926456537,31.7613924741745,0.533837816006593,0.5362759587985183,,
601016,节能风电,成功,-0.3630238386711527,34.0,0.6110067128369776,-0.14682123375069336,,
601018,宁波港,成功,-0.13785340045104238,8.0,0.4087303165258512,-0.12806225167392768,,
601022,宁波远洋,成功,-0.6061177776265119,10.0,0.6322638211225984,-0.9444582895081701,,
601019,山东出版,成功,-0.3966500736144727,18.0,0.504237093661539,-0.3436130757568957,,
601026,道生天合,成功,-0.12514870589334576,2.0,0.12514870589334576,-2.6858291146053395,,
601033,永兴股份,成功,-0.05025355032772379,3.0,0.17414403778040105,-0.12584721764157464,,
601020,华钰矿业,成功,0.1747833610748386,47.1,0.5327075084172549,0.18418904871797412,,
601021,春秋航空,成功,-0.03095503729037853,12.0,0.5091425104936831,-0.035887558701353,,
601059,信达证券,成功,-0.41078874484206795,8.0,0.49779553988923747,-0.6474907494858271,,
601061,中信金属,成功,0.15156708956391157,14.10532021522522,0.38976950125279713,0.2326402358033196,,
601038,一拖股份,成功,-0.3157302865918689,24.807260870933533,0.5453582649069568,-0.10891666020719064,,
601065,江盐集团,成功,-0.40118355920656934,6.0,0.40118355920656934,-1.133287653439312,,
601058,赛轮轮胎,成功,0.7769294826101704,25.95,0.5013434955196908,0.38346024922321115,,
601066,中信建投,成功,-0.4227217557422991,18.5,0.5471640248227319,-0.5237772904204564,,
601068,中铝国际,成功,-0.4187381404442512,36.1,0.6031451307365185,-0.20418193113808686,,
601083,锦江航运,成功,0.2689095511775464,7.0,0.21093756151849646,0.42999166074349565,,
601069,西部黄金,成功,-0.29325386402663395,27.119494915008545,0.6648690578932216,-0.12263794032507203,,
601077,渝农商行,成功,0.11068877631929078,8.5,0.35745319862611036,0.05685805849289836,,
601096,宏盛华源,成功,0.10601239746359133,8.932954668998718,0.32382559470913996,0.22286286426779442,,
601089,福元医药,成功,0.49212743956248245,10.95,0.30642912637183595,0.4502363487576661,,
601086,国芳集团,成功,0.1555410169488343,34.299487352371216,0.5187489752507614,0.18245220644173465,,
601088,中国神华,成功,0.43013745057804714,19.5,0.35253987958884875,0.26833652000152486,,
601098,中南传媒,成功,-0.2679182967434621,15.0,0.44638688814606314,-0.21816410493694238,,
601099,太平洋,成功,-0.7273916679443461,22.18829572200775,0.7292823028063455,-0.9137883177804798,,
601100,恒立液压,成功,0.08597029724425534,23.6,0.5029048347602411,0.1432828455665953,,
601101,昊华能源,成功,0.45628439825608397,39.74177420139313,0.5864069713576752,0.2874976407569499,,
601106,中国一重,成功,-0.14614131787142046,20.1,0.4693378250865448,-0.06959956979480339,,
601112,振石股份,数据不足,,,,,,
601107,四川成渝,成功,-0.07487283230884378,17.918461239337923,0.3542394671454768,-0.024559329773131057,,
601108,财通证券,成功,-0.5250655479774621,16.5,0.6902035600999369,-0.5660835317347654,,
601111,中国国航,成功,-0.05818698613785397,16.0,0.43225245918934374,0.01178864502297303,,
601113,华鼎股份,成功,-0.1332961119187127,16.0,0.45378574971675556,-0.032781135697379546,,
601116,三江购物,成功,-0.27591414712681595,34.9968722820282,0.5990469773940502,-0.05246175496380359,,
601117,中国化学,成功,-0.12871738934357607,21.0,0.5353203076911207,-0.033940759626310775,,
601121,宝地矿业,成功,-0.28767739035134043,12.0,0.33770800202449697,-0.3462254215779303,,
601118,海南橡胶,成功,0.05574190032986444,16.0,0.30264603093689657,0.1008647966263978,,
601133,柏诚股份,成功,-0.023891377186593017,22.0,0.4668065952717988,0.09424657775931547,,
601127,赛力斯,成功,2.8788859616639617,36.0,0.4611853423489824,0.7506594551527725,,
601126,四方股份,成功,-0.07341040218397495,38.90714251995087,0.7371393789087348,0.09303496176840607,,
601128,常熟银行,成功,-0.5130699351699882,15.0,0.6040321634309385,-0.53099066817913,,
601136,首创证券,成功,-0.02437990289783469,11.0,0.32050097521194376,0.02627700984996236,,
601137,博威合金,成功,-0.4419598784001454,34.0,0.6952105803610303,-0.23216340363029947,,
601138,工业富联,成功,4.661035548802041,24.95,0.4244967359578233,1.0269784880917503,,
601139,深圳燃气,成功,-0.43604504127997346,12.1,0.5882450445129345,-0.3625987600132934,,
601155,新城控股,成功,0.001459464347467874,17.0,0.5091011710322407,0.04341452088013073,,
601156,东航物流,成功,-0.06193427823518388,8.5,0.325960264925035,-0.06817144880418348,,
601158,重庆水务,成功,-0.13726906278141557,8.0,0.4342928343516378,-0.1828484321317506,,
601162,天风证券,成功,0.07963785044536519,21.526154279708862,0.453168115111466,0.08633506071967266,,
601163,三角轮胎,成功,0.27132955838408074,10.0,0.3174338243762521,0.17794917278569805,,
601166,兴业银行,成功,-0.35485503594977164,14.0,0.5287472844012732,-0.43864856976175975,,
601168,西部矿业,成功,1.1196432400998164,39.5,0.4976296959018461,0.46432980249214795,,
601169,北京银行,成功,0.1253117516692121,5.0,0.27850600623970295,0.049895822583868064,,
601177,杭齿前进,成功,-0.24496396051102157,25.0,0.4824155099897191,-0.15324238952973784,,
601179,中国西电,成功,0.3153657978647487,34.0,0.5252902810511982,0.23238090934232503,,
601186,中国铁建,成功,-0.5489909076429346,13.0,0.5491310741483807,-0.7419818428677755,,
601187,厦门银行,成功,-0.2340275407945976,10.5,0.4124146634612166,-0.26822506315658906,,
601188,龙江交通,成功,-0.31287836362079424,17.14260697364807,0.5334785612561807,-0.20023384467920874,,
601198,东兴证券,成功,-0.35402338915797293,16.5,0.6626955742924412,-0.3312963925096349,,
601200,上海环境,成功,-0.638573861329777,10.919606447219849,0.6436311445357804,-1.0978986884816027,,
601199,江南水务,成功,0.4755983242391466,25.6,0.4052760114123561,0.2852148746524052,,
601208,东材科技,成功,2.6668872087850053,33.95,0.6791658523645034,0.6943771123156633,,
601211,国泰海通,成功,-0.15100961082082154,10.5,0.38136178533362586,-0.15331578796266168,,
601212,白银有色,成功,-0.002303572903892782,38.71429619789124,0.6466240809543062,0.08608299346686839,,
601216,君正集团,成功,0.8941585062649453,32.35033557415009,0.6382166102408352,0.39070294381428894,,
601218,吉鑫科技,成功,-0.10916896594666076,32.43090343475342,0.5808468431755885,0.031141559946365072,,
601222,林洋能源,成功,-0.4527009006065943,28.299999999999997,0.7249355599793228,-0.3130884300490299,,
601225,陕西煤业,成功,1.5911129116896179,27.5,0.31071923283921266,0.5964569461166634,,
601226,华电科工,成功,0.04977074250128615,33.0,0.5752481899709808,0.12657325179994441,,
601228,广州港,成功,-0.38259482746843115,7.0,0.471377312023484,-0.38543127891422346,,
601229,上海银行,成功,0.37426753728475365,6.0,0.25423574303050606,0.25742355740195666,,
601231,环旭电子,成功,0.31105375559209525,30.95,0.6449442248569377,0.229890681220669,,
601233,桐昆股份,成功,0.2108051384804968,25.5,0.5970610072898022,0.1677387058168689,,
601236,红塔证券,成功,-0.7491195561922749,14.1,0.7552696811585317,-1.3133781125965935,,
601238,广汽集团,成功,-0.064999656084733,19.0,0.3198787997992858,-0.0532076544157227,,
601279,英利汽车,成功,-0.34623755930784994,17.1,0.6246356153295723,-0.259850874752096,,
601288,农业银行,成功,0.4536434322984473,11.0,0.2783010845701981,0.3023031877157471,,
601298,青岛港,成功,0.4520525938496116,9.5,0.23296685267729905,0.28397668933785797,,
601311,骆驼股份,成功,0.11297983172018271,21.0,0.5211297934625093,0.12573096499629288,,
601318,中国平安,成功,-0.1743756870314524,5.0,0.36644530668946673,-0.323856811203173,,
601319,中国人保,成功,0.09113691576655561,10.0,0.3035365625575465,0.05288745539054952,,
601326,秦港股份,成功,-0.12190179822728081,8.0,0.25883972961482216,-0.0946317843267415,,
601328,交通银行,成功,0.23558585876565047,7.5,0.21733123009822516,0.1507935161701882,,
601330,绿色动力,成功,0.047920102568541914,11.783790111541748,0.437494714906086,0.053789787875778095,,
601333,广深铁路,成功,-0.2613560738429539,12.0,0.454536002256526,-0.20685625723322695,,
601336,新华保险,成功,0.8977724852092895,16.0,0.352004553034921,0.4754843664208022,,
601339,百隆东方,成功,0.6631248584949342,22.5,0.5095550648644313,0.35128379869543525,,
601360,三六零,成功,0.26137022818323324,29.0,0.46976356092338234,0.19983010529732545,,
601366,利群股份,成功,-0.37923197650105234,12.0,0.5610983626584646,-0.5045037212720609,,
601368,绿城水务,成功,-0.3808140048173886,13.0,0.4583068058795782,-0.35835377504100796,,
601369,陕鼓动力,成功,-0.032997302127667646,25.95,0.6716707607857549,0.04314722115575895,,
601375,中原证券,成功,0.10570683245316599,13.628221273422241,0.37665376264958345,0.09069575177478763,,
601377,兴业证券,成功,-0.3941098872697478,17.0,0.6471678841664888,-0.3311615021574259,,
601388,怡球资源,成功,3.2915494200207194,33.0,0.5227327392863091,0.7714842205403436,,
601390,中国中铁,成功,-0.5207430471546033,17.95,0.5327217513732917,-0.5181788918220644,,
601398,工商银行,成功,0.46429581525127606,6.5,0.2327203583679573,0.32247720211919084,,
601399,国机重装,成功,-0.2446915317813655,17.0,0.5453962017046622,-0.12135737381459479,,
601456,国联民生,成功,-0.7790911376830675,16.016246712207796,0.814696562571216,-1.002495140984368,,
601500,通用股份,成功,-0.32370222316463626,10.0,0.44145136062520257,-0.2686073649123651,,
601512,中新集团,成功,-0.6429307556360485,16.0,0.6738985208668231,-0.7954156149483002,,
601515,衢州东峰,成功,-0.7205473218270548,24.1,0.7329271243987756,-0.7176801495173891,,
601518,吉林高速,成功,-0.15636682313461409,12.5,0.5426422815213363,-0.05930373624967506,,
601528,瑞丰银行,成功,-0.4845001939512027,7.95,0.5413197461927253,-0.6171794704407116,,
601519,大智慧,成功,0.07209401912576709,33.3,0.5999947304300683,0.11770082633836829,,
601555,东吴证券,成功,-0.27164971153118356,12.0,0.5189374758871516,-0.22410311680826028,,
601566,九牧王,成功,-0.43430179970503136,31.46768710613251,0.6308189563287242,-0.23571338073958342,,
601568,北元化工,成功,-0.5578122701888093,8.0,0.5934977367343077,-1.1394609736918633,,
601567,三星电气,成功,0.06733111041996206,27.2,0.5374286656748304,0.093395942180877,,
601577,长沙银行,成功,-0.42954634609464737,12.5,0.5510316883741845,-0.5184920725234266,,
601588,北辰实业,成功,-0.6621124520027908,29.0,0.7465394677107119,-0.6444761510576938,,
601579,会稽山,成功,-0.2920987919635934,29.0,0.6788153691639488,-0.09377352298930658,,
601595,上海电影,成功,-0.5736428851917453,31.95,0.6718078335145443,-0.35134315113909065,,
601598,中国外运,成功,0.23311958806799987,27.0,0.3758562148676298,0.1717620916586216,,
601599,浙文影业,成功,-0.29028775086871145,27.148073554039,0.6745072911677361,-0.07176450615504806,,
601600,中国铝业,成功,-0.14666900387881543,41.452850699424744,0.6357339404752027,0.03933432659543623,,
601601,中国太保,成功,0.32928786095697316,16.194753885269165,0.2999359179184529,0.21366794154060392,,
601606,长城军工,成功,0.08228341179109426,29.1,0.5181113260660648,0.12670595254426276,,
601607,上海医药,成功,-0.15628052804879713,13.0,0.4366894091634636,-0.22624291015247242,,
601609,金田股份,成功,-0.5923441534252396,20.0,0.6717959031764091,-0.5114038063128713,,
601608,中信重工,成功,-0.2503780278324365,32.05,0.5053234737780841,-0.10975324260604914,,
601611,中国核建,成功,-0.1053282136203596,23.0,0.5583966984117315,0.01106257941072562,,
601615,明阳智能,成功,0.27422343974902397,35.12223882675171,0.6111793483981801,0.2257299211793014,,
601616,广电电气,成功,-0.6746736773093173,23.798408448696136,0.6814163309640197,-0.556207380066703,,
601618,中国中冶,成功,-0.5123513900774493,23.0,0.6609902301421547,-0.40071379785133343,,
601619,嘉泽新能,成功,-0.06241529798824733,36.1,0.5487499748657657,0.03213470138932826,,
601628,中国人寿,成功,-0.09023922739375528,17.0,0.4791211012187877,-0.060150901451221886,,
601633,长城汽车,成功,1.2857711690401108,26.0,0.4869762679530972,0.5523594831239307,,
601636,旗滨集团,成功,0.5349961500966743,33.19357855319977,0.6918017014260254,0.3058677993089339,,
601665,齐鲁银行,成功,-0.30594535134775985,11.5,0.4258625859885338,-0.3682265984554861,,
601658,邮储银行,成功,-0.11111958212197234,11.0,0.34251406662803113,-0.11170590858405656,,
601666,平煤股份,成功,0.25616424165195245,23.0,0.4903716455024005,0.21006975877807307,,
601668,中国建筑,成功,-0.47904966773971946,14.0,0.485904277374723,-0.5253567995221516,,
601669,中国电建,成功,-0.4149084891878393,21.0,0.6389402337177463,-0.23190335392486358,,
601677,明泰铝业,成功,0.8920151127760715,29.23082504272461,0.46401780701870554,0.4179288909947297,,
601686,友发集团,成功,-0.3305593172968771,9.95,0.44174569121182156,-0.4368095643102621,,
601678,滨化股份,成功,1.1452929442102917,24.1,0.4478507448095845,0.5009159248951743,,
601688,华泰证券,成功,-0.33169103736662653,16.5,0.5778068849379503,-0.3251112932815942,,
601689,拓普集团,成功,-0.598447699191829,32.0,0.7154463767519506,-0.365226273488529,,
601696,中银证券,成功,-0.7013524506299227,21.867803692817688,0.7626017680292767,-0.8241587015120799,,
601698,中国卫通,成功,0.22231484816507435,27.2,0.5554790293675437,0.1983706563794189,,
601699,潞安环能,成功,0.3628963055945723,37.5,0.6061499364835964,0.2552163958966875,,
601702,华峰铝业,成功,-0.09630795232578777,28.2,0.6213541188008246,0.017069981973530646,,
601700,风范股份,成功,-0.5483051034071011,29.1,0.6614086105648819,-0.3509947866012366,,
601717,中创智领,成功,0.3301506854560217,34.0,0.5501714994416012,0.23629956838857274,,
601718,ST际华,成功,-0.40867960307243195,20.0,0.6258686013423432,-0.3371743029636313,,
601728,中国电信,成功,0.14541861420834554,10.95,0.33005463205193536,0.15103527562767408,,
601727,上海电气,成功,-0.5294698345440672,25.18397123813629,0.591306792842067,-0.34804987036943597,,
601766,中国中车,成功,0.2758372220587515,11.0,0.2745743344704759,0.1801022826268585,,
601778,晶科科技,成功,0.379313325747796,30.0,0.6020687769888363,0.2591886258998712,,
601777,千里科技,成功,1.0018113223125384,28.66766208410263,0.44374910953306906,0.4411391160424938,,
601788,光大证券,成功,-0.6430336695798633,21.0,0.6621602887382891,-0.846980828536873,,
601789,宁波建工,成功,-0.38661827889234957,28.56743255853653,0.5517004550114338,-0.1702381864000528,,
601798,蓝科高新,成功,0.28773270053876826,42.535858678817746,0.6154561544526683,0.23787172343229465,,
601799,星宇股份,成功,-0.4716052173939373,23.1,0.6964262839592124,-0.3310477986973892,,
601800,中国交建,成功,-0.5261111759435362,23.0,0.531090575663201,-0.4608408171673054,,
601801,皖新传媒,成功,-0.4663309192665518,21.0,0.7315467428757745,-0.31346992462393103,,
601811,新华文轩,成功,-0.13501773135786266,13.94412362575531,0.5311871792236106,-0.027443319480684077,,
601808,中海油服,成功,-0.651832918131812,25.0,0.6990517033043191,-0.6171040906292767,,
601816,京沪高铁,成功,-0.4016659564284979,12.0,0.47714973786409065,-0.5862522984143381,,
601818,光大银行,成功,-0.04158297768162112,9.0,0.4023311950188653,-0.08603250336133178,,
601825,沪农商行,成功,-0.046922044838532746,10.0,0.2880676872100732,-0.0763323234311305,,
601827,三峰环境,成功,0.03858172972142085,8.0,0.228880659230025,0.02392982532989377,,
601828,美凯龙,成功,-0.6543431160942869,16.1,0.7431782662747236,-0.9739045648203164,,
601838,成都银行,成功,0.40411386486308243,18.5,0.4123736755748249,0.2527947334993421,,
601857,中国石油,成功,0.06653689511292221,24.165456354618073,0.43688801835488555,0.08206063989398368,,
601858,中国科传,成功,-0.3960775397670173,25.152969121932983,0.7219990357635829,-0.1831163038388383,,
601860,紫金银行,成功,-0.5850226008988196,13.0,0.5970841448694699,-1.2496283905076928,,
601865,福莱特,成功,-0.673724173151754,32.05,0.8089649790754907,-0.5952976236486397,,
601866,中远海发,成功,-0.27106735237463536,21.0,0.679441783239358,-0.14394563968632335,,
601868,中国能建,成功,0.013473385180603654,13.0,0.27057772222971194,0.030685647661209414,,
601869,长飞光纤,成功,2.97718863309405,35.0,0.4914535113942575,0.7446460610791391,,
601872,招商轮船,成功,0.05308677868891202,39.05,0.5229378046932289,0.13121688869933876,,
601877,正泰电器,成功,1.1190534461037793,19.0,0.32177041674302015,0.5096093050190419,,
601878,浙商证券,成功,-0.4531243206993756,17.1,0.6260271404707349,-0.4252412438524687,,
601880,辽港股份,成功,-0.464952161366712,6.0,0.497510453868329,-0.6505538503302013,,
601881,中国银河,成功,-0.3783514955589305,21.0,0.6513583748735354,-0.2802915251118315,,
601882,海天精工,成功,0.022282066406894153,26.880516588687897,0.5582192927518994,0.09490018905330819,,
601886,江河集团,成功,0.35099770729936747,21.95,0.3130561841977281,0.23340581256664397,,
601890,亚星锚链,成功,-0.3118179247243496,32.0,0.6244850565377644,-0.10508235360896716,,
601888,中国中免,成功,-0.02976694579225674,26.0,0.6559147040389243,0.010205035224522188,,
601898,中煤能源,成功,1.7455720514759678,34.1,0.3440802823798031,0.6081841175766536,,
601899,紫金矿业,成功,3.1635422013706997,45.0,0.3970242151105286,0.7904073812161997,,
601900,南方传媒,成功,-0.3096378102238347,20.0,0.6052194044246445,-0.1632346196950182,,
601901,方正证券,成功,-0.5809576437065347,17.5,0.5891829746281414,-0.5499687755816878,,
601908,京运通,成功,0.7505814854398655,29.165324211120605,0.6618304323869652,0.37011707154755635,,
601916,浙商银行,成功,-0.24299543567649148,6.1,0.3068313673563746,-0.4794093960613842,,
601918,新集能源,成功,1.9417848536146327,26.64853858947754,0.43149172909223843,0.6255700694001941,,
601919,中远海控,成功,3.5851038816984078,27.464348077774048,0.448059691543492,0.8660492655867342,,
601921,浙版传媒,成功,-0.4416398838906279,14.0,0.6647189718304355,-0.41451151982769957,,
601928,凤凰传媒,成功,-0.4710451895377282,16.0,0.5706572723614682,-0.3715790064789875,,
601929,吉视传媒,成功,0.2515247250651398,40.0368052482605,0.6020540423915586,0.21198190359454774,,
601933,永辉超市,成功,-0.5876698888234444,28.609030079841613,0.6158584695421487,-0.4776141238518692,,
601939,建设银行,成功,0.3309582869753262,8.5,0.3528355693105232,0.21956060438664649,,
601949,中国出版,成功,-0.12433135524455574,23.145771384239197,0.6735617372933932,-0.012062953572196571,,
601956,东贝集团,成功,-0.5786214451305834,21.135639309883118,0.658702815898976,-0.6061735617099817,,
601952,苏垦农发,成功,-0.09402310812283439,17.95,0.4768000511313006,-0.03827508637839736,,
601958,金钼股份,成功,0.7180045643699029,36.5,0.5124270712717712,0.36107927594002615,,
601963,重庆银行,成功,-0.18681942386091482,11.077407789230346,0.3088878145357952,-0.2678865358960686,,
601965,中国汽研,成功,-0.1592878907495443,22.0,0.6253584824847235,-0.035480409037603654,,
601966,玲珑轮胎,成功,-0.17320608579279664,17.1,0.6332785601861068,-0.17308724110407367,,
601968,宝钢包装,成功,-0.15479166099792477,19.0,0.5613537637036696,-0.07992661074092675,,
601969,海南矿业,成功,1.0366497989781256,31.0,0.5539489301769036,0.4463315048797564,,
601975,招商南油,成功,0.7340403059594388,36.8914932012558,0.43473169503467607,0.36724173192837417,,
601985,中国核电,成功,0.6514261773480007,14.5,0.3048793993240656,0.3629601821859291,,
601988,中国银行,成功,0.4316863134266093,6.5,0.23984060128846638,0.3000319678634144,,
601990,南京证券,成功,-0.6115380315193174,13.0,0.6646279370948375,-0.9120969074687016,,
601995,中金公司,成功,-0.48519820216565435,12.5,0.5724938176987626,-0.6156675699760655,,
601991,大唐发电,成功,0.7505076166804181,31.128276824951172,0.5771555203994773,0.3725033696684177,,
601992,金隅集团,成功,-0.3958942690182097,12.1,0.49832011178735625,-0.4778838038115876,,
601996,丰林集团,成功,-0.3945274382437079,24.1,0.5886594843331819,-0.2711562999793242,,
601997,贵阳银行,成功,-0.4618647842629383,10.0,0.5227705654092853,-0.7218891066556781,,
601999,出版传媒,成功,0.23006236446693903,27.210911989212036,0.5299480131505996,0.1941835499842253,,
601998,中信银行,成功,-0.3496479209967231,17.0,0.3950534159643082,-0.35528526058234383,,
603004,鼎龙科技,成功,-0.25798593178335416,12.430244207382202,0.4352740315022758,-0.2874017975254597,,
603000,人民网,成功,0.039108987129496675,25.034755444526674,0.6326468129392003,0.09934726710960529,,
603001,奥康国际,成功,0.6000069297629816,25.23855028152466,0.4191719033994154,0.3346774718762424,,
603002,宏昌电子,成功,3.3400453843295104,42.0,0.4512527916518342,0.7896686658318924,,
603005,晶方科技,成功,-0.4977142640677983,26.315835905075073,0.6315171730273724,-0.27897476301060153,,
603006,联明股份,成功,-0.25218473208473197,37.1,0.5798211610099501,-0.08067003353139525,,
603007,顺景科技,成功,-0.45827659772984325,46.0,0.6360784501920141,-0.13232235064610698,,
603008,ST喜临门,成功,0.10727731618904988,26.0,0.5244043904582291,0.11564554516890921,,
603009,北特科技,成功,-0.044348638383916256,49.1,0.537681841150876,0.10574629353269753,,
603010,万盛股份,成功,0.10683514990890369,32.085913848876956,0.6395643933422223,0.13881096344600688,,
603014,威高血净,成功,0.0,0.0,0.0,0.0,,
603011,合锻智能,成功,3.7305663448471877,47.1,0.4354425475553344,0.7703982387872546,,
603012,创力集团,成功,-0.1062769125866628,16.5,0.3089750577624956,-0.0526950260179958,,
603013,亚普股份,成功,-0.47384443994394454,21.0,0.5785235026394766,-0.36329223175388636,,
603015,弘讯科技,成功,0.3296905020597065,37.23697245121002,0.4266582587841361,0.2469175523167964,,
603016,新宏泰,成功,-0.4404691690922,19.932711362838745,0.5739044064806047,-0.38666053651364396,,
603017,中衡设计,成功,-0.48739150676210896,27.194895148277283,0.7766213666752476,-0.2507553738204612,,
603018,华设集团,成功,-0.4532030049064276,19.0,0.5593348314814148,-0.32629126084552823,,
603019,中科曙光,成功,-0.29244036072403934,22.95,0.5094274334007375,-0.11002475883215664,,
603020,爱普股份,成功,-0.2593476438282391,23.788356840610504,0.7505873340879268,-0.08847860095387632,,
603021,*ST华鹏,成功,0.04071184447080858,35.869422698020934,0.5585931744936056,0.13193004891082927,,
603022,新通联,成功,-0.6717692462421063,18.0,0.7047432377829617,-0.6716411937968231,,
603023,威帝股份,成功,-0.358682637747578,33.88304424285889,0.5809595383759604,-0.13276680018831682,,
603025,大豪科技,成功,0.30658186271538623,24.2,0.4414580897111209,0.21488314572064343,,
603026,石大胜华,成功,1.5181677167620102,33.31831345558167,0.47152174051107193,0.5570948995498923,,
603027,千禾味业,成功,-0.34967193514281913,14.95,0.45677882161118427,-0.32219695638878626,,
603028,赛福天,成功,-0.43207068280201366,25.362295746803284,0.6264403818776244,-0.2750504339270853,,
603029,天鹅股份,成功,-0.4246587835549331,28.1,0.6078300192139483,-0.13810018172329033,,
603030,全筑股份,成功,-0.37938961942789046,32.0,0.6776842141981071,-0.23115463973648037,,
603031,安孚科技,成功,0.6820742843272464,25.0,0.3836746168897925,0.35483644409086057,,
603032,德新科技,成功,0.4272980641022121,42.2,0.6379465434208426,0.2808332976690541,,
603033,三维股份,成功,-0.7507836978999143,19.0,0.7511093327898285,-0.8154358864743674,,
603035,常熟汽饰,成功,-0.5036026192473722,33.0,0.6356439394460957,-0.24172989975109938,,
603036,如通股份,成功,0.6160024914027794,24.0,0.3535985200897577,0.3337527281756014,,
603037,凯众股份,成功,-0.6722697299921964,29.292520761489868,0.7221923654859359,-0.5110209029135067,,
603038,华立股份,成功,-0.07517005017328077,33.0,0.5031662143055637,0.06604229556611184,,
603039,泛微网络,成功,-0.2832315834795205,22.95,0.4997884113320323,-0.15255143078243052,,
603040,新坐标,成功,-0.15586494493115474,32.0,0.5521493359736946,0.004696164454048424,,
603042,华脉科技,成功,-0.2597637157108553,30.679378843307497,0.48877997207828805,-0.014739036294131272,,
603041,美思德,成功,-0.4855106808787627,13.0,0.6432065854733027,-0.4723523393489102,,
603043,广州酒家,成功,-0.526458792184274,12.0,0.6644920725638632,-0.44310808512321476,,
603049,中策橡胶,成功,0.13710269648788673,2.0,0.11744415243101237,1.0393508470516608,,
603045,福达合金,成功,0.07008461879500712,29.2025009393692,0.6556970903780169,0.14746533541533416,,
603048,浙江黎明,成功,-0.07228493148662891,23.0,0.3719793244137877,0.019611314398325436,,
603051,鹿山新材,成功,-0.39798172667280657,14.0,0.5092637965388355,-0.40290845865598884,,
603050,科林电气,成功,0.6397923771483209,35.05,0.44245840672558123,0.3476031026288264,,
603052,可川科技,成功,0.46351020815063676,25.0,0.5175964196491586,0.43557229959878596,,
603057,紫燕食品,成功,0.07623145427193696,15.0,0.31989060850089257,0.1284020672198089,,
603053,成都燃气,成功,-0.36594015781287625,13.0,0.4485043881723573,-0.38613650753678413,,
603055,台华新材,成功,0.09108855559003554,21.370348811149597,0.6609497847868046,0.09894690882942021,,
603058,永吉股份,成功,-0.18232278384528225,29.22053401470184,0.6122116326096221,-0.009509521022538386,,
603061,金海通,成功,1.4715066963398118,23.189600682258607,0.4359691236231553,0.8183400676774526,,
603062,麦加芯彩,成功,-0.33227568217514464,7.95,0.37870463282735634,-0.5465125342930566,,
603059,倍加洁,成功,-0.12793346537950187,21.1,0.507967292374286,-0.025795154784334952,,
603060,国检集团,成功,-0.4700288806227715,20.1,0.6887062264500842,-0.37526955882976093,,
603065,宿迁联盛,成功,-0.037385437337103214,11.0,0.4889919737856882,0.029082532751917845,,
603063,禾望电气,成功,2.5376554595502063,46.70675253868103,0.5165390292287205,0.6537522376408725,,
603066,音飞储存,成功,-0.20548911194289293,26.1,0.5131311471298619,-0.030972668423811484,,
603067,振华股份,成功,4.354789369614882,54.77209351062775,0.5217921318580637,0.8047748099988239,,
603068,博通集成,成功,-0.46122151191796695,24.736669397354127,0.5192132603776473,-0.26401991011041054,,
603070,万控智造,成功,0.3993189451085028,10.648306608200073,0.293263157225139,0.3520629684829218,,
603072,天和磁材,成功,-0.31737630332293293,4.0,0.36671434437769473,-1.8479649472335697,,
603071,物产环能,成功,-0.43387222533863556,7.0,0.46321847687556683,-0.9193590363727732,,
603069,海汽集团,成功,-0.44782744749095776,30.0,0.7888482825086071,-0.164518507450963,,
603075,热威股份,成功,-0.126090271402918,4.5,0.3018321040587643,-0.14845605425113018,,
603073,彩蝶实业,成功,0.015108222541714785,10.0,0.3523082051904154,0.07026933513016441,,
603076,乐惠国际,成功,0.6350034302644426,30.95,0.6130955343590256,0.34011377457539343,,
603077,和邦生物,成功,0.6452957325732952,26.0,0.5853173441056609,0.3416693897641381,,
603078,江化微,成功,-0.1746416976579641,29.219766306877137,0.5873610742692481,-0.04134995045097097,,
603079,圣达生物,成功,-0.48034344739789414,24.646787643432617,0.6269277803448456,-0.3557138924035026,,
603082,北自科技,成功,-0.5134940583430757,12.0,0.5614527630587144,-1.328986920803369,,
603080,新疆火炬,成功,-0.39510169003030715,25.0,0.5924924817888002,-0.18382171552993906,,
603081,大丰实业,成功,0.021262096580518555,18.1,0.5028847554344796,0.022488177755694717,,
603083,剑桥科技,成功,-0.6504141970020542,43.2,0.8538850133143342,-0.35420897384074757,,
603085,天成自控,成功,-0.2420601972445741,33.0,0.5585631579978443,-0.04879698922664333,,
603086,先达股份,成功,-0.23108772170158626,29.0,0.4849269313859055,-0.059851491166404557,,
603087,甘李药业,成功,-0.4755877904150174,14.45,0.5476882709792045,-0.4935815035408763,,
603091,众鑫股份,成功,0.40180203769855,3.0,0.24475848488358584,0.8559544159785059,,
603092,德力佳,成功,-0.1292197178896371,1.0,0.2087410306588391,-1.2165098566945922,,
603088,宁波精达,成功,-0.43728593831913876,30.449738681316376,0.7661207195833485,-0.14515403916273406,,
603089,正裕工业,成功,-0.38923969973567174,29.0,0.73593097337465,-0.1933144316786588,,
603090,宏盛股份,成功,-0.020993388058886484,35.1,0.5551495962734662,0.09069443292545654,,
603095,越剑智能,成功,-0.15735496392659667,20.490177869796753,0.5160959207678649,0.018968825174367328,,
603093,南华期货,成功,-0.1747776331651029,26.299999999999997,0.4437423436670638,-0.05077091443707015,,
603097,江苏华辰,成功,0.5167470382230327,24.0,0.44796815714414684,0.41881212964421227,,
603096,新经典,成功,-0.5920944503928173,19.0,0.653298468433122,-0.6235801820154557,,
603098,森特股份,成功,0.7685391330887895,26.134041905403137,0.518714689301426,0.3874765468954531,,
603099,长白山,成功,3.688336304907631,35.02614688873291,0.4278870640726332,0.6731883013671787,,
603100,川仪股份,成功,1.1395497395320229,23.0,0.37814820362272933,0.48591381945104445,,
603101,汇嘉时代,成功,0.010838964274385798,28.28550374507904,0.4430163653694891,0.1022117760546127,,
603102,百合股份,成功,-0.030023913224851276,11.0,0.32872144201011994,-0.0008716922576253066,,
603103,横店影视,成功,-0.05102158382607158,32.601513147354126,0.5007575904982566,0.07143469812154601,,
603107,上海汽配,成功,-0.2911217078052365,4.0,0.39776307597605626,-0.5167648574129089,,
603105,芯能科技,成功,-0.46176310238764817,33.91013866662979,0.7752613699042649,-0.19894110864649645,,
603106,恒银科技,成功,0.38350343218196215,35.84871822595596,0.49144284587097903,0.2649273780582955,,
603108,润达医疗,成功,-0.3807146601298893,43.28913066387177,0.7358687165342125,-0.16079984143845094,,
603109,神驰机电,成功,0.16824351544090851,26.722342944145204,0.6643620790904515,0.15228504341654014,,
603110,东方材料,成功,-0.22186128842237363,28.0,0.669265090508187,-0.05604041766444652,,
603111,康尼机电,成功,-0.4641895103512458,16.0,0.5239880791786906,-0.4444297877140877,,
603112,华翔股份,成功,-0.17447352072987152,22.0,0.5488037894739867,-0.01911594987623103,,
603113,金能科技,成功,-0.05693112015398772,19.0,0.5671386869329939,0.0008294487884888113,,
603115,海星股份,成功,0.184887577900857,27.06871598958969,0.47273308770832767,0.17658110666949167,,
603116,红蜻蜓,成功,-0.2825438739244327,23.0,0.524123682025049,-0.16325831934683158,,
603120,肯特催化,成功,-0.10015650827256788,5.5,0.33215351148955924,-0.2309759153524462,,
603119,浙江荣泰,成功,0.4196348180007981,20.037506318092344,0.4333728647215998,0.48204209930177905,,
603117,万林物流,成功,-0.266172512893619,31.562119841575623,0.5000629095911219,-0.12309278905251458,,
603118,共进股份,成功,0.0018516292888608587,30.5,0.5204429932406279,0.10385999154174141,,
603124,江南新材,成功,0.23734603762118334,13.259357619285584,0.3190045073357788,0.6528828913646886,,
603122,合富中国,成功,-0.449533751327327,15.0,0.5005596308508818,-0.47334999986161347,,
603121,华培动力,成功,-0.056626865176964636,26.0,0.5818149499791404,0.034287292586225884,,
603125,常青科技,成功,-0.3202321687727344,7.1,0.46045627394905303,-0.2789156860552164,,
603123,翠微股份,成功,-0.38772093640358724,41.0,0.6364049040911746,-0.1265281975821249,,
603126,中材节能,成功,0.4582728839569807,32.305812215805055,0.48714751445796045,0.27977806489095425,,
603128,XD华贸物,成功,-0.2700374515033518,24.922386050224304,0.5605638019887174,-0.14087329083840608,,
603127,昭衍新药,成功,0.5576506444230745,29.117051362991333,0.566564700459698,0.32067337093366827,,
603130,云中马,成功,-0.10836296556238086,19.0,0.3441194111014418,-0.07374120866185392,,
603129,春风动力,成功,0.4907345631783287,34.74669489860535,0.46987622199532175,0.29692674090569365,,
603135,中重科技,成功,-0.12961179234380032,12.678727626800537,0.38021361602231524,-0.12372832874466543,,
603132,金徽股份,成功,-0.198038788484423,17.118963360786438,0.43198970902911593,-0.13460035645353344,,
603131,上海沪工,成功,-0.39353260848923727,38.90635368824005,0.6125804414451543,-0.15564230966527196,,
603137,恒尚节能,成功,-0.0893279780530915,11.507842898368835,0.437072896463525,-0.18514787220539086,,
603136,天目湖,成功,-0.3910224019760186,22.04632169008255,0.5271060847888392,-0.23015491884555614,,
603138,海量数据,成功,-0.4766359394651897,38.34943864345551,0.6064853659292725,-0.1910716595706786,,
603150,万朗磁塑,成功,0.33530981296056966,20.95,0.4913958101621057,0.3098755446574188,,
603151,邦基科技,成功,-0.2982532234095679,10.0,0.5277404042230286,-0.3628628844730138,,
603139,康惠股份,成功,0.17154038803511545,28.0,0.5784888460371388,0.16709230607061903,,
603153,XD上海建,成功,-0.1769463661741336,10.1,0.3956180360788287,-0.14388562142897568,,
603155,新亚强,成功,0.05956802257394316,22.372812390327454,0.5951907209725911,0.1005253186734874,,
603156,养元饮品,成功,-0.20405320411111666,18.95,0.4900131985979085,-0.07930964055630046,,
603158,腾龙股份,成功,-0.28052062055699456,33.203962326049805,0.6564177666733678,-0.09016784294733354,,
603159,上海亚虹,成功,0.23549976593970262,21.336347675323488,0.41851483956576424,0.19728360784835758,,
603162,海通发展,成功,-0.44540137234955457,15.207871770858764,0.6109334211317539,-0.3348432566326783,,
603160,汇顶科技,成功,-0.34868037253751705,16.0,0.4135838704399731,-0.34044204545030265,,
603163,圣晖集成,成功,0.8929663472029529,17.27480778694153,0.43902438944591643,0.6163084091732721,,
603161,科华控股,成功,-0.5524734158740654,22.0,0.7143277160060252,-0.3233064481103908,,
603165,荣晟环保,成功,-0.05401483267298186,23.0,0.38681264420553757,0.0345246166795482,,
603166,福达股份,成功,-0.18006894933678458,38.34074640274048,0.49895206244655643,0.020477476891491164,,
603167,渤海轮渡,成功,-0.2942411389776174,16.0,0.5331505516103934,-0.2362128272006774,,
603168,莎普爱思,成功,-0.5530176071066081,26.740339159965515,0.6763995408689792,-0.3255287359621044,,
603170,宝立食品,成功,-0.36470484154536115,6.90948885679245,0.4668323924847161,-0.5250220947961223,,
603172,万丰股份,成功,-0.13331632913339506,12.0,0.43603359861983965,-0.14350672160218464,,
603169,兰石重装,成功,1.925491626345996,36.30644376277924,0.43190400386019534,0.6189345533471026,,
603175,超颖电子,成功,-0.09979789455516017,4.0,0.19545546602636357,-0.7474435396100712,,
603171,税友股份,成功,-0.09017293205457973,23.0,0.45249272593725604,0.06383520409078695,,
603173,福斯达,成功,-0.24162316487022953,10.95,0.35300755754526714,-0.3415061915588785,,
603176,汇通集团,成功,-0.3185430726068962,10.2,0.37460300297193805,-0.35309177896700955,,
603177,德创环保,成功,0.8675162680464011,24.635619044303894,0.4249915647959337,0.4235057232706143,,
603178,圣龙股份,成功,-0.6414284070206638,41.84903988838196,0.697849155408613,-0.3620259789063445,,
603179,新泉股份,成功,-0.5715359599626931,38.95,0.7422385543270887,-0.27722375536393934,,
603182,嘉华股份,成功,-0.011584565480585734,6.028457856178283,0.33883326697757543,-0.029921357636559287,,
603180,金牌家居,成功,-0.2994903357711053,17.0,0.6037689440211749,-0.19938151402936358,,
603181,皇马科技,成功,-0.46747181444222063,28.0,0.7536139948243185,-0.2175257204172156,,
603183,建研院,成功,-0.5235491886390632,20.265413761138916,0.6197139838711159,-0.4619127200319664,,
603185,弘元绿能,成功,-0.514310859228653,36.17388582229614,0.6850689163946303,-0.22943399145169874,,
603186,华正新材,成功,0.10427911723749349,40.05,0.54016303438624,0.153606634888196,,
603187,海容冷链,成功,0.20883808149836056,13.0,0.43499173259478585,0.13479155101381796,,
603190,亚通精工,成功,-0.3455711098215386,9.95,0.4019841394517868,-0.4675034043687486,,
603188,亚邦股份,成功,-0.05099993090753953,18.1,0.4759179437993287,-0.0019176981288161169,,
603193,润本股份,成功,0.41877355314443326,14.0,0.445026833396045,0.533583006806874,,
603189,*ST网达,成功,-0.5972687770226878,32.0,0.6883850945204842,-0.3625328568019656,,
603191,望变电气,成功,0.05410937814999445,13.11382782459259,0.3735789667503174,0.08435582569725342,,
603194,中力股份,成功,-0.13814767463829164,4.0,0.367287177132351,-0.3749729635449171,,
603192,汇得科技,成功,0.2935235839094683,17.36558527946472,0.586487771330047,0.1995218693341969,,
603195,公牛集团,成功,-0.5844103105881558,17.95,0.7245732428604569,-0.4452543085787318,,
603196,璞源材料,成功,0.3118854915465083,35.73944282531738,0.4101872154895396,0.2406404263348897,,
603197,保隆科技,成功,0.19413681530941046,33.0,0.4502173157997114,0.1763942414566382,,
603198,迎驾贡酒,成功,0.12608199829544814,24.0,0.5894824631676572,0.1362926138350664,,
603202,天有为,成功,-0.13592594635677174,1.0,0.13592594635677174,-1.6211370556807645,,
603201,常润股份,成功,-0.5436727850057961,13.375837624073029,0.6328956049340788,-0.944069449650052,,
603205,健尔康,成功,-0.1542938472034756,2.0,0.1542938472034756,-1.737013076042961,,
603199,九华旅游,成功,-0.23373594276092977,22.0,0.49053095284190157,-0.06417588516868897,,
603200,上海洗霸,成功,-0.4089387287795643,28.0,0.7798208344301946,-0.14269403656838436,,
603207,小方制药,成功,-0.2255461350087315,6.0,0.2773359872636364,-0.6554451886452447,,
603206,嘉环科技,成功,-0.5877800755324868,13.0,0.6016492389071892,-0.6604065850895784,,
603203,快克智能,成功,1.5761161259870664,26.183112859725952,0.4781179156434716,0.5882918654330773,,
603210,泰鸿万立,成功,-0.08619537114957172,1.0,0.08619537114957172,-2.430886225254783,,
603209,兴通股份,成功,-0.4425766927115994,9.0,0.5216774339911263,-0.8062283169887969,,
603208,江山欧派,成功,-0.511578619166096,10.0,0.6399166232638688,-0.6255641688760147,,
603211,晋拓股份,成功,0.7070352313935908,34.16662245988846,0.4955850536212097,0.5115792415260795,,
603213,镇洋发展,成功,-0.10138602006580491,10.629940271377563,0.5110540280598198,-0.061335849679094924,,
603212,赛伍技术,成功,-0.6557642864521669,28.391712069511414,0.6596645264051038,-0.5152770848887666,,
603215,比依股份,成功,-0.11326643666157514,14.782088935375214,0.47002695080470747,-0.004201621842853253,,
603214,爱婴室,成功,-0.45831351843025625,19.243404150009155,0.5929726986001264,-0.3821246385624089,,
603216,梦天家居,成功,-0.2151804688460924,19.0,0.49577766594092393,-0.16063836058598654,,
603217,元利科技,成功,-0.07450208141387687,22.0,0.5668947244952321,0.0650444991582655,,
603219,富佳股份,成功,-0.7157862876571878,29.0,0.7201433521483254,-0.6538128438627077,,
603218,日月股份,成功,-0.5735410150639322,30.95,0.8157437112125745,-0.33778265230836285,,
603220,中贝通信,成功,-0.3925546274900097,28.0,0.6236326850487037,-0.1724074276197392,,
603221,爱丽家居,成功,-0.39217406971262403,25.021021008491516,0.5263982234511514,-0.21241183948304238,,
603223,恒通股份,成功,0.5354586830915014,22.07343751192093,0.5897400054755693,0.31178993517629283,,
603222,济民健康,成功,0.37526446535048363,24.7,0.3709816317044794,0.24292630532661394,,
603225,新凤鸣,成功,0.694432149731745,27.0,0.5353056833687821,0.35804598881277994,,
603226,菲林格尔,成功,0.17159534151594255,30.0,0.6802087130641099,0.1644264008070642,,
603227,雪峰科技,成功,0.19715995870851374,25.275259828567506,0.6325161229694426,0.18083404335499992,,
603228,景旺电子,成功,-0.2774922362466938,34.09424287080765,0.5303545433496595,-0.07885608387217857,,
603231,索宝蛋白,成功,-0.26163260432830415,5.0,0.3122241009512623,-0.5734917875494717,,
603230,内蒙新华,成功,-0.05784248657145072,15.0,0.43702565077989214,0.008916591597181988,,
603229,奥翔药业,成功,-0.3564536064070932,23.184584498405457,0.47940489080500687,-0.2652002927378279,,
603235,天新药业,成功,-0.08807996133854365,4.118281722068787,0.25276004672111246,-0.17459906205720424,,
603232,格尔软件,成功,-0.4586435240919583,32.29113132953644,0.6135878558070766,-0.2566802836827,,
603233,大参林,成功,-0.2942871451969216,14.95,0.48872053518015,-0.29815058789168747,,
603236,移远通信,成功,-0.6644057659649456,28.0,0.7829268891496289,-0.48765981451324875,,
603248,锡华科技,数据不足,,,,,,
603237,五芳斋,成功,-0.48008914230442523,7.029678106307983,0.6120538463987955,-0.7194495528855963,,
603238,诺邦股份,成功,0.5218005237502191,21.0,0.3231074600043484,0.3008735516816428,,
603255,鼎际得,成功,-0.5767294614583724,14.0,0.663112976304713,-0.958087017008786,,
603257,中国瑞林,成功,-0.324135127715291,6.0,0.4003447138465739,-1.1709799281065725,,
603239,浙江仙通,成功,-0.2943143717776219,23.19631016254425,0.7136597329922384,-0.09167524544624667,,
603256,宏和科技,成功,-0.308538995907333,34.70583120584488,0.7354238840464593,-0.08216454263012735,,
603258,电魂网络,成功,0.0228617413915573,25.1,0.4902899219116149,0.05008508614345096,,
603262,技源集团,成功,-0.16740583324357736,2.0,0.1996098829648895,-1.0621704807391192,,
603259,药明康德,成功,-0.12549704908196682,26.95,0.6736146711835785,0.013603995541897718,,
603261,立航科技,成功,0.05414116198988646,16.0,0.5350884948345164,0.09870138488773904,,
603260,合盛硅业,成功,-0.4123241015726865,30.1,0.752835073410788,-0.25360224721643804,,
603266,天龙股份,成功,-0.06654901421512506,39.6455641746521,0.4616273002358631,0.08093640901798883,,
603268,松发股份,成功,5.101945291013824,36.105971693992615,0.4470237210836864,0.5728083076305165,,
603267,鸿远电子,成功,0.5512411519161932,33.26280806064606,0.4201262219925823,0.3115383427326642,,
603269,海鸥股份,成功,-0.47045733654462807,26.310396313667297,0.7192013600951047,-0.11328890823983262,,
603271,永杰新材,成功,-0.13939317758177902,5.5,0.23802928119723304,-0.4671938472727188,,
603270,金帝股份,成功,0.012379911672075541,18.71225757598877,0.40806513443727194,0.1342062725838793,,
603273,天元智能,成功,-0.4122062232634897,10.0,0.44243185843243693,-0.6864435440367515,,
603275,众辰科技,成功,-0.2708724741786276,11.0,0.4848586513881041,-0.29273118406679643,,
603272,*ST联翔,成功,1.191324425148148,26.0,0.36133098380668494,0.7484449164590317,,
603276,恒兴新材,成功,-0.19684358147733627,7.0,0.35436608857948804,-0.25852621126059233,,
603280,南方路机,成功,-0.18248205989508454,14.05,0.4950010777974133,-0.04353968528978059,,
603277,银都股份,成功,1.102628381984046,22.0,0.48848752288720476,0.4952117951208488,,
603278,大业股份,成功,-0.20887244059800839,41.36868453025818,0.46463255900810047,-0.056402116985180245,,
603279,景津装备,成功,-0.4346169055793898,15.1,0.6106148566557867,-0.3530262003626624,,
603284,林平发展,数据不足,,,,,,
603281,江瀚新材,成功,0.11956584123030975,7.0,0.31514524428108487,0.16609092019262545,,
603285,键邦股份,成功,0.5702651203746849,11.95,0.3366720030987262,0.8238771781695481,,
603282,亚光股份,成功,-0.2723966429585332,9.67243754863739,0.46638136211662856,-0.41435725947361407,,
603283,赛腾股份,成功,-0.5820447222645854,36.13413107395172,0.7379790866811792,-0.365490495545189,,
603286,日盈电子,成功,2.11685041601825,45.0,0.40679447534435803,0.6347558346789566,,
603288,海天味业,成功,-0.3819075383962338,13.0,0.6339953588680762,-0.46623116252494196,,
603293,埃泰克,数据不足,,,,,,
603289,泰瑞机器,成功,-0.1094446367721929,26.0,0.5507368703234827,0.013922447329551804,,
603291,联合水务,成功,-0.08910477598023092,11.95,0.43327246755448456,-0.06549252509980631,,
603296,华勤技术,成功,-0.11890337996230955,13.0,0.480908700872689,0.057870994783149554,,
603290,斯达半导,成功,-0.5542280260112097,36.0,0.7547123193090252,-0.25600246148896344,,
603297,永新光学,成功,1.0352237226276135,38.43802402019501,0.45544063051422895,0.4410330251509551,,
603298,杭叉集团,成功,0.19937872043327937,22.549999999999997,0.3382507329185431,0.17973758795341907,,
603299,苏盐井神,成功,-0.10895206894999167,20.0,0.5223391776827382,0.01051535306289643,,
603300,海南华铁,成功,-0.15547301795987106,27.0,0.6931267833864122,-0.014826664347712577,,
603301,振德医疗,成功,0.01756347374008634,16.42815852165222,0.41334711285854153,0.01863889422679014,,
603303,得邦照明,成功,0.6334094692732903,27.249654352664948,0.562827854983538,0.3409087427108445,,
603305,旭升集团,成功,-0.7472521145018683,32.94276189804077,0.7827463215253354,-0.7386634425246896,,
603306,华懋科技,成功,0.3953766190390865,39.0,0.5784869976783505,0.27344206840615404,,
603307,扬州金泉,成功,-0.0910366158712811,4.0,0.32884875497713456,-0.13790491445584727,,
603310,巍华新材,成功,-0.34378777413694683,4.95,0.39011867953696355,-1.3484948599310422,,
603312,西典新能,成功,0.12579103742206585,11.0,0.31477577658152883,0.2606716368670106,,
603308,应流股份,成功,0.9751349196426087,35.0,0.5938959965684161,0.4337845064349662,,
603309,维力医疗,成功,-0.03483286622189815,22.0,0.43865327354514955,0.030670727175611787,,
603311,金海高科,成功,1.1040086045700153,28.0,0.42328283217436175,0.47002500932592456,,
603313,梦百合,成功,-0.21210111442966706,11.896441042423248,0.5787173263576353,-0.13523833528392978,,
603315,福鞍股份,成功,0.7447518651099817,21.924894309043886,0.3159875597753269,0.37828821430808107,,
603316,诚邦股份,成功,-0.24254482497765203,41.205956435203554,0.7162598193109913,-0.008709597092642461,,
603317,天味食品,成功,-0.27965684016386455,19.448953986167908,0.4634165993563981,-0.11210136051361792,,
603318,水发燃气,成功,0.014123730109009339,33.3,0.613782049225886,0.0977064180408822,,
603319,美湖股份,成功,-0.4536501224841648,27.0,0.6674838273957302,-0.1220915760961198,,
603320,迪贝电气,成功,-0.24103442010053652,28.0,0.5117206681042732,-0.041084801945127467,,
603321,梅轮电梯,成功,-0.05273900581576134,15.1,0.2984933068188982,-0.01764493315891128,,
603325,博隆技术,成功,-0.3005181198745161,6.0,0.3100986900604128,-0.6632348182378446,,
603322,超讯科技,成功,0.7695813543834829,28.50305554866791,0.45710360880218753,0.3811065174386882,,
603324,盛剑科技,成功,-0.6949574482429447,23.0,0.7639498794683796,-0.9270193327081632,,
603323,苏农银行,成功,-0.4901681130553569,16.0,0.504455318272992,-0.5987460383523534,,
603326,我乐家居,成功,0.04384842405569449,21.0,0.5547904049780162,0.07528432860384292,,
603327,福蓉科技,成功,-0.40990389985950737,24.0,0.5153568483590578,-0.23391346602257337,,
603328,依顿电子,成功,-0.2861374996962989,24.0,0.4880348702625773,-0.13327116330078095,,
603329,上海雅仕,成功,-0.567493169280694,23.46659061908722,0.6690201786378729,-0.33949132695884204,,
603330,天洋新材,成功,-0.30414922908226233,28.47526822090149,0.6461223027996198,-0.18857183004770936,,
603334,丰倍生物,成功,-0.11880967487745234,1.0,0.11880967487745234,-2.543430611849839,,
603331,百达精工,成功,0.02216792666410838,24.0,0.5409686177675244,0.08779697204666291,,
603332,苏州龙杰,成功,-0.124757680795763,25.0,0.4709369018262665,-0.05199533242268207,,
603333,福华尚纬,成功,1.682805615619439,22.6,0.3816502487434745,0.6086044180790974,,
603335,迪生力,成功,0.7001587240763838,40.43966865539551,0.4283960110828782,0.356972279850021,,
603336,宏辉果蔬,成功,-0.4436991177485242,29.816917061805725,0.7611181698591021,-0.1757853867263294,,
603341,龙旗科技,成功,-0.4413473235958291,10.5,0.5086184217070435,-0.7107838843962715,,
603337,杰克科技,成功,-0.14682333550814802,24.0,0.5701529470764103,-0.07644727771572457,,
603338,浙江鼎力,成功,-0.6194108756654616,21.45,0.6787966922011243,-0.5661175472255385,,
603344,星德胜,成功,-0.12783401124738783,10.0,0.38265403234892537,-0.23056677588004282,,
603339,四方科技,成功,-0.42895182232056245,23.95,0.5213431144351556,-0.23952961134969064,,
603350,安乃达,成功,-0.30282388985877495,8.909630537033081,0.42188080742543155,-0.6955606006916007,,
603352,至信股份,数据不足,,,,,,
603345,安井食品,成功,0.1794597287952932,18.95,0.6346434972471272,0.14670585978365805,,
603348,文灿股份,成功,0.008115392319904494,32.0,0.6095071371924464,0.05859503054073617,,
603351,威尔药业,成功,-0.7032855567639901,18.5,0.71777975244241,-0.6827773329538834,,
603353,和顺石油,成功,0.8881341862148309,21.2,0.5134555752285588,0.42971292625810215,,
603355,莱克电气,成功,0.4892336806837624,24.0,0.49000782990185476,0.29896431498882736,,
603356,华菱精工,成功,-0.36804672828665075,29.32585389614105,0.7106170136050862,-0.17311245149198765,,
603357,设计总院,成功,-0.37279307670990436,21.1,0.4648131485317593,-0.25015645501319456,,
603358,华达科技,成功,-0.0992791783767457,25.95,0.6259019918301415,0.02704085815057285,,
603359,*ST东珠,成功,-0.09665488277279816,31.149805188179016,0.5539504672162618,-0.013167394026215628,,
603360,百傲化学,成功,-0.1087035529117682,25.1,0.524686254270016,0.0691429037028638,,
603363,傲农生物,成功,-0.3231487330688677,21.906465232372284,0.4870517605122262,-0.18329511102283472,,
603365,水星家纺,成功,-0.4395121685585244,16.0,0.5706813359540885,-0.3701182232994147,,
603366,日出东方,成功,-0.6665237497318234,31.17413150072098,0.7352448634318228,-0.5394401457052485,,
603367,辰欣药业,成功,-0.49801895748348524,13.0,0.5899886633730775,-0.48353551334793904,,
603370,华新精科,成功,-0.14811022983770977,2.0,0.14826622503458986,-2.5395458334531313,,
603373,安邦护卫,成功,-0.07875357858565811,12.0,0.32653620108761006,-0.11024981219711841,,
603368,柳药集团,成功,-0.7207336812809194,16.1,0.7317080276708037,-0.955202586679418,,
603369,今世缘,成功,-0.14049264022670177,14.0,0.4678154306311608,-0.09026051505157329,,
603375,盛景微,成功,-0.29151778303903003,10.0,0.3898564939251212,-0.42161628980422644,,
603376,大明电子,成功,-0.08655865137297632,1.0,0.0872627066748317,-3.141386293659557,,
603377,ST东时,成功,0.22279056118975538,13.95,0.3017916572645854,0.16278214108070777,,
603378,*ST亚士,成功,-0.373937398233961,24.16594123840332,0.7113614712848505,-0.21475165438559637,,
603379,三美股份,成功,0.12970702992471356,31.0,0.38517020549679093,0.15145556160545837,,
603380,易德龙,成功,0.5088786699305786,28.05,0.4809757445712825,0.30003387310901025,,
603382,海阳科技,成功,-0.08255952042325662,1.0,0.098822800495663,-1.9020849486177087,,
603381,永臻股份,成功,-0.32467907242959815,8.048526287078857,0.3693742780936451,-0.767935524959064,,
603383,顶点软件,成功,0.9356319619006218,18.0,0.310239657171872,0.4352011662639011,,
603385,惠达卫浴,成功,-0.553675913192884,17.0,0.6341165613084491,-0.6012417882051568,,
603386,骏亚科技,成功,-0.35839102659186317,28.2,0.6346738757136295,-0.1340659645289435,,
603387,基蛋生物,成功,-0.45102218187755627,10.15,0.6637443322598083,-0.46257611378831126,,
603391,力聚热能,成功,0.13340528961919684,4.0,0.23553554878856128,0.3371110805097937,,
603389,亚振家居,成功,0.6739890953409853,43.928410935401914,0.577785473517632,0.360593529359734,,
603390,通达电气,成功,-0.7691746048838634,32.0,0.8325484914441716,-0.7006673659893706,,
603392,万泰生物,成功,-0.4143636606768499,14.1,0.6530006320671143,-0.23021326776326898,,
603395,红四方,成功,-0.08365471282418745,1.0,0.08365471282418745,-1.736631489241098,,
603393,新天然气,成功,-0.4793607512881165,20.0,0.5298595507843655,-0.3561659006870424,,
603400,华之杰,成功,0.5285819875807085,3.0,0.12659380692167588,2.0828459589689823,,
603402,陕西旅游,数据不足,,,,,,
603406,天富龙,成功,-0.08440150618373751,1.0,0.08440150618373751,-1.5418576377784972,,
603407,长裕集团,数据不足,,,,,,
603396,金辰股份,成功,0.10889920110051506,34.4675211429596,0.5283662013562538,0.14341872393766292,,
603398,*ST沐邦,成功,0.795225720015667,39.099999999999994,0.6614959117318187,0.382910040085566,,
603409,汇通控股,成功,-0.07338435161152068,4.0,0.18448704995843346,-0.2995681324441705,,
603399,永杉锂业,成功,0.9426451403923112,34.2345997095108,0.5085004544032515,0.41848166157516087,,
603418,友升股份,成功,0.0,0.0,0.0,0.0,,
603408,建霖家居,成功,-0.49112884578969196,16.0,0.6040469169968539,-0.6012674452156451,,
603435,嘉德利,数据不足,,,,,,
603416,信捷电气,成功,-0.49053562033520814,28.0,0.7116891743081156,-0.2791312463878554,,
603421,鼎信通讯,成功,0.019330690527132682,23.0,0.35572563790056355,0.07720623565184466,,
603429,*ST集友,成功,-0.5577562433939894,19.95,0.7125178723370199,-0.3165821202640675,,
603439,三力制药,成功,-0.3624195545493919,21.1,0.5756489936314735,-0.28052341493654037,,
603459,红板科技,数据不足,,,,,,
603444,吉比特,成功,0.467629336316761,30.210201025009155,0.598606739194049,0.2826378350643479,,
603456,九洲药业,成功,0.023610368566068938,24.873670995235443,0.6017001516614879,0.07450985999407077,,
603458,勘设股份,成功,-0.27611231386644125,22.1,0.6394592964302206,-0.10988569801214251,,
603466,风语筑,成功,-0.7010538064734437,32.82181203365326,0.8229482406977117,-0.4798963836666533,,
603477,巨星农牧,成功,-0.42760802326860625,27.0,0.593327964956337,-0.20628522080859285,,
603486,科沃斯,成功,1.6125230116296536,30.1,0.5846958396450318,0.5912775187249264,,
603488,展鹏科技,成功,-0.769115549579303,28.90835338830948,0.7827062994862621,-0.7261017531681235,,
603489,八方股份,成功,1.0471157101553472,26.0,0.48316541616447617,0.4613691974083726,,
603496,恒为科技,成功,-0.6323308303732812,29.34478771686554,0.6545004112802698,-0.3814898495269996,,
603499,翔港科技,成功,-0.48609326914469425,37.045944929122925,0.6870616325928957,-0.205849049087466,,
603500,祥和实业,成功,-0.25379694742703474,25.214364528656006,0.6456714602966165,-0.09312154937181175,,
603501,豪威集团,成功,-0.15726427296531387,21.948634088039398,0.5293968485057142,-0.02883810640109119,,
603505,金石资源,成功,-0.2697898251132513,31.632110929489137,0.7227447592668864,-0.09509369274561799,,
603506,南都物业,成功,-0.5977192251955532,22.20732638835907,0.7378854992807103,-0.6230629149378907,,
603508,思维列控,成功,-0.45795358563105315,19.1,0.6115795466846563,-0.3413785807675932,,
603507,振江股份,成功,-0.5695381008868153,35.1,0.8485981180512541,-0.30238761864616964,,
603511,爱慕股份,成功,-0.26146089020562563,15.0,0.4824202607765194,-0.24659590105944498,,
603516,淳中科技,成功,-0.1503584089507554,40.24754688739777,0.5681299548439006,0.05324431184793649,,
603515,欧普照明,成功,-0.2063635264241972,12.0,0.4774100352071324,-0.2438752883872381,,
603517,ST绝味,成功,-0.21725333574990757,17.95,0.5520831814651405,-0.1543054291570857,,
603518,锦泓集团,成功,0.21396030329872723,25.0,0.4964045643025318,0.18997637652661303,,
603519,立霸股份,成功,-0.09241923795383103,20.5,0.5273076043270879,-0.009990606307461231,,
603520,司太立,成功,-0.591602136627313,19.0,0.6382279992098491,-0.5059593449049683,,
603527,众源新材,成功,-0.36252054009698925,32.09606642723084,0.5270278655015846,-0.09628468044806714,,
603528,多伦科技,成功,-0.12011485229712751,28.0,0.4618388446265574,0.017870268787596448,,
603529,爱玛科技,成功,0.11407942155817334,21.0,0.5196172628424068,0.1516237036205954,,
603533,掌阅科技,成功,-0.5742392776445157,37.77610504627228,0.7488050221805547,-0.27654658946856325,,
603530,神马电力,成功,0.20751433931480975,35.051892161369324,0.5550507808852595,0.19501692575885157,,
603535,嘉诚国际,成功,-0.5457962319861595,24.034994781017303,0.8277623976879873,-0.39044179311800686,,
603536,惠发食品,成功,0.39716705646144984,32.113196110725404,0.4055702398837655,0.25506767446845635,,
603538,美诺华,成功,-0.48549656635831556,27.1,0.7673294183203339,-0.2783030285145739,,
603551,奥普科技,成功,-0.05508006164338338,12.0,0.34935739015525147,-0.028919094042129785,,
603556,海兴电力,成功,0.3326573374302144,27.0,0.36598632907790296,0.21907144620518257,,
603557,*ST起步,成功,0.3669835658132759,23.6,0.5235016559926181,0.23747105988693498,,
603558,健盛集团,成功,-0.19515899746082577,22.0,0.44658231440418206,-0.07016855531218938,,
603559,中通国脉,成功,-0.5773250697970742,30.254611349105836,0.6209558288719316,-0.39627706454132866,,
603565,中谷物流,成功,-0.4440368572924507,12.0,0.5621432847565722,-0.48948610886308763,,
603566,普莱柯,成功,-0.45068296606779945,15.856680750846863,0.6428313482059985,-0.3763940166127551,,
603567,珍宝岛,成功,-0.4655241008390149,17.0,0.6079752344617928,-0.40783106305716466,,
603568,伟明环保,成功,-0.1604635618860414,13.95,0.43550903998539486,-0.1649416072182976,,
603569,长久物流,成功,-0.06069308799327075,28.95,0.4836611302656519,0.057604170832305554,,
603577,汇金通,成功,-0.33763035664224955,17.842363953590393,0.4233451157406185,-0.19152616791765703,,
603578,三星新材,成功,-0.7380657990894984,24.0,0.775425943610088,-0.675103270527816,,
603579,荣泰健康,成功,0.5700776685808945,22.898934602737427,0.4949196518262483,0.3310576503841306,,
603580,艾艾精工,成功,-0.17608271547456258,33.68095006942749,0.7236760527790305,-0.016452912630574853,,
603583,捷昌驱动,成功,0.07490258676387268,20.049999999999997,0.5319458523841483,0.09226021664465539,,
603585,苏利股份,成功,0.34801455451370505,20.0,0.3218758020250401,0.2288815979383878,,
603586,金麒麟,成功,-0.20550190760201587,24.2,0.5158611145698712,-0.10625344817145022,,
603587,地素时尚,成功,-0.41636410470163465,13.0,0.48606775154153165,-0.49888897998278037,,
603588,高能环境,成功,-0.40945086012218546,28.1,0.6996386857356198,-0.31228551714227953,,
603589,口子窖,成功,-0.46407007489346586,19.0,0.6081669107478391,-0.4067768160583066,,
603590,康辰药业,成功,0.05945039457615771,15.101467728614807,0.3446756503840107,0.03969839243965177,,
603595,ST东尼,成功,0.37592549497054106,27.1,0.33990833411429205,0.2435958703869215,,
603596,伯特利,成功,-0.44594818626406724,35.94251000881195,0.7063651414331814,-0.17786443688484416,,
603598,引力传媒,成功,0.02062851711254116,45.76348304748535,0.6148698626409244,0.1433611595743612,,
603599,广信股份,成功,0.8433918054563916,16.866833984851837,0.44168983128982464,0.4178127723086694,,
603600,永艺股份,成功,-0.43363909884031365,20.1,0.6174353699509441,-0.3603689476267923,,
603601,再升科技,成功,-0.05158291347253413,33.953080010414126,0.5316108244843593,0.04195700310932673,,
603602,纵横通信,成功,-0.5615010033181388,25.134851336479187,0.5747794126978302,-0.4942512343126094,,
603605,珀莱雅,成功,-0.7528348826037321,21.072810888290405,0.8440033467099335,-0.6679700815123871,,
603606,东方电缆,成功,0.10490626500879778,27.1,0.5441866703734326,0.13571524662213855,,
603607,京华激光,成功,-0.2208215579148257,28.84199638366699,0.7035560590654376,-0.008580091956045612,,
603608,天创时尚,成功,1.551211396146814,30.1,0.6234316926266407,0.5765766207369443,,
603609,禾丰股份,成功,-0.3657039485359558,13.0,0.48663461890809545,-0.3503159722011332,,
603610,麒盛科技,成功,-0.48380384638543944,24.0,0.6243288594266739,-0.2508861066082581,,
603611,诺力股份,成功,-0.24311508402799548,31.221321535110473,0.5923512582361634,-0.09893423159407568,,
603612,索通发展,成功,0.9190154776882299,39.2,0.5442237829601148,0.4156338975944321,,
603613,国联股份,成功,-0.6793680676568123,25.0,0.7097178328669066,-0.6317706372751747,,
603615,茶花股份,成功,-0.1769055888967481,30.167871236801147,0.5956474945145037,-0.010868335229450951,,
603616,韩建河山,成功,-0.5439550503202835,35.907647252082825,0.6882639449673805,-0.32991181216848414,,
603617,君禾股份,成功,-0.7317483092595748,24.310804343223573,0.7849519910921392,-0.6867966170400192,,
603618,杭电股份,成功,0.548696120866987,28.55006822347641,0.532493355433273,0.3164537689521309,,
603619,中曼石油,成功,-0.5151756542478858,36.54495882987976,0.6731386682332634,-0.2482933029810941,,
603626,科森科技,成功,0.01906760966125672,40.16080389022827,0.5700031695438861,0.13015478322038235,,
603628,清源股份,成功,-0.270767894788353,35.1,0.5937169141156257,-0.046560784107642514,,
603629,利通电子,成功,0.3346313533405535,42.12656672000885,0.6990438568960652,0.2788879315250699,,
603630,拉芳家化,成功,-0.08847440846700498,27.252881050109863,0.46157899109125994,0.04625957375993943,,
603633,徕木股份,成功,0.1700605179248906,26.0,0.520024672750018,0.16591767847277003,,
603636,南威软件,成功,-0.24278033213105837,34.1,0.4512037612995534,-0.03596694780502828,,
603637,镇海股份,成功,-0.17759195591951488,28.0,0.6398353508918633,-0.015538761880968654,,
603638,艾迪精密,成功,0.10484794213165398,20.0,0.4897572411717865,0.11762528151312242,,
603639,海利尔,成功,-0.6377121554392303,15.95,0.6538971624151698,-0.48736028647924856,,
603648,畅联股份,成功,0.05759939206630632,19.24099705219269,0.35022495503278556,0.0778957340830604,,
603650,彤程新材,成功,1.1979044581148814,36.0,0.6317900244888751,0.4716589175167921,,
603655,朗博科技,成功,1.821187995361978,32.159648060798645,0.3712883043920819,0.645354479388894,,
603656,泰禾智能,成功,-0.30546421376619953,25.844362115859987,0.6085915336233888,-0.14857032467763442,,
603657,春光科技,成功,-0.16159724710578624,25.1,0.3853626004269688,0.002629751030050989,,
603658,安图生物,成功,-0.3668827305984308,12.95,0.5182082550602698,-0.42938881218013847,,
603659,璞泰来,成功,-0.207175797078257,30.0,0.6869519984187024,-0.0007279489405752214,,
603660,苏州科达,成功,-0.2976358756564827,39.66829788684845,0.6166672828854334,-0.0833087155413489,,
603661,恒林股份,成功,-0.27553194059504066,19.0,0.46178082816664817,-0.1808167259389613,,
603663,三祥新材,成功,0.9132646999808285,43.2001490354538,0.6344179726581535,0.4178913724862297,,
603662,柯力传感,成功,-0.5763624738674664,33.2551691532135,0.6888297975695031,-0.28726790012166037,,
603665,康隆达,成功,0.9554330308350667,22.15,0.5173731081132273,0.43908046018420294,,
603666,亿嘉和,成功,-0.7597858918702812,23.618219089508056,0.7898413621147665,-0.827881308728238,,
603667,五洲新春,成功,-0.1624266634652362,58.35783290863037,0.760093023803293,0.09153171361498776,,
603668,天马科技,成功,0.54665362297552,24.0,0.4201241576661985,0.31295765286708904,,
603669,灵康药业,成功,0.035704388640173126,25.228111267089844,0.6196710187234609,0.05685660858879919,,
603676,卫信康,成功,-0.24160700888317996,22.0,0.4277609136756356,-0.1049008296605082,,
603677,奇精机械,成功,-0.25004537593441056,24.0,0.5287182250784624,-0.08916486013892615,,
603678,火炬电子,成功,-0.034927074424708555,19.95,0.6325052583842268,0.07325595187507948,,
603679,华体科技,成功,-0.5335312492326452,29.222308492660524,0.6478696174633456,-0.3968566455667991,,
603680,今创集团,成功,0.2358331708498212,21.1,0.413019553989209,0.174388281939754,,
603681,永冠新材,成功,1.3975172777592064,24.984517550468446,0.49131265290067844,0.5885234215141708,,
603682,锦和商管,成功,-0.45296985489495195,25.95601615905762,0.7668805217105922,-0.32564614644579165,,
603683,晶华新材,成功,0.21114254586456635,32.94258213043213,0.5960736986207384,0.1748311973078016,,
603685,晨丰科技,成功,-0.3830135506344571,23.049999999999997,0.686531687112759,-0.2334268229775681,,
603686,福龙马,成功,0.8136320401544043,26.12246835231781,0.6181080611903473,0.39958627337553065,,
603687,大胜达,成功,-0.483292271618958,29.1,0.7368365957491783,-0.2519216235113269,,
603688,石英股份,成功,-0.412203272196055,33.95,0.6995103741541397,-0.12811402568996239,,
603689,皖天然气,成功,-0.7035880311425082,17.0,0.758003560169837,-0.7831149378906397,,
603690,至纯科技,成功,-0.6275713624274311,33.95,0.7824103767373285,-0.39864422062218746,,
603693,江苏新能,成功,-0.18648500159210046,28.0,0.5411702313563318,-0.01714252115862827,,
603696,安记食品,成功,0.36654399533649734,35.1,0.6639537130749833,0.2622176870551028,,
603697,有友食品,成功,0.5132124155286871,23.88668841123581,0.4076696323261284,0.30351338387536453,,
603698,航天工程,成功,0.26442498549284704,37.316149544715884,0.6460176689699212,0.21234834663279542,,
603699,纽威股份,成功,0.3192403735970292,31.0,0.5154516187284165,0.22434964117614703,,
603700,宁水集团,成功,-0.6493485549218474,14.118460607528686,0.6617312107636447,-0.8272777538537233,,
603701,德宏股份,成功,0.9246311733985876,33.30558478832245,0.5106476863202639,0.42611578489651813,,
603703,盛洋科技,成功,-0.6659408873220984,30.1,0.7352762257321112,-0.5431590277034514,,
603706,东方环宇,成功,-0.41110117164647897,25.0,0.6695497663820936,-0.2619271190338981,,
603707,健友股份,成功,-0.6050952794469158,10.95,0.6463897785753222,-0.8053694311508922,,
603708,家家悦,成功,-0.36049469667355094,19.23855526447296,0.559534791365546,-0.33058835528224223,,
603709,中源家居,成功,-0.286324227629666,26.432812285423278,0.6923677130659874,-0.10805053713561769,,
603711,香飘飘,成功,-0.321359129711093,20.449163055419923,0.4027841635653079,-0.24810933035002217,,
603712,七一二,成功,-0.4529254896145565,20.0,0.6448157894444196,-0.4426068786201129,,
603713,密尔克卫,成功,0.014927543864869075,25.0,0.6019083584619452,0.047112535333450584,,
603716,塞力医疗,成功,0.310740313080248,29.384851574897766,0.6033282770597004,0.23516155058696842,,
603717,天域生物,成功,-0.21545801270646306,26.474007844924927,0.6134172496293788,-0.07972168406446185,,
603718,*ST海利,成功,-0.4164835981454541,9.0,0.5533602051487905,-0.5200244426451104,,
603719,良品铺子,成功,-0.5411002212175641,15.233482718467712,0.5480280814448121,-0.7466705335460342,,
603721,中广天择,成功,-0.08615281907975586,31.650995826721193,0.584374572833847,0.08042145632178815,,
603725,天安新材,成功,1.4749461691805958,28.597264766693115,0.43080217135427307,0.5593366526117576,,
603722,阿科力,成功,-0.16761897507955975,28.0,0.6512869928048417,-0.022293813042609884,,
603726,朗迪集团,成功,-0.25726157488127344,27.0,0.6925917771699914,-0.04198736066083256,,
603727,博迈科,成功,0.14783272564252228,29.425002813339233,0.6527640293414423,0.14598681786424939,,
603728,鸣志电器,成功,0.8430170588484799,52.0,0.43590122031843015,0.3921731306851919,,
603729,ST龙韵,成功,0.11498479174457694,25.0,0.5281162514244293,0.1379336310783541,,
603730,岱美股份,成功,0.25732670906010474,21.61014223098755,0.41208626990464947,0.18937893603282654,,
603733,仙鹤股份,成功,0.21118487019240595,19.0,0.4357389867794477,0.15810893376317348,,
603737,三棵树,成功,-0.2593403590352426,21.0,0.4324709603953824,-0.05942851153373827,,
603738,泰晶科技,成功,0.7031276900378219,24.0,0.44398032207724913,0.3577338314301097,,
603739,蔚蓝生物,成功,-0.12785639039680158,21.446435689926147,0.6104661551050679,-0.058247282749762375,,
603755,日辰股份,成功,-0.0711697500491228,17.917936384677887,0.6034576805490245,-0.021572074997472147,,
603757,大元泵业,成功,1.027080929690679,34.7,0.409448696597089,0.4446937380269008,,
603758,秦安股份,成功,-0.17443164595356372,41.0,0.7231944984850422,0.020315631261113822,,
603759,海天股份,成功,0.3193320936081695,14.220086669921875,0.3530861579081723,0.2603548510968872,,
603766,隆鑫通用,成功,0.272631833332924,30.0,0.4686794631501317,0.21652579726176613,,
603767,中马传动,成功,-0.1412894643617356,41.41575872898102,0.5457527955712123,0.0465189042697618,,
603768,常青股份,成功,-0.21939898574176026,22.0,0.7138858996622611,-0.08731364929720223,,
603773,沃格光电,成功,-0.3718537264593641,30.937320590019226,0.6393166226574993,-0.09191754860518046,,
603776,永安行,成功,-0.34943089015453777,30.5,0.6728042452599039,-0.197144323460852,,
603777,来伊份,成功,-0.2209324556871684,33.152489280700685,0.6051248454896736,-0.010926091705321442,,
603778,国晟科技,成功,-0.5135253227150397,44.935045909881595,0.7764833252788809,-0.21494848986247625,,
603779,威龙股份,成功,0.347730692902671,34.93669183254242,0.4622617942762414,0.2431865709025,,
603786,科博达,成功,-0.33999379531845103,22.95,0.6821123196083985,-0.23762090684380374,,
603787,新日股份,成功,-0.3376385982358697,25.493388628959657,0.6732681396642771,-0.16898407088319528,,
603788,宁波高发,成功,-0.10591646858188077,24.95,0.5504028550416195,-0.03987661228524376,,
603789,ST星农,成功,-0.001528209879277856,21.2,0.3498558164842103,0.016166628521515392,,
603790,雅运股份,成功,-0.13867357899582827,25.397791981697083,0.49996539498739384,-0.008494726975117967,,
603797,联泰环保,成功,-0.4213200453320419,7.95,0.567092180983735,-0.43899757046043403,,
603798,康普顿,成功,-0.4053736850224393,22.0,0.7210215151782281,-0.15050938949951165,,
603799,华友钴业,成功,0.056266797071266916,43.05,0.5822102535569195,0.1329748003636984,,
603800,洪田股份,成功,-0.1415873641744291,43.449805808067325,0.6825875860260219,0.05221451476857534,,
603801,志邦家居,成功,-0.7115976454437448,24.95,0.8261041853818343,-0.5737738493796714,,
603803,瑞斯康达,成功,0.14721318785859344,32.3393417596817,0.41960005766841624,0.18104605616826033,,
603806,福斯特,成功,-0.7085429198487129,30.166378450393676,0.7622582510585898,-0.525968937185434,,
603808,歌力思,成功,0.08705423646206051,17.1,0.438433626915425,0.0834451593343548,,
603809,豪能股份,成功,-0.5290194907381598,29.0,0.684900526637632,-0.32066832667874046,,
603810,丰山集团,成功,0.36727558255538784,22.292140889167786,0.5617126506917594,0.24816022086437567,,
603811,诚意药业,成功,-0.6764809127879206,26.437297821044922,0.8064650050695303,-0.4332973069472137,,
603813,原尚股份,成功,-0.15515956991821572,32.231648683547974,0.4392340720891134,-0.014507866647097972,,
603815,交建股份,成功,-0.6660055354524727,21.195123076438904,0.7754507305842737,-0.7238073856183603,,
603816,顾家家居,成功,-0.24668517868329115,14.0,0.5579695171802876,-0.24150406700938484,,
603817,海峡环保,成功,-0.08636372526654217,13.95,0.532156829864546,-0.03763145389502945,,
603818,曲美家居,成功,-0.30327885451525627,23.0,0.5836422028671605,-0.23746245403950392,,
603819,神力股份,成功,-0.4315606395973684,30.0,0.6577062805645728,-0.22767666036006629,,
603822,ST嘉澳,成功,4.462648664240498,34.0,0.33246302610427597,0.9711706572359743,,
603823,百合花,成功,-0.5119606857521706,34.324891448020935,0.685890677020561,-0.3482624553073964,,
603825,ST华扬,成功,-0.49935852600036296,30.56359828710556,0.6754046397546108,-0.27503398670485935,,
603826,坤彩科技,成功,-0.23054906278185852,18.95,0.5605635361712324,-0.21732969973159025,,
603828,*ST利达,成功,0.30766710070234665,33.0,0.6285101353998341,0.21858925506174873,,
603829,洛凯股份,成功,0.1961945140295646,32.48368248939514,0.4647102914669472,0.18703271280358144,,
603836,海程邦达,成功,-0.541794644542733,13.95,0.5793132553264131,-0.5838208397902058,,
603833,欧派家居,成功,-0.3604808667032289,14.95,0.7191434775161909,-0.23714713500865847,,
603838,*ST四通,成功,-0.2593798546201273,29.8532772064209,0.6395478395769373,-0.11722205812767286,,
603839,安正时尚,成功,-0.5089757098747847,24.0,0.6711006377526807,-0.29989589318055265,,
603843,*ST正平,成功,0.32955096912689213,41.05518410205841,0.6191578618832729,0.24230322046399497,,
603848,好太太,成功,-0.014199416047750274,28.0,0.5510875895647376,0.0458437656939275,,
603855,华荣股份,成功,-0.43587151073421815,21.0,0.5830286318480644,-0.2840876087837131,,
603856,东宏股份,成功,-0.4786805603837737,21.875822365283966,0.7208662065490464,-0.29715980990417074,,
603858,步长制药,成功,-0.2686000263910419,17.95,0.500870153574306,-0.2761896989927047,,
603859,能科科技,成功,-0.3795380925759344,34.125795125961304,0.5532947689969203,-0.17148334266655935,,
603860,中公高科,成功,-0.5076997269443482,23.1,0.6552662795917686,-0.42327477208320735,,
603861,XD白云电,成功,0.866745054279829,27.677604389190673,0.4353748780898374,0.405292426058216,,
603863,松炀资源,成功,-0.19233600541614768,30.0,0.5102194443989185,-0.018817519169307934,,
603866,桃李面包,成功,-0.6315852418375222,14.0,0.6654849105344721,-1.1290507208337137,,
603867,新化股份,成功,0.1838739118901825,23.0,0.5459325499134167,0.18648905086462533,,
603868,飞科电器,成功,-0.5144310968389968,14.0,0.570914992240221,-0.6595500867201252,,
603869,ST智知,成功,-0.382746486526116,24.0,0.6421438742293372,-0.28845302696153163,,
603871,嘉友国际,成功,-0.481723445740994,21.0,0.6501984224270507,-0.2053061376966017,,
603876,鼎胜新材,成功,-0.1981478421428443,36.0,0.7227420930683128,0.006662336065512331,,
603878,武进不锈,成功,-0.5629956363932301,25.0,0.6848692221958166,-0.35100228571460207,,
603877,太平鸟,成功,0.7161351462926625,21.0,0.4221334994347209,0.3785945716057988,,
603879,永悦科技,成功,-0.8675561813998829,33.9,0.906689531368506,-0.907491878017919,,
603880,南卫股份,成功,-0.41101016503623117,26.0,0.6362855846496235,-0.23712445121284761,,
603881,数据港,成功,0.006369993455654476,23.1,0.639192538432479,0.11194665877530044,,
603882,金域医学,成功,-0.24633209765049208,17.0,0.48429883914927474,-0.1735260526118384,,
603883,老百姓,成功,-0.5628649721637005,11.0,0.6473927679183028,-0.6655369268518901,,
603885,吉祥航空,成功,0.12374242676589638,18.0,0.4807352225478053,0.11136919525143121,,
603886,元祖股份,成功,-0.735029012866976,21.0,0.7671490050031343,-0.9071684613204699,,
603887,城地香江,成功,-0.24204651276900666,33.06289942264557,0.6977315977895332,0.1387919154932811,,
603888,新华网,成功,-0.44638049669702656,29.89793622493744,0.62521117825811,-0.21699711528356044,,
603889,新澳股份,成功,-0.4644719579446469,24.0,0.6813882959549905,-0.24252125396294574,,
603890,春秋电子,成功,-0.6886602678615789,39.0,0.8165674063928785,-0.4002954892132127,,
603893,瑞芯微,成功,-0.13105070944910288,36.6,0.7307836277401715,0.017739431589406857,,
603895,天永智能,成功,-0.47854539517404593,37.0,0.7834479956051231,-0.21965916407990915,,
603896,寿仙谷,成功,-0.22180920983645205,12.1,0.5405271547859415,-0.17786219648184295,,
603897,长城科技,成功,0.6358067348217976,30.0,0.5294378934179799,0.338285163080367,,
603898,好莱客,成功,-0.29867842045373544,21.0,0.5027040728256593,-0.20610860343044363,,
603899,晨光股份,成功,0.022838106974481343,8.1,0.2246934702024527,-0.051903081929415694,,
603900,莱绅通灵,成功,-0.29990912389695673,32.84890375137329,0.6399493263183369,-0.06987335771254824,,
603901,永创智能,成功,1.3043305420023263,30.0,0.3924413645118356,0.5117136489785284,,
603903,中持股份,成功,-0.4404231318901747,32.55,0.6509355113816165,-0.2683744821882702,,
603906,龙蟠科技,成功,1.7515119232216292,40.674623012542725,0.6364264504330884,0.5594534195389765,,
603908,牧高笛,成功,0.09174882679120303,17.105231285095215,0.5212237719965052,0.09759567812801259,,
603909,建发合诚,成功,-0.5638059860612978,13.0,0.7273657522518331,-0.40652889680310295,,
603912,佳力图,成功,-0.6270337827727868,29.23242163658142,0.7423966192353646,-0.3794659861626505,,
603915,国茂股份,成功,1.375144794462222,23.138816905021667,0.5404387986538967,0.5377329460161003,,
603917,合力科技,成功,-0.23928456302516032,26.0,0.6077317623311688,-0.07519380851613591,,
603916,苏博特,成功,-0.603279678626071,25.0,0.7330048916030414,-0.515515765380361,,
603918,金桥信息,成功,1.7798769934553054,36.140231466293336,0.4300625737868044,0.5847073334881892,,
603919,金徽酒,成功,-0.19620440646083298,26.0,0.5686552157321718,-0.04308416046556546,,
603920,世运电路,成功,-0.11618336557963878,40.34910571575165,0.7059865496307955,0.07358305667106022,,
603922,ST金鸿顺,成功,-0.3080049570659947,25.841382205486298,0.7096306247231937,-0.1248537327894047,,
603926,铁流股份,成功,0.7370200871205242,26.0,0.4164997445462657,0.38095541534331456,,
603927,中科软,成功,0.006995746955680079,18.0,0.4858628238605573,0.0010850826287649344,,
603928,兴业股份,成功,-0.7248539565459633,22.0,0.8211548068863056,-0.681165840049263,,
603931,格林达,成功,-0.3409187828545482,27.06184607744217,0.5976074995108782,-0.1350100619148287,,
603929,亚翔集成,成功,2.3124225769272524,39.238890862464906,0.47640319403983544,0.6381772754530878,,
603933,睿能科技,成功,-0.16568407770159044,40.1,0.5836279695604769,0.04223963058959949,,
603936,博敏电子,成功,-0.12522728253571738,35.0,0.6083866679671395,0.017942572136199934,,
603937,丽岛新材,成功,0.47490208249887217,24.452327680587768,0.40236712844087597,0.2865560644860044,,
603938,三孚股份,成功,1.4996148990437828,32.81943235397339,0.5942043155560661,0.552117641146894,,
603939,益丰药房,成功,-0.4562225528867031,11.0,0.6562422717104979,-0.5194008150192602,,
603948,建业股份,成功,-0.4390943231353782,26.47070116996765,0.7262808199946942,-0.27674112378874977,,
603949,雪龙集团,成功,1.0758896904602233,30.63455913066864,0.37988532127684194,0.4813322689775433,,
603950,长源东谷,成功,0.4159065493962847,27.0,0.47446053114558157,0.290611434417178,,
603955,大千生态,成功,1.7902434836335568,25.0,0.3828589747150531,0.6548827409068315,,
603956,威派格,成功,-0.6896903567166695,22.0,0.7075541861988376,-0.6374587229157385,,
603958,哈森股份,成功,0.9293853649194123,33.57821259498596,0.5094313543817637,0.42047852805199376,,
603959,ST百利,成功,0.11065825717043845,28.437122583389282,0.5623415896133384,0.14775567575403897,,
603960,克来机电,成功,-0.6143377018003786,29.335772156715393,0.6665619597228382,-0.3690530343485419,,
603966,法兰泰克,成功,-0.3910516188345826,26.1,0.6244961068120429,-0.1653281633564324,,
603967,中创物流,成功,-0.45439799884481546,20.37498528957367,0.6303210617789985,-0.30927746715617743,,
603968,醋化股份,成功,-0.043884830386492976,21.95,0.4000018616354889,0.007369724034123784,,
603969,银龙股份,成功,-0.31436320516370775,30.404642939567566,0.47222027712466036,-0.09477101026069727,,
603970,中农立华,成功,-0.44639775998420284,19.817380726337433,0.6237070310539944,-0.2718501644854807,,
603976,正川股份,成功,1.1328938666517188,18.575889420509338,0.47699562378482163,0.5127413788780719,,
603977,国泰集团,成功,-0.5817852582009917,26.81634372472763,0.6178306804588661,-0.28366218823577466,,
603978,深圳新星,成功,0.7867019739482095,33.53333282470703,0.530194270791867,0.3853923623798259,,
603979,金诚信,成功,8.028171203194406,34.95,0.37435461344115456,1.121682393640734,,
603980,吉华集团,成功,-0.13053514189196896,20.608845591545105,0.543853571061863,-0.07211364112722518,,
603983,丸美生物,成功,-0.2979836502038341,16.0,0.5399081332425262,-0.25994733293815475,,
603982,泉峰汽车,成功,-0.7069706984775913,23.40019392967224,0.7602120860913211,-0.6926291126370189,,
603985,恒润股份,成功,4.1859861801636935,33.588824534416204,0.4186114642625188,0.8219155306597399,,
603986,兆易创新,成功,-0.38936415923355694,44.27836036682129,0.7956269079479038,-0.11805589581490869,,
603987,康德莱,成功,0.1028778898639229,21.006706750392915,0.608682287906059,0.11269315292162946,,
603988,中电电机,成功,0.35940202437440455,36.45391728878021,0.5681789808618717,0.2450501324993129,,
603989,艾华集团,成功,0.15077880883126984,20.947854042053223,0.45205103322024187,0.1327739625581535,,
603990,麦迪科技,成功,-0.45345623797010814,24.1,0.6664243409167708,-0.2221241646256269,,
603991,领先股份,成功,2.822995058531232,33.5,0.5292749163103959,0.6885666893564252,,
603992,松霖科技,成功,-0.24433945603602916,26.2854704618454,0.5658876690822577,-0.07235371921436086,,
603993,洛阳钼业,成功,2.097508431630459,50.382803082466125,0.5756921822841173,0.6263556701571141,,
603995,甬金股份,成功,-0.44479814289758934,26.5,0.7336375780258466,-0.25149248800997803,,
603997,继峰股份,成功,-0.15785662279671714,34.1,0.5912152748319994,0.004550367619297052,,
603998,方盛制药,成功,-0.08405190209365537,31.0,0.5240112787023578,0.030905756743877806,,
603999,读者传媒,成功,-0.20094889172705588,29.0,0.4488337957491398,-0.04846874085511573,,
605003,众望布艺,成功,0.05647176421390672,15.221495389938354,0.5215937985160484,0.08395109038348829,,
605005,合兴股份,成功,-0.3831198118818412,16.265635466575624,0.5601553675680051,-0.39975336866879857,,
605001,威奥股份,成功,-0.6432391150204807,18.1,0.6632545717059748,-0.7856440112983485,,
605006,山东玻纤,成功,1.697542058333389,26.14890456199646,0.3732456254766992,0.6463076903167366,,
605007,五洲特纸,成功,-0.4904855903019547,17.23514711856842,0.6632025723173853,-0.4261954393098921,,
605008,长鸿高科,成功,-0.6358657064630364,14.0,0.6456528010556556,-1.1613264120009303,,
605009,豪悦护理,成功,0.2443244047089701,10.0,0.31848656457907065,0.19088953546640808,,
605011,杭州热电,成功,-0.7346531301226726,19.0,0.7939251016921229,-0.9108092692903452,,
605016,百龙创园,成功,-0.4567260023979288,14.856958985328674,0.6630047638311006,-0.20931168499532077,,
605020,永和股份,成功,-0.05241491135192424,19.0,0.5623084781898863,0.05627247916291018,,
605018,长华集团,成功,-0.33121170512076975,29.81693414449692,0.5600526603309366,-0.13590364096794974,,
605028,世茂能源,成功,0.21332731572261793,19.817608690261842,0.5326575711083783,0.21792004861926204,,
605033,美邦股份,成功,0.20786791967726617,18.570840454101564,0.3916439421309169,0.21337980880678614,,
605050,福然德,成功,-0.2551579001213859,23.95,0.6112633506914281,-0.1050329462654018,,
605055,迎丰股份,成功,0.5283292007588458,19.945918142795563,0.3589674879798038,0.35304182997788874,,
605056,咸亨国际,成功,-0.3703112404046126,26.297493743896485,0.5525101181975496,-0.2638087202426071,,
605058,澳弘电子,成功,-0.05176294828092199,23.1,0.6283400821247335,0.03524520966597075,,
605060,联德股份,成功,6.266121542416166,25.1,0.2644593219545604,1.1560076492563713,,
605066,天正电气,成功,-0.33312516229637595,18.0,0.5442285260394036,-0.2915491964895193,,
605068,明新旭腾,成功,-0.33690900228947956,22.0,0.4795927579680264,-0.1977030175087103,,
605069,正和生态,成功,-0.04922652462248341,26.1,0.473382829549082,0.06344785708943736,,
605077,华康股份,成功,-0.5474465990021633,8.0,0.6094928732844873,-0.7165509084965394,,
605080,浙江自然,成功,-0.04694081294810661,16.32301969528198,0.4138576316790184,-0.01675966013516133,,
605086,龙高股份,成功,-0.45950924131550125,17.257092595100403,0.5392392361108973,-0.3433181848876673,,
605088,冠盛股份,成功,-0.026271285645115276,32.0,0.4630767513497883,0.03706059019540728,,
605089,味知香,成功,0.24249084755631878,18.987533247470857,0.3832578987028077,0.21580318136794313,,
605090,九丰能源,成功,-0.23043124989289135,19.01343241930008,0.5050638586918962,-0.1820790142076223,,
605098,行动教育,成功,0.6129361279262905,15.0,0.28972984881223846,0.4173454131265914,,
605099,共创草坪,成功,0.5484055701246683,22.976370787620546,0.5452632607017587,0.34596649902208687,,
605100,华丰股份,成功,0.08605073131844707,23.0,0.5386754728774064,0.1618099236982736,,
605108,同庆楼,成功,-0.5730045749425849,26.2680606842041,0.6946207196978028,-0.42246599119522493,,
605111,新洁能,成功,-0.5716629010194838,27.214854180812836,0.7239089405509045,-0.38979761366965515,,
605116,奥锐特,成功,-0.3331634236748048,32.613014459609985,0.5549338189281304,-0.19839597674321335,,
605117,德业股份,成功,-0.5802805602622612,37.0,0.8342855213450833,-0.1641324335800186,,
605118,力鼎光电,成功,0.04019632134165164,38.102749705314636,0.5775171129302319,0.14297019294753166,,
605122,四方新材,成功,-0.5089670897881478,18.0,0.5690715100121241,-0.7676257703781736,,
605123,派克新材,成功,-0.5646145763898521,29.0,0.661062655766285,-0.46328904495325146,,
605128,上海沿浦,成功,-0.3367739181427397,24.695186018943787,0.5483590251942208,-0.22887598067162404,,
605133,嵘泰股份,成功,-0.35958222876089346,33.2263605594635,0.565187312672403,-0.11542794762384334,,
605136,丽人丽妆,成功,0.12119370747465756,26.978077864646913,0.5109599155489113,0.16686211339316925,,
605138,盛泰集团,成功,-0.4636427983286554,20.084881138801574,0.5615276112452209,-0.4663146932676212,,
605151,西上海,成功,-0.5757816782168619,25.16853356361389,0.7091448691620412,-0.448978688184795,,
605155,西大门,成功,-0.24098150825281234,16.0,0.4638860419498551,-0.15624767224988179,,
605158,华达新材,成功,-0.6245737948863989,16.0,0.6916824531765677,-0.6104598797750286,,
605162,新中港,成功,-0.14039854836515397,22.0,0.5964090586375113,0.005643241673420357,,
605166,聚合顺,成功,-0.3853593858148231,24.0,0.6206074520726111,-0.24789348262211128,,
605167,利柏特,成功,-0.1382233029480338,23.89507234096527,0.4444343572440123,0.006272953726195339,,
605168,三人行,成功,0.6775731623685858,29.1,0.5948322315986619,0.37878667965577983,,
605169,洪通燃气,成功,-0.00047401288264925826,24.0,0.5515574544109089,0.05574762864913968,,
605177,东亚药业,成功,-0.27336332618273373,8.0,0.4305372513076771,-0.21270421657435692,,
605178,时空科技,成功,1.4020920174049647,23.78285837173462,0.43368556962515775,0.5785181216518713,,
605180,华生科技,成功,-0.562518078562647,17.66310397386551,0.6302416495353761,-0.5470556556063871,,
605179,一鸣食品,成功,0.2925420472988028,23.648248386383056,0.4550842858543855,0.25006604132157556,,
605183,确成股份,成功,-0.3399027825070024,17.049999999999997,0.41535746751157243,-0.2348386677754179,,
605186,健麾信息,成功,-0.5565837009753711,22.1,0.7278887512878378,-0.5213410779594165,,
605189,富春染织,成功,-0.24679235781840644,16.0,0.48682078470065315,-0.19969799512018063,,
605188,国光连锁,成功,-0.32461776050034635,36.95,0.4202419060062531,-0.07454139515057408,,
605196,华通线缆,成功,0.7993347279149472,28.0,0.5554927379787519,0.45966524601776126,,
605198,安德利,成功,0.5019506965530285,36.15,0.4325774715126727,0.32403341384329476,,
605208,永茂泰,成功,0.8202094570537392,18.60070881843567,0.387409963149173,0.48886755293627443,,
605199,ST葫芦娃,成功,-0.5601077319168655,21.14611780643463,0.5984235846895958,-0.5486401122282372,,
605218,伟时电子,成功,-0.31189390503693853,29.29485148191452,0.5543430007089081,-0.13108304366452203,,
605222,起帆电缆,成功,0.07378097911734047,20.0,0.4914889463858383,0.09445358961839063,,
605228,神通科技,成功,-0.40491826629014266,32.22637379169464,0.5393207645624392,-0.2229802736866481,,
605255,天普股份,成功,-0.42866224952057774,34.3,0.635102893756477,-0.17736164914962704,,
605258,协和电子,成功,-0.5947513445251926,21.039204692840578,0.6532860887803257,-0.5189359880240391,,
605259,绿田机械,成功,-0.20037703824017153,12.0,0.5401385207036948,-0.17296891150078586,,
605266,健之佳,成功,-0.5795256494086859,11.0,0.5902860678948068,-0.6992912501682683,,
605268,王力安防,成功,-0.26720279897534854,17.1,0.5784884571221413,-0.1687834796547873,,
605277,新亚电子,成功,0.22711828485846913,20.610973358154297,0.3584124142157964,0.20716876776976245,,
605286,同力天启,成功,0.9902795435231277,27.0,0.3807800276175614,0.44719637861867956,,
605287,德才股份,成功,-0.04893320301324755,24.370123744010925,0.6327945773003236,0.024310451729382954,,
605288,凯迪股份,成功,-0.45690602064278607,16.390628218650818,0.5626048627414864,-0.31314926230731394,,
605296,神农集团,成功,-0.43223074041473714,14.5,0.49493691120724775,-0.4464189067959162,,
605289,罗曼股份,成功,0.9416252412440141,37.05125445127487,0.49639417724076546,0.49700921384711766,,
605298,必得科技,成功,0.5716326290519887,22.0,0.4680926627971701,0.3759687049676563,,
605299,舒华体育,成功,-0.23839275126992476,33.08073992729187,0.5613742255042719,-0.0677383546296304,,
605300,佳禾食品,成功,-0.32573644606413565,21.608232736587524,0.3768056244998799,-0.2496796595349196,,
605303,园林股份,成功,1.0293318636909385,30.666443467140198,0.4008706827455142,0.541463522819408,,
605305,中际联合,成功,0.8933306971562797,16.95,0.44232909658063124,0.5258401608108996,,
605318,法狮龙,成功,1.3056374791861616,27.2,0.541644574064466,0.5668530651390412,,
605319,无锡振华,成功,-0.17302283342752053,22.0,0.4148652908764208,-0.01947381746551748,,
605333,沪光股份,成功,0.48947463745067826,32.1,0.426056094928445,0.3144856674962005,,
605336,*ST帅电,成功,-0.528493235868544,20.1,0.5605086109924232,-0.46710966497462014,,
605337,李子园,成功,-0.5235849771475474,15.0,0.5921748328930657,-0.6048041505078129,,
605338,巴比食品,成功,0.19496753325028185,17.0,0.3450222077710906,0.15993077459491803,,
605339,南侨食品,成功,-0.3744003021874527,9.1,0.4735644703328391,-0.49855359022771545,,
605358,立昂微,成功,-0.304281659425338,20.5,0.5250898087432622,-0.23006454997278242,,
605365,立达信,成功,-0.15132143048257335,23.1,0.5136852978179289,-0.026295701216250876,,
605366,宏柏新材,成功,-0.5420407634150872,29.0,0.6253475075475862,-0.2758605823870603,,
605368,蓝天燃气,成功,-0.4763950637212681,9.0,0.644489119851918,-0.47654756872401355,,
605369,拱东医疗,成功,-0.25794542278952576,17.0,0.4976993770613695,-0.12447276542205879,,
605376,博迁新材,成功,2.9983628834140834,28.216113913059235,0.445954830861086,0.8617692487044332,,
605378,野马电池,成功,-0.6568946468581108,21.1,0.7007723328047831,-0.46503613306427566,,
605377,华旺科技,成功,-0.600009407275534,16.38719516992569,0.6420296151034048,-0.5070044881668866,,
605389,长龄液压,成功,1.3221361625971202,18.1,0.5291069909918381,0.584087942341917,,
605388,均瑶健康,成功,-0.6074465648624652,20.902924180030823,0.6566958545370796,-0.746129306364814,,
605398,新炬网络,成功,-0.1981673617196968,22.622998929023744,0.6152031642548761,-0.03986497492079198,,
605399,晨光新材,成功,0.35934453332552946,29.148567390441894,0.6478637147898285,0.26947620719387894,,
605488,福莱新材,成功,0.05889305597731684,27.1,0.549784013578272,0.14994757830611163,,
605499,东鹏饮料,成功,-0.21362492948035433,23.0,0.31828013799934146,-0.09887003889162647,,
605507,国邦医药,成功,0.49632734004464235,10.95,0.28289498244862943,0.37996084115896483,,
605500,森林包装,成功,-0.6701306778265446,9.446691155433655,0.7080505136064841,-0.7189326755622842,,
605555,德昌股份,成功,-0.5802569149307086,16.0,0.6255263599953133,-0.5284703899378178,,
605566,福莱蒽特,成功,0.5023527071022091,17.1,0.4402129253145901,0.38590035809719686,,
605567,春雪食品,成功,-0.39070114140298623,12.1,0.45077754973270745,-0.4945731540710873,,
605580,恒盛能源,成功,-0.3480799336988576,19.0,0.580131620949288,-0.1591048270379983,,
605577,龙版传媒,成功,-0.2349001528298769,25.172394371032716,0.5019426192923296,-0.12281208646768259,,
605588,冠石科技,成功,-0.5175046438550176,27.1,0.6264446256523772,-0.36431112804364196,,
605589,圣泉集团,成功,-0.17129402832253474,25.1,0.6437998353827035,-0.05505599064048677,,
605598,上海港湾,成功,0.6009218327278592,34.5240238904953,0.4363859034693247,0.4089610974687815,,
605599,菜百股份,成功,0.5171236843010812,18.90633475780487,0.3229466103955118,0.4059879248213077,,
688001,华兴源创,成功,-0.4322549245736705,31.1,0.6944734821247243,-0.18415339588963953,,
688004,博汇科技,成功,-0.6009007024801553,17.0,0.6495732502034461,-0.5286303878158367,,
688002,睿创微纳,成功,0.3297741878162752,23.027910423278808,0.45558132183869793,0.23154204575983467,,
688003,天准科技,成功,-0.03997073958791138,37.0,0.6682613908612134,0.12542530041084748,,
688005,容百科技,成功,-0.2669444240019383,36.0,0.5858142560674711,-0.01794265124707473,,
688008,XD澜起科,成功,-0.7629974509358617,27.0,0.7834507636874186,-0.6439299376443386,,
688006,杭可科技,成功,-0.4999123595192477,30.0,0.725131034954898,-0.2663684682761849,,
688007,光峰科技,成功,-0.11028650289332989,28.0,0.5564348448512783,-0.00442426947403635,,
688009,中国通号,成功,0.004542635866116761,13.0,0.23358731685233974,-0.03135236782801632,,
688010,福光股份,成功,-0.692434998130684,28.0,0.7494552745750607,-0.6481729508577493,,
688011,新光光电,成功,0.31290916337912816,29.5,0.7233329529510949,0.23789553771396307,,
688012,中微公司,成功,-0.6734988491305167,41.122215640544894,0.8142260436325213,-0.29319300633711415,,
688013,天臣医疗,成功,1.4271591385329612,10.0,0.2631991228396072,0.7263766986163965,,
688015,交控科技,成功,-0.7748015521258879,19.30830693244934,0.7748015521258879,-0.8483893284931386,,
688017,绿的谐波,成功,-0.7080178065834309,59.316258502006534,0.8292158460988855,-0.2793996713108581,,
688016,心脉医疗,成功,-0.673937366610724,28.05,0.8136369193777448,-0.44540005988468623,,
688018,乐鑫科技,成功,-0.6528251017711016,38.1,0.7788164074711108,-0.22862866053648156,,
688019,安集科技,成功,-0.8663428686073137,44.29130301475525,0.9531340814753201,-0.5909937851189462,,
688020,方邦股份,成功,-0.2102327139421813,29.73260009288788,0.6687410142920454,0.024522883697444764,,
688021,奥福科技,成功,1.2063982736318457,26.0,0.39893440956567683,0.5533386805911629,,
688022,ST瀚川,成功,-0.4194969981428347,31.0,0.6196159536261493,-0.176791495377011,,
688023,安恒信息,成功,-0.1181924392754014,33.95,0.4278791001001637,0.07494719349441627,,
688025,杰普特,成功,0.5127656624116833,42.0,0.7017479611686287,0.33151119737129126,,
688026,洁特生物,成功,-0.45848404394510095,21.963748490810396,0.6847096660820391,-0.30259354692111856,,
688027,国盾量子,成功,1.2363793882829397,41.1,0.5205885957156055,0.5043967146324286,,
688031,星环科技,成功,1.8407874690554284,25.14227795600891,0.3357947001249025,0.8202199829450489,,
688028,沃尔德,成功,1.0707448328824378,38.2,0.4902631661391444,0.4468372607815675,,
688029,南微医学,成功,-0.6627663685364052,22.303608226776124,0.7415664417103421,-0.6117304404661983,,
688030,山石网科,成功,-0.4406643133406328,18.0,0.6006897742577385,-0.38993574187324154,,
688032,禾迈股份,成功,-0.3897193587517356,19.200000000000003,0.7079199420921521,-0.27657744033364046,,
688035,德邦科技,成功,1.0726369442622434,19.95,0.32771718326568394,0.659334261846718,,
688033,*ST天宜,成功,-0.6056157751136025,33.0,0.7512399043797419,-0.43751973767679475,,
688036,传音控股,成功,0.5426888092933089,32.83255836963654,0.45366440333686425,0.30748396394329,,
688038,中科通达,成功,-0.43911954145163234,27.0,0.5676000474167613,-0.3243191369310662,,
688037,芯源微,成功,1.0530465717129749,53.2,0.4876943820061154,0.44328002640641073,,
688041,海光信息,成功,1.4034841040053034,34.650000000000006,0.3523388067499567,0.7213775285839268,,
688039,当虹科技,成功,0.10235025232781875,32.37631199359894,0.5484482767388945,0.18263776044509525,,
688045,必易微,成功,-0.6518363089707262,16.385892510414124,0.7234947205755569,-0.8985239234043081,,
688046,药康生物,成功,-0.21210243641158683,15.1,0.5129317793524885,-0.15701765214070318,,
688047,龙芯中科,成功,0.6095653448217656,23.95,0.46384387396468024,0.46023679854246397,,
688048,长光华芯,成功,1.4430877347325188,37.039438009262085,0.6465771670572478,0.6466660011187322,,
688049,炬芯科技,成功,-0.5895021656250031,20.1,0.5970761321088014,-0.4835808522653253,,
688050,爱博医疗,成功,-0.1851789682957405,19.2,0.6582448093100842,-0.056762796969521224,,
688052,纳芯微,成功,0.10093952099969378,24.0985968708992,0.3716203535465872,0.18025024459623837,,
688051,佳华科技,成功,-0.40599863686000615,25.94999384880066,0.7069097976329819,-0.2359770703961975,,
688053,ST思科瑞,成功,-0.6127660965832886,19.95,0.6316281166945988,-0.7527130752374998,,
688055,龙腾光电,成功,-0.4616112425405934,17.1,0.5830892942720369,-0.3451485743874208,,
688056,莱伯泰科,成功,-0.6017161567157883,24.0,0.6177626274698577,-0.6049378094843528,,
688057,金达莱,成功,-0.14915221077499752,10.95,0.5578980695570778,-0.1478842016793543,,
688058,宝兰德,成功,-0.8748363713822771,26.0,0.8932899488568683,-1.1296833366102483,,
688061,灿瑞科技,成功,-0.3330896321383312,9.0,0.46804805350784134,-0.41474064025021923,,
688059,华锐精密,成功,0.2954611947308114,28.948116064071655,0.5498796607736012,0.2553113365479164,,
688062,迈威生物,成功,0.24981868576693117,22.027052438259126,0.46778337333107234,0.2607595148377832,,
688060,云涌科技,成功,-0.2846803628630395,16.0,0.49742924462435134,-0.259045029444677,,
688063,派能科技,成功,1.272311458880484,24.95,0.5802452987742087,0.5611117528476534,,
688065,XD凯赛生,成功,-0.052784877833923965,15.0,0.49992642634607215,-0.04650581772601885,,
688067,爱威科技,成功,-0.06683777183499755,16.0,0.44549634739032384,-0.033542077648430764,,
688066,*ST航图,成功,-0.5852109665162101,28.234103441238403,0.6786928978005893,-0.34615432576507127,,
688069,德林海,成功,-0.3876831286460315,15.0,0.6718934345914886,-0.3225216715801066,,
688070,纵横股份,成功,-0.42004502215415884,26.9,0.5544999598473982,-0.2151481857881505,,
688068,热景生物,成功,5.666996210202059,52.1,0.47418300624573423,0.6456678532158903,,
688071,华依科技,成功,-0.3282644158248385,32.1,0.5321425727680054,-0.1487010395065439,,
688073,毕得医药,成功,-0.1494797965206542,13.1,0.3948728432215326,0.0035152221618600633,,
688072,拓荆科技,成功,0.831922951388445,37.45,0.6187259831540765,0.5284446364620429,,
688075,安旭生物,成功,-0.5587192159784177,8.95,0.6171694535506245,-0.5873692613009271,,
688076,ST诺泰,成功,1.3384303152693684,17.0,0.3452027565792098,0.6716386720849932,,
688077,大地熊,成功,-0.30732024608181163,34.430747389793396,0.6360695053428115,-0.0524650351791745,,
688079,美迪凯,成功,-0.5952662797127172,30.495798921585084,0.616332254683606,-0.46714607134550273,,
688078,龙软科技,成功,-0.19934301784068287,15.2,0.43010950985372076,-0.1259166299358077,,
688080,映翰通,成功,-0.09499214386889565,26.065922117233278,0.4763363566593789,0.03374484716849486,,
688082,盛美上海,成功,-0.2373392401013647,31.07427340745926,0.6122196392251958,-0.0412619877480214,,
688083,中望软件,成功,-0.782184369683445,13.95,0.7930773305189879,-0.9488880314378365,,
688081,兴图新科,成功,0.03962946968443619,29.17448353767395,0.6968277733038813,0.12484737336990814,,
688084,晶品特装,成功,0.33219873401714284,15.474437475204468,0.33711121024399376,0.36008407030139117,,
688087,英科再生,成功,0.12498181954111744,8.5,0.3590169837616242,0.12160678768706729,,
688085,三友医疗,成功,-0.3961493148008186,18.0,0.5038607571215077,-0.26216618670805036,,
688088,虹软科技,成功,-0.46130995712115663,27.0,0.6238840508718706,-0.2401801725189762,,
688089,ST嘉必优,成功,-0.0948419567305439,29.0,0.5112211140711954,0.048732253527590634,,
688091,上海谊众,成功,-0.15300416637603179,15.293514585494995,0.48964632508375533,-0.07587781196085318,,
688090,瑞松科技,成功,0.2615156634789104,30.916430115699768,0.711651969484067,0.21881090018700794,,
688092,爱科科技,成功,-0.07450985538840221,11.0,0.3893941238129977,-0.05756708857856811,,
688093,世华科技,成功,-0.4855338364667682,24.132997393608093,0.703263893827112,-0.34433143150167295,,
688095,福昕软件,成功,-0.3806911596714311,32.1,0.5392438234276651,-0.10184496896688373,,
688097,博众精工,成功,-0.49433747066253564,31.585155725479126,0.6472569918567023,-0.3400858006872371,,
688096,京源环保,成功,-0.7052176480519432,20.76673412322998,0.7644888592817733,-0.6556094664455624,,
688098,申联生物,成功,-0.0471737860991263,18.0,0.5692570235254353,-0.01848146563373537,,
688099,晶晨股份,成功,0.061550259629629143,31.0,0.7531845854949148,0.12578242500387415,,
688100,威胜信息,成功,-0.48844142716230776,22.9148051738739,0.6446259023547011,-0.2775381602972539,,
688101,三达膜,成功,-0.4250022451926685,23.1,0.7175758691618372,-0.30368012004046446,,
688102,斯瑞新材,成功,0.09370096709181278,31.0,0.6241118375269725,0.18471928354265535,,
688103,国力电子,成功,-0.11362919698696729,23.0,0.6038543677328522,-0.017690373224275732,,
688105,诺唯赞,成功,-0.5497412623690889,12.935959875583649,0.5757798233798184,-0.618491290955687,,
688107,安路科技,成功,0.07459284621788669,18.33792600631714,0.38674367620567945,0.1537604392375362,,
688106,金宏气体,成功,0.09151651033409071,23.0,0.5545398262198461,0.12769182767417567,,
688109,品茗科技,成功,-0.6096288649009853,23.310883474349975,0.6766069867153394,-0.39569876208319277,,
688110,东芯股份,成功,-0.11815841204511991,24.2,0.5194038612579284,0.05971652340936593,,
688108,赛诺医疗,成功,-0.2404838677398718,33.1,0.6392522211588576,-0.05462031665723302,,
688111,金山办公,成功,0.10497325567385501,34.95,0.5175874481006473,0.17187381141255026,,
688112,鼎阳科技,成功,-0.4490843087847846,19.0,0.7427829612701442,-0.28738479148529367,,
688114,华大智造,成功,-0.3598949908582195,14.100916147232056,0.38674320285484715,-0.5349472602937666,,
688113,联测科技,成功,-0.6894997318003586,14.296735346317291,0.7031827223643916,-0.9446136405187158,,
688115,思林杰,成功,-0.6531388974167122,14.0,0.7072068289214842,-0.900123625515054,,
688117,圣诺生物,成功,-0.21329638824483016,21.0,0.47584559840464924,-0.11473696731979179,,
688116,天奈科技,成功,-0.536811683559555,36.293516552448274,0.6768102485551521,-0.2513515253415621,,
688119,中钢洛耐,成功,-0.40922194996898065,13.212966322898865,0.5422569654854145,-0.5354305075863077,,
688118,普元信息,成功,-0.20414272645049802,31.1,0.45487045689078853,-0.032623670171777405,,
688120,华海清科,成功,-0.294050726616162,24.621583461761475,0.7244662391076728,-0.050465427685119524,,
688121,*ST卓然,成功,-0.5914618916634229,18.940606594085693,0.6321581043612798,-0.8218353600611958,,
688125,安达智能,成功,1.303952538743642,23.3,0.5097733113680581,0.6899403550988931,,
688122,西部超导,成功,1.0989880071606848,28.0,0.46339504795333947,0.45819375104332943,,
688123,聚辰股份,成功,-0.5218870371616487,41.0,0.7478816850124701,-0.13709865193015053,,
688126,沪硅产业,成功,-0.5922500737056184,24.200048780441286,0.6420945056624614,-0.6520922356275981,,
688127,蓝特光学,成功,-0.46675848285436006,34.3470475435257,0.6729197582981633,-0.20432547813872162,,
688128,中国电研,成功,-0.09501659313262804,23.26959357261658,0.48740976426035576,-0.002844042672139863,,
688129,东来技术,成功,1.0039777970559791,15.1,0.27426138178826315,0.5296037998093781,,
688130,晶华微,成功,-0.7057352974561735,14.0,0.707083074719733,-1.3057095424350595,,
688132,邦彦技术,成功,-0.4371094735345901,9.94393801689148,0.487167798211915,-0.5261228227006651,,
688131,皓元医药,成功,-0.49736059899130625,20.922817885875702,0.6523116266431863,-0.29707745531210844,,
688135,利扬芯片,成功,-0.6395386977751419,31.1,0.7971117687494909,-0.3867275481995641,,
688133,泰坦科技,成功,-0.39664439618521874,21.009933650493622,0.7380341383753494,-0.268275465210776,,
688137,近岸蛋白,成功,-0.07272465613082386,9.0,0.3368272158859935,-0.11035503958886689,,
688136,科兴制药,成功,-0.29691518033344194,19.0,0.6357016396786009,-0.12763158367136146,,
688141,杰华特,成功,0.7612172815640448,23.0,0.5391753933970537,0.594314460931128,,
688143,长盈通,成功,0.09486356088259068,28.601277542114257,0.5822897024143419,0.23424971633693245,,
688138,清溢光电,成功,-0.8577279587367345,38.1,0.9058942717189408,-0.8265285737686033,,
688139,海尔生物,成功,0.18085347420452802,22.0,0.720319923886293,0.15629125457135778,,
688146,中船特气,成功,0.058179296381412275,11.7,0.4087607594986296,0.16244006388689822,,
688147,微导纳米,成功,2.3408964650415416,26.707595801353456,0.34536524093453613,1.064632183601493,,
688150,莱特光电,成功,0.7716148922353165,18.736601662635803,0.4607946048231702,0.5053996325191438,,
688148,芳源股份,成功,-0.02225907874140772,23.0,0.5316448983246072,0.10082416593506502,,
688151,华强科技,成功,-0.33816393843404746,11.0,0.46960061569142847,-0.3250508899946097,,
688152,麒麟信安,成功,-0.5748607532133341,13.936258852481842,0.5958741615802292,-0.8496452107556415,,
688153,唯捷创芯,成功,0.07407913296596468,16.476488709449768,0.533878211168568,0.11923889033178005,,
688155,先惠技术,成功,-0.14635122758924904,28.200000000000003,0.650612707691579,0.08457754592529051,,
688156,路德科技,成功,1.0287508515653045,23.0,0.46719674934423905,0.5035360105141329,,
688157,松井股份,成功,-0.6613380154332629,25.0,0.6900359848970409,-0.6067387301739903,,
688158,优刻得,成功,0.13955524547775028,33.14355134963989,0.5202942798353987,0.19924360723345827,,
688159,有方科技,成功,-0.3395388210562385,42.97594032287598,0.6619186685347014,-0.04881641691475663,,
688161,威高骨科,成功,-0.3043789839792381,15.0,0.47052510282529836,-0.38904819330226215,,
688160,步科股份,成功,-0.5466769372461208,47.0,0.6644943654028133,-0.16953176294959163,,
688162,巨一科技,成功,0.24682404840067204,15.0,0.36913262109426725,0.2414718658879045,,
688163,赛伦生物,成功,0.06049602393654423,14.05,0.3821952605840954,0.13606158202424742,,
688165,埃夫特,成功,-0.7859355938475653,32.1,0.7924891674108341,-0.7022496383969303,,
688166,博瑞医药,成功,-0.6247753411115773,23.0,0.7768898927346082,-0.4389324946077956,,
688167,炬光科技,成功,0.1649561923369247,39.0,0.6574794269629828,0.29304380265883473,,
688168,安博通,成功,-0.17661782842929824,24.0,0.5838538683484126,-0.057031453119683495,,
688170,德龙激光,成功,-0.008815702831137313,20.1,0.4781624870207466,0.12490817610915858,,
688171,纬德信息,成功,-0.004031472391718271,22.95,0.353369355937333,0.09565060342147115,,
688169,石头科技,成功,0.15830046241113682,28.1,0.7001050735363065,0.1762806886000722,,
688172,燕东微,成功,-0.12858021129181071,27.51292802095413,0.6714544605121824,0.014557775533622154,,
688173,希荻微,成功,0.13325722689849456,22.93804430961609,0.46061382197112904,0.18840364560394054,,
688175,高凌信息,成功,0.24205893496535805,14.0,0.396154538465396,0.2611480100843383,,
688176,亚虹医药,成功,0.9400365720580757,18.0,0.3013117164911915,0.5727791771374001,,
688177,百奥泰,成功,-0.18255588328879238,18.917652428150177,0.45087620999666916,-0.12188851276965579,,
688179,阿拉丁,成功,0.11782664366907178,19.0,0.4626159381056052,0.14741411816063865,,
688178,万德斯,成功,-0.1149811675747564,18.14875853061676,0.4696382480921213,-0.06731843644557099,,
688180,君实生物,成功,-0.2562709426107246,16.5,0.459966631572578,-0.14532205215504732,,
688182,灿勤科技,成功,1.4639990764396376,23.0,0.3719554897216739,0.6850959337847656,,
688181,八亿时空,成功,-0.18219195378395803,24.1,0.6751684335092908,-0.062039358774684084,,
688184,ST帕瓦,成功,-0.4659025641936677,7.95,0.5304482360652497,-0.8425265925460806,,
688183,生益电子,成功,0.4175055133452645,36.4979211807251,0.5817675706967809,0.32790391634845156,,
688187,时代电气,成功,-0.05169929433378813,18.0,0.3383243032160696,0.0024442086747631523,,
688185,康希诺,成功,-0.3253641329852589,22.95,0.5457127396386248,-0.19745244306329862,,
688186,广大特材,成功,0.9059361871655119,31.255322813987732,0.5183558966090182,0.4212234382145803,,
688188,柏楚电子,成功,-0.5226988279289444,29.0,0.7935239509594844,-0.1981521972054072,,
688190,云路股份,成功,-0.07076547175184635,13.0,0.464725107329959,0.02887623324976011,,
688189,ST南新,成功,-0.32294292684789005,22.0,0.5286635721616554,-0.20932135983911518,,
688191,智洋创新,成功,0.3099059186081386,27.26459765434265,0.5182067253191872,0.28564106828639524,,
688192,迪哲医药,成功,-0.01718167553081759,19.1,0.6429766694560123,0.07390018841128966,,
688193,仁度生物,成功,-0.22051151777173028,17.0,0.36775873938622405,-0.21449984617285248,,
688195,腾景科技,成功,0.9779264027440994,43.2,0.543495880764555,0.4890542061331591,,
688197,首药控股,成功,-0.6019684619486348,28.0,0.7717234642891408,-0.7141820275982652,,
688196,卓越新能,成功,2.090617316396444,32.0,0.42988422416047545,0.6168439591083241,,
688198,佰仁医疗,成功,-0.06107242508317242,21.95,0.7588379461109767,0.02093081827716053,,
688200,华峰测控,成功,2.3688688962005418,49.51081085205078,0.6651127326371749,0.6387810346838767,,
688199,久日新材,成功,-0.4713887331974438,21.0,0.6388251008775196,-0.3275380398234453,,
688201,ST信安,成功,0.2825672971864299,20.845641255378723,0.44280667811557445,0.23832945543448242,,
688203,海正生材,成功,-0.27755284703978306,10.1,0.41363511284859106,-0.2454886227672974,,
688205,德科立,成功,0.07191713480324367,29.549723982810974,0.5799700289280303,0.2304904923322727,,
688206,概伦电子,成功,1.0559070232200325,25.484923481941223,0.5003642220634897,0.5729919184150389,,
688202,美迪西,成功,2.195678405241949,40.12462270259857,0.6528502589943969,0.6037125502392157,,
688207,格灵深瞳,成功,-0.40176126066678197,17.24156028032303,0.5481109669133787,-0.22218075115036195,,
688209,英集芯,成功,0.3651666216038601,21.1,0.28442753073822596,0.34320588766144156,,
688210,统联精密,成功,-0.5655857543582691,23.292914152145386,0.6525932017700978,-0.36761203879656834,,
688208,道通科技,成功,-0.7093919433643222,26.04550919532776,0.8510244075207467,-0.48224988116764067,,
688211,中科微至,成功,-0.07004212952416507,10.0,0.4907615911308181,-0.04521338801824581,,
688212,澳华内镜,成功,-0.22441649462454005,8.0,0.4002473526254039,-0.3144987886484024,,
688213,思特威,成功,-0.4746713582389098,18.0,0.5541905448172488,-0.4042858255847945,,
688215,瑞晟智能,成功,0.14569850950424953,18.0,0.44610716771099107,0.15103735441554672,,
688216,气派科技,成功,-0.564940019382917,21.566404461860657,0.7685718323674121,-0.44586489494598736,,
688217,睿昂基因,成功,-0.30657938637755056,9.0,0.4587960401404128,-0.2931215400796769,,
688218,江苏北人,成功,-0.5700276161969894,32.95428402423859,0.7510458157637154,-0.3331011260013967,,
688219,会通股份,成功,-0.5540644874762645,25.1,0.6129170233337452,-0.463334783169455,,
688220,翱捷科技,成功,-0.4420659591564621,24.1,0.5493557222241533,-0.34983969162185385,,
688221,前沿生物,成功,-0.0019273149025828753,28.63273677825928,0.48986888616083096,0.12951829983387836,,
688223,晶科能源,成功,-0.6851854839098096,17.0,0.7031975792202628,-0.9568470152022512,,
688225,亚信安全,成功,-0.6041134476377352,24.0,0.6471335011217362,-0.5695624344797974,,
688222,成都先导,成功,0.512779111819609,32.150723814964294,0.5297952480908088,0.3100731285514691,,
688226,威腾电气,成功,1.8653850517443695,33.1,0.4218425502284746,0.7143466112881105,,
688227,品高股份,成功,0.3654075134970137,26.0,0.6415166940643302,0.3310763265556057,,
688228,开普云,成功,-0.6111245394945253,29.220742678642274,0.6834514061128736,-0.3544357797767433,,
688229,博睿数据,成功,0.7477770307323028,29.256007885932924,0.45393920478093464,0.39289175930887166,,
688230,芯导科技,成功,-0.7430555122029615,23.0,0.7826207626203586,-0.7972785469041793,,
688231,隆达股份,成功,0.5369980102151769,11.0,0.24791154791154799,0.4904770804913261,,
688232,新点软件,成功,-0.19787367410193837,15.1,0.5035833792726581,-0.20767054761985795,,
688234,天岳先进,成功,0.7432709773503575,29.0,0.495225250448471,0.47457894381746124,,
688235,百济神州,成功,0.13234460366016587,21.5,0.48902611873566054,0.192047814292899,,
688233,神工股份,成功,0.35437793295173237,40.30629277229309,0.7537738838533408,0.2627488563362024,,
688237,超卓航科,成功,-0.29603060164817346,14.0,0.6016667000398632,-0.37066995353617976,,
688236,春立医疗,成功,0.4609796511145448,20.0,0.48564467042785026,0.37469721800280176,,
688238,和元生物,成功,-0.5471400977126836,11.0,0.5479643760803524,-0.8609033389190245,,
688239,航宇科技,成功,-0.0018281179774606426,20.0,0.5785274253593364,0.12194248080944155,,
688244,永信至诚,成功,-0.15570856075201606,9.95,0.48632059564693725,-0.030017425586041233,,
688246,嘉和美康,成功,0.2868075368380078,16.1,0.4996671863619828,0.27180000229374746,,
688247,宣泰医药,成功,-0.5292405834348156,12.0,0.5292405834348156,-1.1168026615055624,,
688249,晶合集成,成功,0.11326201728713262,17.0,0.3492574455881664,0.22282408692997857,,
688248,南网科技,成功,1.3709012441772936,23.1,0.4762373196657405,0.7062229808250383,,
688252,天德钰,成功,-0.28345788431238367,15.95,0.49886458913387405,-0.10871969145658357,,
688251,井松智能,成功,-0.22856598453661106,19.0,0.3835789743280583,-0.12590260583285287,,
688253,英诺特,成功,0.46399788137203607,21.95,0.4921231595752187,0.41766313345472916,,
688255,凯尔达,成功,0.8211551557036484,21.1,0.3725789532559531,0.5143537379018704,,
688257,新锐股份,成功,0.17327585282701752,23.4,0.5013871529949915,0.20819459354954997,,
688256,寒武纪,成功,0.5164734070827911,50.14562153816223,0.4956948575551243,0.3576819826902109,,
688258,卓易信息,成功,0.45973927347881544,41.26554605960846,0.5238972251628399,0.29317735187680427,,
688259,创耀科技,成功,-0.7366567078704737,14.129284143447876,0.7761165725718774,-1.182355178239758,,
688261,东微半导,成功,-0.33528328396635565,20.95,0.6700348185424733,-0.1305770719358451,,
688260,昀冢科技,成功,0.2394821404678018,32.35918025970459,0.5645853262463222,0.2527761734332896,,
688262,国芯科技,成功,-0.12491929565107188,28.0,0.6651912454121445,0.10284706682672429,,
688265,南模生物,成功,-0.2817696299388712,13.0,0.5157291850231095,-0.2598926770819579,,
688267,中触媒,成功,-0.028707127164178527,8.0,0.364526475107968,0.014169012709946196,,
688266,泽璟制药,成功,1.1385576607684778,24.253426861763,0.508136843505352,0.47238733599306476,,
688269,凯立新材,成功,0.08295464664547864,14.0,0.3326644986933664,0.10062573587547054,,
688268,华特气体,成功,-0.027613825979367974,27.191945827007295,0.6237987436288857,0.1001282831501861,,
688270,ST臻镭,成功,-0.46983644100103944,29.95,0.671351448301449,-0.37543862877166245,,
688271,联影医疗,成功,-0.5055264998596767,9.0,0.5205184727229518,-0.9337608532232079,,
688273,麦澜德,成功,-0.009551972053613718,15.0,0.4496215361721166,0.10070535656329198,,
688275,万润新能,成功,0.5192264307958132,18.05,0.42925755708627406,0.45579600515006896,,
688272,富吉瑞,成功,0.3024193158454704,24.0,0.492091968563385,0.2862115154023782,,
688276,百克生物,成功,-0.43245623229370744,11.0,0.45885091641678377,-0.6659177543519895,,
688279,峰岹科技,成功,-0.12884161485871998,29.555032348632814,0.5097026961646278,0.10837340060730231,,
688277,天智航,成功,-0.10290699330939387,30.1,0.4400975051114955,0.0020277304674537365,,
688278,特宝生物,成功,-0.15661158561966237,22.0,0.5041168246350494,-0.06324358886112233,,
688280,精进电动,成功,-0.04966143941917806,21.5370995759964,0.43451067756930983,0.08572322226020904,,
688281,华秦科技,成功,-0.7902137711494986,16.0,0.8322902301070495,-1.339616889900113,,
688282,理工导航,成功,0.10934262929784949,20.302588558197023,0.31224939041608507,0.17490679166541803,,
688283,坤恒顺维,成功,0.1039900337435669,16.513028979301453,0.5360332655424114,0.17576475865963653,,
688285,高铁电气,成功,-0.13562182229411382,13.0,0.35566784600055995,-0.07277253003635704,,
688286,敏芯股份,成功,-0.15561491463730984,36.736333799362185,0.5620842757467529,0.03348884834864344,,
688290,景业智能,成功,-0.3092182597698676,16.891070306301117,0.5321345576074467,-0.11847981756454631,,
688288,鸿泉技术,成功,-0.4296362011155485,29.858439445495605,0.6866970426653308,-0.22356706907589907,,
688289,圣湘生物,成功,-0.7106991810545087,12.1,0.7467450423923063,-1.202337605230288,,
688291,金橙子,成功,1.0445689450944702,20.0,0.3281612877648791,0.6959537023363932,,
688292,浩瀚深度,成功,-0.7850351268886948,22.530682420730592,0.839045182141745,-1.141620683362374,,
688293,奥浦迈,成功,-0.008153617981816642,13.7,0.35751662494913516,0.06503157395716938,,
688295,中复神鹰,成功,-0.336915665903706,14.95,0.5567119375306958,-0.3133975302328666,,
688296,和达科技,成功,-0.1923017693038909,15.0,0.32470115879354566,-0.1674305345175196,,
688297,中无人机,成功,-0.4646176731072146,8.95,0.5036463767724505,-0.7669814258706898,,
688298,东方生物,成功,-0.19094386336480457,29.228295421600343,0.6855300337218249,-0.02439028249806241,,
688299,长阳科技,成功,-0.12904344751739175,26.95,0.45866720550613593,-0.007036009701996552,,
688301,奕瑞科技,成功,-0.20644028410875515,31.1,0.7757218918344132,0.03358898789612221,,
688300,联瑞新材,成功,-0.1966295434968875,29.187555849552155,0.6208833033058049,0.000820415557428413,,
688302,海创药业,成功,0.7778232168466307,14.0,0.5502025952276276,0.5378321381521606,,
688303,大全能源,成功,0.00043032945629325694,9.0,0.2592303821916555,0.004082774057820432,,
688307,中润光学,成功,-0.24127342548016503,18.1,0.6031311170732756,-0.1023606885479007,,
688306,均普智能,成功,-0.29746924902547034,28.165416717529297,0.5476376609852859,-0.15458968242752102,,
688305,科德数控,成功,-0.5995715359348842,16.95,0.6978047095324784,-0.6939029810223676,,
688308,欧科亿,成功,1.3697967574137757,28.0,0.43787125452138553,0.5753673566242014,,
688309,恒誉环保,成功,0.4837412525468817,19.5,0.38437353999248136,0.31015162841944066,,
688311,盟升电子,成功,0.06965802738274869,21.95,0.4988640175936364,0.10484963914099077,,
688310,迈得医疗,成功,0.48818358606116175,24.14306390285492,0.5209689196439419,0.2905906004079988,,
688312,燕麦科技,成功,0.5292888781656729,27.0,0.5488094770220165,0.32044546738686586,,
688313,仕佳光子,成功,-0.5824565321066706,45.1,0.6271458617501311,-0.2703745421686296,,
688314,康拓医疗,成功,-0.1725022583468692,14.1,0.36226339492006604,-0.12217644370110252,,
688315,诺禾致源,成功,-0.4500002105873896,19.0,0.4500002105873896,-0.43966199074900414,,
688316,青云科技,成功,-0.48954765184946614,30.200000000000003,0.7182371919834197,-0.2097670339979545,,
688317,之江生物,成功,-0.60239146891847,14.0,0.60239146891847,-0.8008660260523788,,
688319,欧林生物,成功,3.200370601339398,22.0,0.44202010057227376,0.9778392752713092,,
688318,财富趋势,成功,-0.6400410332914888,32.20634459257126,0.6595338535018022,-0.43303330927398787,,
688320,禾川科技,成功,-0.3174649524753945,18.0,0.5349151027846444,-0.17562625723614195,,
688322,奥比中光,成功,-0.0036437275871424937,28.12130446434021,0.5233329940395662,0.1545359523846225,,
688323,瑞华泰,成功,-0.27531367344286,27.590970373153688,0.4554204840332292,-0.09499636965297502,,
688321,微芯生物,成功,-0.6037013555062082,21.115274786949158,0.7803793832088978,-0.6115191857202422,,
688325,赛微微电,成功,-0.2366518708155952,21.178824186325073,0.6816288548562457,-0.06900256343255068,,
688326,经纬恒润,成功,-0.731553903536119,27.05,0.7338579957205172,-0.841338188643155,,
688327,云从科技,成功,0.059943799155280725,22.0,0.5649545057688703,0.18148243484674367,,
688328,深科达,成功,3.284198383150625,28.939887583255768,0.6459636939038713,0.8587630210334827,,
688329,艾隆科技,成功,-0.5336498350416802,16.0,0.6286055855986552,-0.5976440003416973,,
688331,荣昌生物,成功,-0.2954129073778026,25.200000000000003,0.5921299177974978,-0.11259656872232972,,
688330,宏力达,成功,0.23297873739351388,21.0,0.41295803950946963,0.19483106889192203,,
688332,中科蓝讯,成功,0.22788190352724588,23.0,0.5116138092034277,0.30430710998743893,,
688334,西高院,成功,-0.308006628913367,10.0,0.36055389298111173,-0.45509411253917453,,
688333,铂力特,成功,0.752076720041351,23.5,0.45320717133065536,0.3761711306859625,,
688335,复洁科技,成功,1.6820426944522915,20.0,0.39999417658636605,0.660003302481063,,
688337,普源精电,成功,0.06807947890849392,23.1,0.5410896977885274,0.14999577839982017,,
688336,三生国健,成功,-0.07238674783935974,27.0,0.5484904764490841,0.04545537392408051,,
688343,云天励飞,成功,-0.1778062641905139,23.0,0.42023816495507016,0.0369315041087525,,
688338,赛科希德,成功,-0.5221008248620167,8.6,0.6213388157920589,-0.4930190525077038,,
688345,博力威,成功,1.2614435317609927,27.0,0.5292147296103616,0.5891988291611925,,
688339,亿华通,成功,-0.47620032638073884,15.0,0.6344920047617837,-0.30346466939603284,,
688347,华虹宏力,成功,1.9705805625395856,26.27208731174469,0.4211664318527292,1.1246662586375717,,
688348,昱能科技,成功,-0.2729194922611384,12.137144565582275,0.5383003461919627,-0.36063321947016225,,
688349,三一重能,成功,-0.597328778262814,9.0,0.5999651363492472,-1.2240660884129613,,
688351,微电生理,成功,-0.547461263535081,20.121183335781097,0.6077248601449169,-0.7248469405773006,,
688352,颀中科技,成功,-0.48134532922587886,22.0,0.6327073124642756,-0.484519110170619,,
688350,富淼科技,成功,-0.17707454074999404,17.0,0.5113498250995991,-0.03536737097861909,,
688353,华盛锂电,成功,1.189003452598452,23.54130482673645,0.3956856412652884,0.6767824343350779,,
688355,明志科技,成功,-0.2799505706497759,26.902090311050415,0.5375488706329979,-0.0816439181464463,,
688356,键凯科技,成功,-0.4499879241563445,28.13801860809326,0.6978320535323912,-0.25343130060013264,,
688357,建龙微纳,成功,0.21077904291027896,26.0,0.640384937155223,0.18598551634456134,,
688358,祥生医疗,成功,-0.7562540812392493,25.1,0.8267015213326644,-0.8298732988316314,,
688359,三孚新科,成功,3.1999418288381705,32.06845861673355,0.32270566763921193,0.9009118650307876,,
688361,中科飞测,成功,2.0743091886599396,23.051184844970702,0.5571073113446934,0.8756024790887615,,
688362,甬矽电子,成功,-0.09756063102338332,29.63502562046051,0.727173487812363,0.10188068291147001,,
688360,德马科技,成功,-0.6575176670320916,21.0,0.6575176670320916,-0.5017439931178874,,
688363,华熙生物,成功,-0.28539387613106026,26.0,0.6649864837595122,-0.1251670185668178,,
688365,光云科技,成功,0.6920238582195659,39.783435225486755,0.455893550812815,0.36631479883264667,,
688367,工大高科,成功,0.8756709074673766,17.05,0.5341882212301082,0.5209462736652113,,
688366,昊海生科,成功,0.769565609667036,25.286382007598874,0.4473261817175557,0.3752945577327098,,
688370,丛麟科技,成功,-0.29308105022837133,7.0,0.4083413003172721,-0.33843262776009764,,
688368,晶丰明源,成功,2.7054864495992854,44.370277881622314,0.7176412775546166,0.636492171427456,,
688371,菲沃泰,成功,0.057016093504249875,16.084541964530946,0.43675888441394395,0.1707479407561626,,
688369,致远互联,成功,-0.6942937014500203,24.0,0.7666418007586323,-0.6222795943255806,,
688372,伟测科技,成功,-0.3600790883293291,24.0,0.7128217714966908,-0.1618087402770713,,
688373,盟科药业,成功,-0.11027013773226761,19.387855172157288,0.45323235541507,-0.021221783955058804,,
688375,国博电子,成功,-0.2955920583404368,13.0,0.49585358630768556,-0.26348684317173415,,
688376,美埃科技,成功,0.3581710402568834,20.10932810306549,0.5201043074003601,0.37320924079626644,,
688380,中微半导,成功,0.049601714974692734,20.95,0.3887124193569541,0.16356560311889035,,
688377,迪威尔,成功,3.6205555917874985,26.0,0.34389601076171356,0.915141912470146,,
688378,奥来德,成功,0.085021043976238,30.15,0.5505303317086526,0.14446106221985955,,
688379,华光新材,成功,0.10768883352624267,29.0,0.5176759651626409,0.15786640018964038,,
688381,帝奥微,成功,-0.323314912439405,19.0,0.5679543503367854,-0.2526040143040298,,
688382,益方生物,成功,0.07252925026038065,18.135666131973267,0.5081003513085549,0.18268952252216888,,
688385,复旦微电,成功,1.3958707725708899,19.891815543174744,0.40109358034391673,0.645801976156013,,
688383,新益昌,成功,-0.565935489808954,32.348442947864534,0.6770392384545011,-0.4304858950540633,,
688387,信科移动,成功,2.3274533866631084,18.0,0.4295332889828128,1.0073599711945325,,
688386,泛亚微透,成功,-0.23580179404783513,25.1,0.5167495660266006,-0.09232046583814218,,
688389,普门科技,成功,-0.4609171091596751,24.197945594787598,0.7093301980504991,-0.3264870193634942,,
688388,嘉元科技,成功,0.4512972103546854,40.2,0.4983736811164999,0.30883820881099144,,
688391,钜泉科技,成功,-0.5759135110307068,6.919520616531372,0.7274396726461028,-0.734669583816344,,
688390,固德威,成功,-0.25793546011044777,33.95,0.7068573136723599,0.02393291746603407,,
688392,骄成超声,成功,-0.08057938840041956,24.05,0.7006215473094449,0.11540472511961272,,
688393,安必平,成功,-0.4778446144940498,16.2143559217453,0.49045519416199024,-0.5839172801560341,,
688395,正弦电气,成功,1.147050823360292,22.0,0.3096283550750936,0.5894140056175372,,
688396,华润微,成功,-0.4448998129564571,24.100234627723694,0.6735490003164829,-0.2613262946508469,,
688398,赛特新材,成功,-0.6859252494257833,23.90668672323227,0.7393500515399264,-0.6025275070515067,,
688400,凌云光,成功,0.6080179079705064,20.18067228794098,0.486207018319483,0.4634877413572125,,
688401,路维光电,成功,0.9098725770492756,16.6,0.33415614446962016,0.6246953019801221,,
688399,硕世生物,成功,-0.36199720512989597,24.1,0.7429336831764589,-0.21607765626675463,,
688403,汇成股份,成功,0.19484400478866767,25.0,0.650354222104691,0.25740307568253584,,
688411,海博思创,成功,0.14271103285324746,14.0,0.34602139386716846,0.4470756774616393,,
688409,富创精密,成功,1.0139178936805682,17.15,0.4688659544138961,0.6720245052133403,,
688410,山外山,成功,-0.6506822892860707,15.1,0.705829623221869,-0.7129611784693926,,
688408,中信博,成功,-0.741767911118491,30.049999999999997,0.7788211546304865,-0.642743946660554,,
688416,恒烁股份,成功,0.14680632520255488,26.40004575252533,0.5805632115825398,0.24787530984518674,,
688419,耐科装备,成功,-0.6857400861256439,16.1,0.7614238849559931,-0.8143887120348262,,
688420,美腾科技,成功,-0.547728257712161,10.0,0.547728257712161,-1.1821005348561069,,
688418,震有科技,成功,-0.5218908521459146,27.279789447784424,0.751232676547547,-0.2348675837057641,,
688426,康为世纪,成功,-0.2507493671840137,14.0,0.4518654796295522,-0.21030351250309198,,
688428,诺诚健华,成功,-0.3032850928232806,25.407111823558807,0.5238624600468117,-0.15827640211339278,,
688425,铁建重工,成功,-0.30200570308188546,15.0,0.49524391449907335,-0.2840528466729112,,
688429,时创能源,成功,-0.436202841916371,16.0,0.44837832487443124,-0.6072439828906273,,
688432,有研硅,成功,1.010528763448517,19.0,0.5252358995770027,0.690428100818445,,
688433,华曙高科,成功,4.665548571258806,29.300495171546935,0.34353614682632727,1.5787276032684203,,
688435,英方软件,成功,-0.5625612382391189,18.0,0.5631300693200852,-0.6692223759137109,,
688439,振华风光,成功,-0.3156187378828824,7.0,0.33792070513318434,-0.70578897898992,,
688449,联芸科技,成功,0.18837211768926004,9.0,0.34466743694400226,0.4869678181475758,,
688443,智翔金泰,成功,-0.5499025802060136,13.0,0.6125622278675377,-0.9722452149842638,,
688448,磁谷科技,成功,-0.22202871626128456,25.0,0.4572687182027741,-0.0730346368799831,,
688450,光格科技,成功,0.45972988191835584,13.1,0.5093493008914239,0.5367155996387946,,
688455,科捷智能,成功,0.0525541204507192,19.1,0.3689143353624482,0.1390198358304325,,
688458,美芯晟,成功,-0.6168975782133874,20.0,0.6222422070663622,-0.87863140351536,,
688456,有研粉材,成功,1.1928347578448695,29.22085107564926,0.37620627741617707,0.5676637873886625,,
688459,哈铁科技,成功,-0.2678079833065932,6.0,0.34998022973151877,-0.4705859952540621,,
688469,芯联集成,成功,0.15740600200883345,19.1,0.3702091656973658,0.2530264856166917,,
688472,阿特斯,成功,-0.17066291773365475,18.242637872695923,0.4473523116701708,-0.03460099547501985,,
688466,金科环境,成功,-0.41088241164552647,22.0,0.5029032791987711,-0.2980253913401425,,
688468,科美诊断,成功,-0.5135926546644946,17.95,0.5233586409598842,-0.6210693884162869,,
688478,晶升股份,成功,-0.5239561329877622,15.1,0.5667398593746986,-0.5600008977332892,,
688475,萤石网络,成功,-0.5786437957274474,9.0,0.5975353429333747,-0.9961076837062284,,
688479,友车科技,成功,-0.5078303339453695,12.0,0.5298514450488149,-0.6026063499877953,,
688480,赛恩斯,成功,0.28947618953342813,26.190911531448364,0.35710821867151593,0.3284591519636336,,
688484,南芯科技,成功,-0.4348302392078093,14.0,0.5401090170209407,-0.5709472867085467,,
688485,九州一轨,成功,0.6224044454317942,14.6,0.3246446159112333,0.5695353877147574,,
688486,龙迅股份,成功,-0.24814196685228074,13.93423342704773,0.44514353486852876,-0.10545760887420969,,
688496,*ST清越,成功,-0.29463167353224345,14.0,0.5126424965051514,-0.2373530788451354,,
688489,三未信安,成功,-0.5385291928555391,11.0,0.5730809012534439,-0.4906859300957775,,
688498,源杰科技,成功,0.5291649096900062,38.5,0.8307037048375467,0.49007968201089996,,
688488,艾迪药业,成功,-0.21737142646837457,25.0,0.500575709626936,-0.04451798483390503,,
688502,茂莱光学,成功,-0.4375754806537778,26.92231196165085,0.6198777323982612,-0.1560391294237302,,
688499,利元亨,成功,-0.29604204829945374,30.2110995054245,0.6054794611888864,-0.10288715222770892,,
688501,青达环保,成功,1.4995964627133382,20.95,0.45779024592853684,0.6960801398584986,,
688500,慧辰股份,成功,-0.16728902111910676,29.0,0.5376192102480329,-0.012982933139934302,,
688503,聚和材料,成功,-0.37190349186489174,18.95,0.6643717580380268,-0.1605588019603527,,
688506,百利天恒,成功,0.04758326338102852,25.701293921470644,0.38472690408506177,0.203555022491446,,
688507,索辰科技,成功,-0.5112531449032197,20.1,0.6319734975473245,-0.44787995292258226,,
688505,复旦张江,成功,-0.0772351891139122,13.0,0.47683347486480454,-0.08779479827608591,,
688509,正元地信,成功,-0.35608865667643075,16.465749859809875,0.4439598164776111,-0.2512619558744156,,
688508,芯朋微,成功,-0.5209537199865422,26.351415848731996,0.6441539875016885,-0.36803798472518046,,
688510,航亚科技,成功,-0.5543724713342426,21.0,0.725308003270117,-0.5314325621373404,,
688511,天微电子,成功,-0.3898716659142331,15.95,0.4939159690154408,-0.34697566576648226,,
688512,慧智微,成功,0.0914469113251222,19.82543787956238,0.4565753701498641,0.2133359144548548,,
688515,裕太微,成功,-0.4559547241550873,24.6672602891922,0.5083235453096971,-0.3210779905123945,,
688513,苑东生物,成功,0.2215779854334236,18.0,0.39853737102652786,0.19919679338365903,,
688517,金冠电气,成功,0.0059313969079717935,24.0,0.49505220280058293,0.08560008592529154,,
688516,奥特维,成功,-0.0064572248943705925,29.113164484500885,0.5676859463365685,0.12461255501632947,,
688518,联赢激光,成功,-0.3848909191729487,33.0,0.7575333589704588,-0.12181697968709806,,
688519,南亚新材,成功,3.390176796757583,45.251604843139646,0.5600580900355563,0.7909744204134613,,
688522,纳睿雷达,成功,-0.5744285013694028,10.0,0.7006518959789138,-0.6320755977371417,,
688520,神州细胞,成功,-0.2935221102688357,15.0,0.452289091286614,-0.273330970232876,,
688521,芯原股份,成功,0.7621529502590897,42.085616052150726,0.3679790016988641,0.39953038137001706,,
688523,航天环宇,成功,-0.10748001315588568,22.34359908103943,0.5869985008228377,0.11253817625000688,,
688525,佰维存储,成功,0.5720681520371281,30.457189536094667,0.6371802434377961,0.4931193686354631,,
688530,欧莱新材,成功,1.5680165677647828,16.707688808441162,0.5444123500701046,1.1848085745552905,,
688526,科前生物,成功,-0.366458819245184,19.0,0.4597088817765722,-0.4366562319405219,,
688528,秦川物联,成功,-0.38895983215134283,15.1,0.5325778940202668,-0.3350926419628885,,
688529,豪森智能,成功,-0.13423600465325217,28.044008791446686,0.5218579245329851,-0.016054855336076843,,
688531,日联科技,成功,-0.22844366959589998,13.23474279642105,0.4428808969350505,-0.020585915068890154,,
688535,华海诚科,成功,-0.16589695893379744,28.642708659172058,0.5082441820981944,0.04581989053585295,,
688533,上声电子,成功,-0.4164486256277188,23.003170824050905,0.6595130957192693,-0.23301734986838898,,
688539,高华科技,成功,-0.5321616236708682,12.0,0.6131961881631458,-0.6076290806117296,,
688545,兴福电子,成功,1.1394274432109879,11.0,0.3214402995090572,1.5893881678909751,,
688536,思瑞浦,成功,-0.14323055631576936,36.053054451942444,0.5119942065337243,0.06870534588362597,,
688538,和辉光电,成功,-0.45633168437451527,11.0,0.4598869341696066,-0.7903140677146534,,
688543,国科军工,成功,-0.0654791232385044,15.1,0.4021904082743045,0.046128597943119666,,
688548,广钢气体,成功,0.9162761805322076,13.0,0.41979020518715465,0.7954870632547659,,
688549,中巨芯,成功,0.018537976240989375,15.0,0.36651335446347544,0.18764577557164303,,
688552,航天南湖,成功,-0.47438662917487173,20.0,0.5225293532547707,-0.4262077342026371,,
688550,瑞联新材,成功,-0.633032216554181,16.230749130249023,0.7120549983945016,-0.49392315954490706,,
688551,科威尔,成功,-0.4085181774238401,27.0,0.624915267483731,-0.17364182796565802,,
688553,汇宇制药,成功,-0.6831026242369471,22.93416917324066,0.7117996219204191,-1.0196352390348145,,
688556,高测股份,成功,-0.33674991757108713,33.0,0.630941176304248,-0.10873596533582598,,
688557,兰剑智能,成功,-0.49256340085220557,16.0,0.6719475051999182,-0.3749450058233871,,
688558,国盛智科,成功,-0.12619428221400042,21.0,0.5995604471808113,-0.010886786805354471,,
688559,海目星,成功,-0.009441839524235402,35.01901916265488,0.5502931924053538,0.09292745832264586,,
688562,航天软件,成功,-0.28778805171974337,14.0,0.3790062952321831,-0.27010271879305536,,
688563,航材股份,成功,-0.20140451896439293,6.1,0.3713765798244194,-0.42278734569831716,,
688560,明冠新材,成功,-0.06582871528080751,29.95,0.5770645714995891,0.07475088384656293,,
688561,奇安信,成功,0.25909732460268425,13.1,0.44408340053043516,0.19147075858421886,,
688565,力源科技,成功,-0.4792404174359066,17.23601565361023,0.7098743163987914,-0.4520469050517369,,
688566,吉贝尔,成功,0.16521885186331128,18.28560063838959,0.4210069185692422,0.15137590050250874,,
688567,孚能科技,成功,-0.43704110775360117,26.0,0.7321315001871668,-0.2946974877888284,,
688568,中科星图,成功,-0.6042650273454548,30.0,0.6888769402296842,-0.42139654877046095,,
688570,天玛智控,成功,-0.44959739328569687,8.0,0.478804741952199,-1.1084188166581397,,
688569,铁科轨道,成功,-0.23933403643895218,19.0,0.6070605922828567,-0.09494126952247016,,
688573,信宇人,成功,0.18869113992376982,12.49959692955017,0.3693758723074855,0.2998314511839469,,
688571,杭华股份,成功,-0.5977937664607602,25.05,0.6758127251921615,-0.5494159605755382,,
688576,西山科技,成功,-0.5619951817953547,7.0,0.5897040610065473,-1.4735463112959488,,
688575,亚辉龙,成功,-0.2596644335493712,16.391762852668762,0.6233900006257669,-0.19894253162096054,,
688577,浙海德曼,成功,-0.6676941176834592,26.0,0.8122908515073259,-0.47265364376940355,,
688578,艾力斯,成功,1.9042570550965972,20.0,0.416771890663959,0.803584560460995,,
688579,地纬智能,成功,0.23841300581655728,21.0,0.36511588105023945,0.20152700265444315,,
688581,安杰思,成功,-0.6401469077934796,7.0,0.6869872129962407,-1.3520981525657225,,
688583,思看科技,成功,-0.33738322369913337,9.0,0.37777990272744205,-0.3040054375991323,,
688582,芯动联科,成功,-0.3046054749631653,12.0,0.4343258899115156,-0.30921599414910056,,
688580,伟思医疗,成功,0.4547632174260155,20.907890796661377,0.4495815204749356,0.2919177812139925,,
688584,上海合晶,成功,-0.09461425587298959,11.3056081533432,0.45922474792282597,-0.021460017789805583,,
688585,上纬新材,成功,7.6676331378811176,40.381423926353456,0.6046848607809853,0.468982778921475,,
688586,江航装备,成功,-0.6561682123764294,17.95,0.66372576984839,-0.6879081591642136,,
688588,凌志软件,成功,-0.42498928939765845,20.1,0.4865356714399535,-0.29838380955746,,
688589,力合微,成功,-0.8117380740997172,27.0,0.8584278404271094,-0.8577215286983929,,
688591,泰凌微,成功,0.1355762642352641,18.22400200366974,0.36121867876428687,0.2509442985993289,,
688592,司南导航,成功,-0.480624500008756,15.1,0.5909838263671031,-0.6890686968739368,,
688593,新相微,成功,-0.7589409926493402,24.881802892684938,0.7882136503444085,-1.0471310888124028,,
688590,新致软件,成功,-0.6525855976534982,35.95,0.6606184466075122,-0.46446399083308165,,
688595,芯海科技,成功,-0.7498503735288989,30.69349009990692,0.8738690288629012,-0.6921983927881733,,
688596,正帆科技,成功,-0.5137489374679134,28.0,0.763654846832871,-0.26657734358477114,,
688597,煜邦电力,成功,-0.17362288731009728,20.0,0.6593520725371002,-0.017788371533275452,,
688598,金博股份,成功,-0.5187679728941716,29.0,0.6938921048156084,-0.2813262549619412,,
688602,康鹏科技,成功,-0.48304494372280443,15.603559827804565,0.5748664889338481,-0.6704411360611678,,
688599,天合光能,成功,-0.6400380524562077,32.00933680534363,0.7966483418731318,-0.4571405194149099,,
688601,力芯微,成功,-0.5010962137129759,17.95,0.6560692392656283,-0.37886064644687334,,
688605,先锋精科,成功,0.522403915502815,8.1,0.30196419766455784,1.0957274414424107,,
688600,皖仪科技,成功,0.014240405925944652,26.1,0.49587901699166254,0.0753634414429645,,
688603,天承科技,成功,-0.14134237941180966,26.797718346118927,0.6882737890700832,0.14395629834275403,,
688606,奥泰生物,成功,-0.48950966347991176,15.290802454948425,0.7201157954828867,-0.43244175872400564,,
688607,康众医疗,成功,-0.205640665688226,22.780157387256622,0.6323407161065286,-0.09705830574955267,,
688608,恒玄科技,成功,-0.0325317416855786,24.082205128669738,0.5186338810377112,0.11926726618038652,,
688609,九联科技,成功,-0.6887860713838445,36.95737266540527,0.6991412304280699,-0.49840723937929077,,
688610,埃科光电,成功,0.3722204639909888,22.364423060417174,0.43276712605466594,0.44143969309175374,,
688612,威迈斯,成功,-0.2381603705590463,10.95,0.4366670606270211,-0.28153861763457566,,
688615,合合信息,成功,-0.4674644284242076,17.05,0.5590749982475842,-0.5613857098920807,,
688611,杭州柯林,成功,-0.4017501356092471,28.0,0.75830426572161,-0.19284632181153966,,
688613,奥精医疗,成功,-0.5001827918134668,16.0,0.5436125297911605,-0.5622614943847637,,
688616,西力科技,成功,-0.5248426605145033,11.0,0.620441456975559,-0.5529703615400576,,
688617,惠泰医疗,成功,-0.5159264347660241,19.087017369270324,0.6522654540861497,-0.24213925143049742,,
688618,三旺通信,成功,0.725659873772441,19.1,0.3980395309585614,0.40921917635847876,,
688619,罗普特,成功,-0.3856693034729281,24.85185308456421,0.5645019176685061,-0.20779851006211486,,
688620,安凯微,成功,-0.1821634185387616,17.229068517684937,0.4713191277171727,-0.11435359899777765,,
688621,阳光诺和,成功,-0.2164609664974957,17.10051691532135,0.39664200401069166,-0.0986259809533618,,
688623,双元科技,成功,0.3170435652639906,8.0,0.332056074766355,0.4215409050157443,,
688622,*ST禾信,成功,-0.33753671811148916,24.23189401626587,0.6752469831421472,-0.12657595681471154,,
688625,呈和科技,成功,-0.3324933340384117,17.159754633903503,0.5650589082913073,-0.18456931933856277,,
688627,精智达,成功,1.7692279289850272,30.95,0.5294229567353063,0.9480856366046397,,
688626,翔宇医疗,成功,-0.3139281485089466,20.0,0.5334848759529207,-0.1885206548185487,,
688629,华丰科技,成功,1.4411710548488614,36.833746671676636,0.4425669496430644,0.8221680736523796,,
688628,优利德,成功,-0.25365415130766383,24.15519881248474,0.6310474308371194,-0.07965401897811149,,
688635,长进光子,数据不足,,,,,,
688631,莱斯信息,成功,-0.1215437310085172,18.526760935783386,0.5414187835423379,-0.012367014323681542,,
688630,芯碁微装,成功,0.6445944582284867,35.6,0.6994126758333782,0.3984978723762922,,
688638,誉辰智能,成功,0.021049769572549847,7.0,0.3259510793763159,0.09901824954125503,,
688633,星球石墨,成功,-0.5743427524641761,17.0,0.6658919882041303,-0.5839405130859016,,
688636,智明达,成功,-0.5895662874976081,23.90557211637497,0.707210925916872,-0.40198982276446293,,
688639,华恒生物,成功,0.05048113333482746,21.95,0.5614027137637257,0.14333592182797358,,
688646,ST逸飞,成功,0.8354333956439691,8.7,0.32917216084269646,0.7481277073046575,,
688648,中邮科技,成功,-0.3249747635731005,13.379832935333251,0.5035443110451789,-0.2413937472635614,,
688651,盛邦安全,成功,-0.7010525398298015,14.940276145935059,0.7011628710975426,-1.1736131326266175,,
688652,京仪装备,成功,0.2512378575449888,23.0,0.38760093566614295,0.3965803098938108,,
688653,康希通信,成功,0.11951357311805273,12.104062390327453,0.4369063417201697,0.27553025169571504,,
688657,浩辰软件,成功,-0.4483390152169906,12.0,0.48577725017609735,-0.45668666288259874,,
688655,迅捷兴,成功,0.3132312863332144,30.0,0.4731668685339378,0.2732776427968024,,
688656,浩欧博,成功,-0.2638287623553192,26.139459371566772,0.5693750056459469,-0.07690912143193752,,
688658,悦康药业,成功,-0.49247657411489054,22.1,0.6812570807436221,-0.33302387074958695,,
688659,元琛科技,成功,-0.08807901192520061,22.20621609687805,0.43500250313041766,0.019018845150544392,,
688660,电气风电,成功,1.029766980544022,22.46625965833664,0.3002601086763526,0.5254364280754268,,
688661,和林微纳,成功,-0.5848475396601542,40.149708926677704,0.7222320938376262,-0.2513026110167643,,
688662,富信科技,成功,0.6893717286766059,40.6231565952301,0.550995842429068,0.4071899127966823,,
688663,新风光,成功,1.1810830421104712,25.0,0.39631922335511016,0.5640345500652695,,
688665,四方光电,成功,-0.6211593091470133,22.95,0.7152199430825187,-0.6449396163769373,,
688667,菱电电控,成功,0.4219835503791881,31.204529643058777,0.4719595033687831,0.31210571818795957,,
688668,鼎通科技,成功,-0.13985519305914976,39.1704377412796,0.804083810718296,0.12256364844653105,,
688671,碧兴物联,成功,-0.39545662743569626,13.1,0.5534089548137444,-0.5736176305404687,,
688669,聚石化学,成功,0.9403211447563171,18.911318600177765,0.31612304045238426,0.5119088422203164,,
688670,金迪克,成功,-0.13331574046119277,17.0,0.5120297275028735,-0.02765668035444106,,
688676,金盘科技,成功,-0.3627839453789835,35.39940083026886,0.6891185193351431,-0.030538443800044803,,
688677,海泰新光,成功,-0.49855083102214065,24.95,0.6360500500398815,-0.46600040138281984,,
688678,福立旺,成功,-0.4427996972640252,35.0,0.6802851990188481,-0.21731489386395986,,
688679,通源环境,成功,1.161805414743041,38.0,0.38410308373960905,0.5308181071298649,,
688681,科汇股份,成功,-0.07795452024848797,19.0,0.40863886015408935,-0.02917513981894574,,
688680,海优新材,成功,-0.4256002640068746,25.128191542625427,0.6659027957008113,-0.1891903916525614,,
688682,霍莱沃,成功,-0.6494595688121325,22.854830503463745,0.6946307755049321,-0.5128302555143854,,
688683,莱尔科技,成功,-0.10116494838278231,23.946020901203156,0.6193731950013962,0.010672202834745907,,
688685,迈信林,成功,-0.013218477618600882,26.75258833169937,0.5717948565673242,0.10573320541475574,,
688686,奥普特,成功,-0.3932614589739751,28.95,0.5790850188105433,-0.15777840351912462,,
688687,凯因科技,成功,-0.14650971613110772,25.0,0.42640216600251263,-0.003070954497422105,,
688689,银河微电,成功,-0.4117408629059591,25.0,0.7404829512762632,-0.23163291975781936,,
688691,灿芯股份,成功,0.2640601473396433,22.558983516693115,0.5002448809350175,0.4508435771532309,,
688692,达梦数据,成功,-0.3822801206290067,11.08401710987091,0.5964674404206163,-0.396828629282219,,
688690,纳微科技,成功,-0.6345496933913405,17.0,0.6445864789502228,-0.7726196742181134,,
688695,中创股份,成功,-0.44644222809981593,8.0,0.44983366441506545,-1.3484726168545245,,
688693,锴威特,成功,-0.6691859714657707,18.089547276496887,0.772317249551245,-0.7693019060028069,,
688696,极米科技,成功,-0.2908335850687958,12.95,0.42225108406219675,-0.34978257085020525,,
688697,纽威数控,成功,-0.5646340224027029,19.0,0.789310583722776,-0.3546802176812183,,
688698,伟创电气,成功,3.3308983347474657,44.35779643058777,0.3782134728909401,0.8219298240203683,,
688699,明微电子,成功,-0.17853887697806364,21.374402856826784,0.7189235854104887,-0.007471527340934993,,
688702,盛科通信,成功,2.08587031331008,29.0,0.38426071072973045,1.0473876136518594,,
688700,东威科技,成功,5.458091392367446,38.72345051765442,0.3618502797568976,1.108110989589006,,
688701,卓锦股份,成功,-0.2497977028419099,16.94675838947296,0.5431620026128126,-0.20179835761176312,,
688708,佳驰科技,成功,-0.005007732245232473,3.0,0.23745751696574907,-0.01720232086221837,,
688707,振华新材,成功,-0.24254502451842344,16.335920214653015,0.4325373214254293,-0.1456974491990154,,
688712,北芯生命,数据不足,,,,,,
688710,益诺思,成功,0.30393956843266207,11.100000000000001,0.3069797665726111,0.5739523811666076,,
688709,成都华微,成功,0.792344059904667,16.187666058540344,0.3913729347107015,0.8377746365759144,,
688717,艾罗能源,成功,-0.5013400810557465,23.12866771221161,0.6822778315208469,-0.6140387152200962,,
688716,中研股份,成功,-0.5759093953131095,20.235278367996216,0.6267376135103063,-0.6069473446425683,,
688711,宏微科技,成功,-0.09337929934477288,27.0,0.3581285223980607,0.0366512240511983,,
688719,爱科赛博,成功,-0.09692880947403158,19.0,0.515187944043388,0.0522999187476894,,
688720,艾森股份,成功,0.691963241701602,23.218318462371826,0.46062096139029046,0.690680909691002,,
688718,唯赛勃,成功,-0.23585842765909737,21.11663055419922,0.4203417986262574,-0.09721852471416854,,
688721,龙图光罩,成功,-0.03220646540169415,7.0,0.35002868090601774,0.032277855801900214,,
688727,恒坤新材,成功,0.22752545131254273,3.0,0.15629967454850435,1.7825243955843388,,
688729,屹唐股份,成功,-0.0022034915261850982,6.0,0.24652133580705,0.1559676555674604,,
688726,拉普拉斯,成功,-0.27378014053230465,8.95,0.33033556815633436,-0.7951557727087909,,
688722,同益中,成功,-0.18538617978756214,18.1,0.4689365066078631,-0.08565969946307975,,
688728,格科微,成功,-0.5482165639146391,19.0,0.6953374083198769,-0.6060371359124481,,
688737,中自科技,成功,-0.411856280992478,25.0,0.585460721286608,-0.318661965824943,,
688733,壹石通,成功,-0.23378603971766962,19.522365927696228,0.4609882308950179,-0.07033352562684922,,
688750,XD金天钛,成功,-0.2713006908676687,2.93114572763443,0.30029674924910305,-0.8530378393573977,,
688755,汉邦科技,成功,-0.06808069751680887,1.0,0.08900000000000016,-1.7614565759488272,,
688757,胜科纳米,成功,-0.32595884017468796,7.0,0.47541022513684544,-1.5047319200030072,,
688759,必贝特,成功,-0.23457130133281565,3.5,0.30493205194341927,-1.9970480959473895,,
688765,禾元生物,成功,-0.022250632456192108,0.5,0.09613956941351151,-0.27150791990753986,,
688758,赛分科技,成功,-0.08176343216446184,5.446018397808075,0.4077365351348269,-0.10349051112609185,,
688739,成大生物,成功,-0.5376904481492318,6.0,0.5542120405603146,-1.2554861876907966,,
688766,普冉股份,成功,-0.6003275141691118,40.70956766605377,0.8357410170193511,-0.17051473710348647,,
688767,博拓生物,成功,-0.36771694380833564,14.0,0.5402657545071641,-0.275597897455195,,
688768,容知日新,成功,0.14106280179458233,26.049999999999997,0.530729542620957,0.17913587237757042,,
688775,影石创新,成功,-0.42120288384133886,5.0,0.4224293888445901,-3.415132865192658,,
688772,珠海冠宇,成功,-0.5909330202315768,16.0,0.7097269522009714,-0.7060874467843326,,
688776,国光电气,成功,0.3274254792231167,25.0,0.49990585274506577,0.2835268370850389,,
688781,视涯科技,数据不足,,,,,,
688783,西安奕材,成功,0.31998292898947167,3.0,0.11797752808988776,1.9597546362223988,,
688785,恒运昌,数据不足,,,,,,
688778,厦钨新能,成功,0.6727534532854497,22.725843739509582,0.42371602374739176,0.43506907285091595,,
688779,五矿新能,成功,0.4810831859332084,17.0,0.3407176334973028,0.3788796233857068,,
688777,中控技术,成功,-0.39016100471197357,16.153590977191925,0.6327639631643109,-0.23294744724660937,,
688786,悦安新材,成功,0.08843404460368445,19.264611840248108,0.5224359030866534,0.13661638662454323,,
688790,昂瑞微,数据不足,,,,,,
688787,海天瑞声,成功,1.2477352722093467,37.33782262802124,0.7184493301731378,0.5658243196831998,,
688795,摩尔线程,数据不足,,,,,,
688796,百奥赛图,数据不足,,,,,,
688797,臻宝科技,数据不足,,,,,,
688789,宏华数科,成功,-0.4060540094781303,13.937176287174225,0.6271866702709551,-0.41264087593914206,,
688788,科思科技,成功,-0.6032641925164695,18.1,0.6875968270291678,-0.477825294710778,,
688793,倍轻松,成功,-0.7145001992855774,16.95,0.7188622934196732,-1.185170039188017,,
688802,沐曦股份,数据不足,,,,,,
688805,健信超导,数据不足,,,,,,
688806,泰诺麦博,数据不足,,,,,,
688807,优迅股份,数据不足,,,,,,
688808,联讯仪器,数据不足,,,,,,
688809,强一股份,数据不足,,,,,,
688811,有研复材,数据不足,,,,,,
688813,泰金新能,数据不足,,,,,,
688816,易思维,数据不足,,,,,,
688818,电科蓝天,数据不足,,,,,,
688798,艾为电子,成功,-0.7182327214057745,21.0,0.7268640879639131,-1.0306620990893127,,
688820,盛合晶微,数据不足,,,,,,
688825,C长鑫,数据不足,,,,,,
688799,华纳药厂,成功,0.37005252688560986,21.0,0.4453236096745337,0.29947068372164715,,
688800,瑞可达,成功,0.07068053925791887,29.1,0.5080383120185673,0.21130134728069416,,
688819,天能股份,成功,-0.2276972879345037,17.190481781959534,0.5778146420479429,-0.1357221541235439,,
688981,中芯国际,成功,-0.5598029771437326,19.45,0.58985147753133,-0.48999012505065276,,
689009,九号公司,成功,-0.02700488223623077,15.0,0.5581419673116855,0.015060874287635499,,
